[
  {
    "_id": "6941a75a08687cb5c9c359ad",
    "sourceKey": "table_2_16_row_2",
    "studentId": "6941a739ec9491d30bcf4044",
    "templateId": "6935ace250527885e27f4c51",
    "__v": 0,
    "assignmentId": "6941a739ec9491d30bcf4051",
    "languages": [
      "lb",
      "fr",
      "en"
    ],
    "recordedAt": "2025-12-16T19:15:01.714Z",
    "recordedBy": "6937345bba6658cc2b66a553",
    "skillText": "Je sais nommer tous les élèves de la classe et les adultes du cycle."
  },
  {
    "_id": "6941a75c08687cb5c9c359ae",
    "sourceKey": "table_2_16_row_1",
    "studentId": "6941a739ec9491d30bcf4044",
    "templateId": "6935ace250527885e27f4c51",
    "__v": 0,
    "assignmentId": "6941a739ec9491d30bcf4051",
    "languages": [
      "lb",
      "fr",
      "en"
    ],
    "recordedAt": "2025-12-16T19:04:12.225Z",
    "recordedBy": "6930b59cf7aca9a6156cd995",
    "skillText": "Je sais nommer mes copains de classe et quelques adultes qui s’occupent de moi."
  },
  {
    "_id": "6941a75d08687cb5c9c359af",
    "sourceKey": "table_2_16_row_0",
    "studentId": "6941a739ec9491d30bcf4044",
    "templateId": "6935ace250527885e27f4c51",
    "__v": 0,
    "assignmentId": "6941a739ec9491d30bcf4051",
    "languages": [
      "lb",
      "fr",
      "en"
    ],
    "recordedAt": "2025-12-16T19:01:44.930Z",
    "recordedBy": "6929e1d1e358ca0ef47a3286",
    "skillText": "Je sais reconnaitre mes enseignantes et mes copains de classe."
  },
  {
    "_id": "6941a80d08687cb5c9c359b0",
    "templateId": "6935ace250527885e27f4c51",
    "sourceKey": "table_2_19_row_2",
    "studentId": "6941a739ec9491d30bcf4044",
    "__v": 0,
    "assignmentId": "6941a739ec9491d30bcf4051",
    "languages": [],
    "recordedAt": "2025-12-16T18:42:22.678Z",
    "recordedBy": "6929e1d1e358ca0ef47a3286",
    "skillText": "Je sais respecter la consigne, m’appliquer et terminer mon travail."
  },
  {
    "_id": "6941ae8d08687cb5c9c359b3",
    "studentId": "6933529eefea611c0ce3a141",
    "templateId": "6935ace250527885e27f4c51",
    "sourceKey": "table_2_16_row_2",
    "__v": 0,
    "assignmentId": "693e941908687cb5c9c359a4",
    "languages": [
      "fr",
      "en"
    ],
    "recordedAt": "2025-12-16T19:14:48.485Z",
    "recordedBy": "6937345bba6658cc2b66a553",
    "skillText": "Je sais nommer tous les élèves de la classe et les adultes du cycle."
  },
  {
    "_id": "6941ea8c08687cb5c9c359b4",
    "sourceKey": "table_2_16_row_1",
    "studentId": "6930c295a242336b2697c03b",
    "templateId": "6935ace250527885e27f4c51",
    "__v": 0,
    "assignmentId": "693e941708687cb5c9c359a0",
    "languages": [
      "lb",
      "fr",
      "en"
    ],
    "recordedAt": "2025-12-16T23:26:34.064Z",
    "recordedBy": "6930b59cf7aca9a6156cd995",
    "skillText": "Je sais nommer mes copains de classe et quelques adultes qui s’occupent de moi."
  },
  {
    "_id": "6942fcd708687cb5c9c359b9",
    "sourceKey": "table_2_16_row_0",
    "studentId": "6942fcaff2c0f04e7e6e611d",
    "templateId": "6935ace250527885e27f4c51",
    "__v": 0,
    "assignmentId": "6942fcaff2c0f04e7e6e612a",
    "languages": [
      "lb",
      "fr",
      "en"
    ],
    "recordedAt": "2025-12-17T18:56:52.016Z",
    "recordedBy": "6929e1d1e358ca0ef47a3286",
    "skillText": "Je sais reconnaitre mes enseignantes et mes copains de classe."
  },
  {
    "_id": "6942fd7d08687cb5c9c359ba",
    "sourceKey": "table_2_16_row_1",
    "studentId": "6942fcaff2c0f04e7e6e611d",
    "templateId": "6935ace250527885e27f4c51",
    "__v": 0,
    "assignmentId": "6942fcaff2c0f04e7e6e612a",
    "languages": [
      "lb",
      "fr",
      "en"
    ],
    "recordedAt": "2025-12-17T18:59:27.138Z",
    "recordedBy": "6930b59cf7aca9a6156cd995",
    "skillText": "Je sais nommer mes copains de classe et quelques adultes qui s’occupent de moi."
  },
  {
    "_id": "69430c9d08687cb5c9c359bb",
    "templateId": "6935ace250527885e27f4c51",
    "sourceKey": "table_2_16_row_0",
    "studentId": "69430b076192461a16776089",
    "__v": 0,
    "assignmentId": "69430b076192461a16776096",
    "languages": [
      "lb",
      "fr",
      "en"
    ],
    "recordedAt": "2025-12-17T20:03:48.221Z",
    "recordedBy": "6930b59cf7aca9a6156cd995",
    "skillText": "Je sais reconnaitre mes enseignantes et mes copains de classe."
  },
  {
    "_id": "69430df808687cb5c9c359bc",
    "sourceKey": "table_2_16_row_0",
    "studentId": "69430dd56192461a1677687a",
    "templateId": "6935ace250527885e27f4c51",
    "__v": 0,
    "assignmentId": "69430dd56192461a16776887",
    "languages": [
      "lb",
      "fr",
      "en"
    ],
    "recordedAt": "2025-12-18T19:20:21.871Z",
    "recordedBy": "6929e1d1e358ca0ef47a3286",
    "skillText": "Je sais reconnaitre mes enseignantes et mes copains de classe."
  }
]