[
  {
    "_id": "692b558141017224e85abb6a",
    "templateAssignmentId": "692b5542ecb50b294466fe6f",
    "subAdminId": "6929e1e1e358ca0ef47a328a",
    "signedAt": "2025-11-29T20:20:17.144Z",
    "status": "signed",
    "__v": 0
  },
  {
    "_id": "692f645c5768b71d04eb24d4",
    "templateAssignmentId": "692cad96ecb50b294466fe82",
    "subAdminId": "6929e1e1e358ca0ef47a328a",
    "signedAt": "2025-12-02T22:12:44.782Z",
    "status": "signed",
    "__v": 0
  },
  {
    "_id": "693f0cab937d8c4595847c31",
    "templateAssignmentId": "693dd28b08687cb5c9c35992",
    "subAdminId": "6929e1e1e358ca0ef47a328a",
    "signedAt": "2025-12-14T19:14:51.794Z",
    "status": "signed",
    "type": "standard",
    "__v": 0
  },
  {
    "_id": "693f2088c5433bb16e950930",
    "templateAssignmentId": "693dd28b08687cb5c9c35995",
    "subAdminId": "6929e1e1e358ca0ef47a328a",
    "signedAt": "2025-12-14T20:39:36.916Z",
    "status": "signed",
    "type": "standard",
    "__v": 0
  },
  {
    "_id": "693f2404c5433bb16e950e2b",
    "templateAssignmentId": "693dd28b08687cb5c9c35994",
    "subAdminId": "6929e1e1e358ca0ef47a328a",
    "signedAt": "2025-12-14T20:54:28.865Z",
    "status": "signed",
    "type": "standard",
    "__v": 0
  },
  {
    "_id": "693f2439c5433bb16e951038",
    "templateAssignmentId": "693dd28b08687cb5c9c35991",
    "subAdminId": "6929e1e1e358ca0ef47a328a",
    "signedAt": "2025-12-14T20:55:21.651Z",
    "status": "signed",
    "type": "standard",
    "__v": 0
  },
  {
    "_id": "693f2b41c350b9ff38ff7c7b",
    "templateAssignmentId": "693dd28b08687cb5c9c35995",
    "subAdminId": "6929e1e1e358ca0ef47a328a",
    "signedAt": "2025-12-14T21:25:21.703Z",
    "status": "signed",
    "type": "end_of_year",
    "__v": 0
  },
  {
    "_id": "693f3263800ec8ca4fa91d2d",
    "templateAssignmentId": "693f3244800ec8ca4fa91a27",
    "subAdminId": "6929e1e1e358ca0ef47a328a",
    "signedAt": "2025-12-14T21:55:47.667Z",
    "status": "signed",
    "type": "standard",
    "__v": 0
  },
  {
    "_id": "693f3295800ec8ca4fa9206e",
    "templateAssignmentId": "693f3244800ec8ca4fa91a27",
    "subAdminId": "6929e1e1e358ca0ef47a328a",
    "signedAt": "2025-12-14T21:56:37.170Z",
    "status": "signed",
    "type": "end_of_year",
    "__v": 0
  },
  {
    "_id": "693f3aa5124d6d2322f25cd9",
    "templateAssignmentId": "693f3a85124d6d2322f259b7",
    "subAdminId": "6929e1e1e358ca0ef47a328a",
    "signedAt": "2025-12-14T22:31:01.126Z",
    "status": "signed",
    "type": "standard",
    "__v": 0
  },
  {
    "_id": "693f3ae1124d6d2322f26039",
    "templateAssignmentId": "693f3a85124d6d2322f259b7",
    "subAdminId": "6929e1e1e358ca0ef47a328a",
    "signedAt": "2025-12-14T22:32:01.123Z",
    "status": "signed",
    "type": "end_of_year",
    "__v": 0
  },
  {
    "_id": "693f47d4b16d339bd625a7ad",
    "templateAssignmentId": "693f35395a4eddbac1fb8c32",
    "subAdminId": "6929e1e1e358ca0ef47a328a",
    "signedAt": "2025-12-14T23:27:16.566Z",
    "status": "signed",
    "type": "standard",
    "__v": 0
  },
  {
    "_id": "693f510860a643cdf3192a3c",
    "templateAssignmentId": "693f4c635023ac09f471c4b8",
    "subAdminId": "6929e1e1e358ca0ef47a328a",
    "signedAt": "2025-12-15T00:06:32.287Z",
    "status": "signed",
    "type": "standard",
    "__v": 0
  },
  {
    "_id": "693f52c03766d2c0e51baf63",
    "templateAssignmentId": "693f47f2b16d339bd625a7fe",
    "subAdminId": "6929e1e1e358ca0ef47a328a",
    "signedAt": "2025-12-15T00:13:52.620Z",
    "status": "signed",
    "type": "standard",
    "__v": 0
  },
  {
    "_id": "693f52fa3766d2c0e51bb2ed",
    "templateAssignmentId": "693f52d93766d2c0e51bafa0",
    "subAdminId": "6929e1e1e358ca0ef47a328a",
    "signedAt": "2025-12-15T00:14:50.811Z",
    "status": "signed",
    "type": "standard",
    "__v": 0
  },
  {
    "_id": "693f53273766d2c0e51bb673",
    "templateAssignmentId": "693f52d93766d2c0e51bafa0",
    "subAdminId": "6929e1e1e358ca0ef47a328a",
    "signedAt": "2025-12-15T00:15:35.176Z",
    "status": "signed",
    "type": "end_of_year",
    "__v": 0
  },
  {
    "_id": "6941ac63a5fffce5b8305437",
    "templateAssignmentId": "6941a739ec9491d30bcf4051",
    "subAdminId": "6929e1e1e358ca0ef47a328a",
    "signedAt": "2025-12-16T19:00:51.140Z",
    "status": "signed",
    "type": "standard",
    "level": "PS",
    "__v": 0
  },
  {
    "_id": "6941accca5fffce5b8305773",
    "templateAssignmentId": "6941a739ec9491d30bcf4051",
    "subAdminId": "6929e1e1e358ca0ef47a328a",
    "signedAt": "2025-12-16T19:02:36.950Z",
    "status": "signed",
    "type": "end_of_year",
    "level": "PS",
    "__v": 0
  },
  {
    "_id": "6941ad46a5fffce5b8305aad",
    "templateAssignmentId": "6941a739ec9491d30bcf4051",
    "subAdminId": "6929e1e1e358ca0ef47a328a",
    "signedAt": "2025-12-16T19:04:38.852Z",
    "status": "signed",
    "type": "standard",
    "level": "MS",
    "__v": 0
  },
  {
    "_id": "6941ada6a5fffce5b8305d60",
    "templateAssignmentId": "6941a739ec9491d30bcf4051",
    "subAdminId": "6929e1e1e358ca0ef47a328a",
    "signedAt": "2025-12-16T19:06:14.389Z",
    "status": "signed",
    "type": "end_of_year",
    "level": "MS",
    "__v": 0
  },
  {
    "_id": "6941eab67e4ffabf7be2e3ad",
    "templateAssignmentId": "693e941708687cb5c9c359a0",
    "subAdminId": "6929e1e1e358ca0ef47a328a",
    "signedAt": "2025-12-16T23:26:46.740Z",
    "status": "signed",
    "type": "standard",
    "level": "MS",
    "__v": 0
  },
  {
    "_id": "6941eaed7e4ffabf7be2e68f",
    "templateAssignmentId": "693e941708687cb5c9c359a0",
    "subAdminId": "6929e1e1e358ca0ef47a328a",
    "signedAt": "2025-12-16T23:27:41.649Z",
    "status": "signed",
    "type": "end_of_year",
    "level": "MS",
    "__v": 0
  },
  {
    "_id": "6941ebbf7e4ffabf7be2ec08",
    "templateAssignmentId": "693e941708687cb5c9c359a0",
    "subAdminId": "6929e1e1e358ca0ef47a328a",
    "signedAt": "2025-12-16T23:31:11.192Z",
    "status": "signed",
    "type": "standard",
    "level": "GS",
    "__v": 0
  },
  {
    "_id": "6941ebd87e4ffabf7be2ed53",
    "templateAssignmentId": "693e941708687cb5c9c359a0",
    "subAdminId": "6929e1e1e358ca0ef47a328a",
    "signedAt": "2025-12-16T23:31:36.889Z",
    "status": "signed",
    "type": "end_of_year",
    "level": "GS",
    "__v": 0
  },
  {
    "_id": "6941ec497e4ffabf7be2f11b",
    "templateAssignmentId": "6941ec237e4ffabf7be2ee79",
    "subAdminId": "6929e1e1e358ca0ef47a328a",
    "signedAt": "2025-12-16T23:33:29.476Z",
    "status": "signed",
    "type": "standard",
    "level": "PS",
    "__v": 0
  },
  {
    "_id": "6941ec7a7e4ffabf7be2f417",
    "templateAssignmentId": "6941ec237e4ffabf7be2ee79",
    "subAdminId": "6929e1e1e358ca0ef47a328a",
    "signedAt": "2025-12-16T23:34:18.849Z",
    "status": "signed",
    "type": "end_of_year",
    "level": "PS",
    "__v": 0
  },
  {
    "_id": "6941ecc87e4ffabf7be2f7b6",
    "templateAssignmentId": "6941ec237e4ffabf7be2ee79",
    "subAdminId": "6929e1e1e358ca0ef47a328a",
    "signedAt": "2025-12-16T23:35:36.455Z",
    "status": "signed",
    "type": "standard",
    "level": "MS",
    "__v": 0
  },
  {
    "_id": "6941ecf57e4ffabf7be2fa61",
    "templateAssignmentId": "6941ec237e4ffabf7be2ee79",
    "subAdminId": "6929e1e1e358ca0ef47a328a",
    "signedAt": "2025-12-16T23:36:21.265Z",
    "status": "signed",
    "type": "end_of_year",
    "level": "MS",
    "__v": 0
  },
  {
    "_id": "6941ed2a7e4ffabf7be2fd06",
    "templateAssignmentId": "6941ec237e4ffabf7be2ee79",
    "subAdminId": "6929e1e1e358ca0ef47a328a",
    "signedAt": "2025-12-16T23:37:14.477Z",
    "status": "signed",
    "type": "standard",
    "level": "GS",
    "__v": 0
  },
  {
    "_id": "6941ed557e4ffabf7be2ff73",
    "templateAssignmentId": "6941ec237e4ffabf7be2ee79",
    "subAdminId": "6929e1e1e358ca0ef47a328a",
    "signedAt": "2025-12-16T23:37:57.084Z",
    "status": "signed",
    "type": "end_of_year",
    "level": "GS",
    "__v": 0
  },
  {
    "_id": "6941f02e259d5be8741b3f4e",
    "templateAssignmentId": "6941a739ec9491d30bcf4051",
    "subAdminId": "6929e1e1e358ca0ef47a328a",
    "signedAt": "2025-12-16T23:50:06.164Z",
    "status": "signed",
    "type": "standard",
    "level": "GS",
    "__v": 0
  },
  {
    "_id": "6941f02f259d5be8741b3f7b",
    "templateAssignmentId": "6941a739ec9491d30bcf4051",
    "subAdminId": "6929e1e1e358ca0ef47a328a",
    "signedAt": "2025-12-16T23:50:07.144Z",
    "status": "signed",
    "type": "end_of_year",
    "level": "GS",
    "__v": 0
  },
  {
    "_id": "6942fd03f2c0f04e7e6e640f",
    "templateAssignmentId": "6942fcaff2c0f04e7e6e612a",
    "subAdminId": "6929e1e1e358ca0ef47a328a",
    "signedAt": "2025-12-17T18:57:07.882Z",
    "status": "signed",
    "type": "standard",
    "level": "PS",
    "__v": 0
  },
  {
    "_id": "6942fd32f2c0f04e7e6e6721",
    "templateAssignmentId": "6942fcaff2c0f04e7e6e612a",
    "subAdminId": "6929e1e1e358ca0ef47a328a",
    "signedAt": "2025-12-17T18:57:54.107Z",
    "status": "signed",
    "type": "end_of_year",
    "level": "PS",
    "__v": 0
  },
  {
    "_id": "6942fd9cf2c0f04e7e6e6a25",
    "templateAssignmentId": "6942fcaff2c0f04e7e6e612a",
    "subAdminId": "6929e1e1e358ca0ef47a328a",
    "signedAt": "2025-12-17T18:59:40.013Z",
    "status": "signed",
    "type": "standard",
    "level": "MS",
    "__v": 0
  },
  {
    "_id": "6942fdc7f2c0f04e7e6e6cc8",
    "templateAssignmentId": "6942fcaff2c0f04e7e6e612a",
    "subAdminId": "6929e1e1e358ca0ef47a328a",
    "signedAt": "2025-12-17T19:00:23.699Z",
    "status": "signed",
    "type": "end_of_year",
    "level": "MS",
    "__v": 0
  },
  {
    "_id": "6942fe3cf2c0f04e7e6e702c",
    "templateAssignmentId": "6942fcaff2c0f04e7e6e612a",
    "subAdminId": "6929e1e1e358ca0ef47a328a",
    "signedAt": "2025-12-17T19:02:20.248Z",
    "status": "signed",
    "type": "standard",
    "level": "GS",
    "__v": 0
  },
  {
    "_id": "6942fe6cf2c0f04e7e6e72ba",
    "templateAssignmentId": "6942fcaff2c0f04e7e6e612a",
    "subAdminId": "6929e1e1e358ca0ef47a328a",
    "signedAt": "2025-12-17T19:03:08.437Z",
    "status": "signed",
    "type": "end_of_year",
    "level": "GS",
    "__v": 0
  },
  {
    "_id": "694301f092ee8d200a3a95ff",
    "templateAssignmentId": "694301d192ee8d200a3a935a",
    "subAdminId": "6929e1e1e358ca0ef47a328a",
    "signedAt": "2025-12-17T19:18:08.692Z",
    "status": "signed",
    "type": "standard",
    "level": "PS",
    "__v": 0
  },
  {
    "_id": "6943021e92ee8d200a3a995a",
    "templateAssignmentId": "694301d192ee8d200a3a935a",
    "subAdminId": "6929e1e1e358ca0ef47a328a",
    "signedAt": "2025-12-17T19:18:54.010Z",
    "status": "signed",
    "type": "end_of_year",
    "level": "PS",
    "__v": 0
  },
  {
    "_id": "69430b2f6192461a1677630b",
    "templateAssignmentId": "69430b076192461a16776096",
    "subAdminId": "6929e1e1e358ca0ef47a328a",
    "signedAt": "2025-12-17T19:57:35.054Z",
    "status": "signed",
    "type": "standard",
    "level": "PS",
    "__v": 0
  },
  {
    "_id": "69430b5e6192461a167765f0",
    "templateAssignmentId": "69430b076192461a16776096",
    "subAdminId": "6929e1e1e358ca0ef47a328a",
    "signedAt": "2025-12-17T19:58:22.184Z",
    "status": "signed",
    "type": "end_of_year",
    "level": "PS",
    "__v": 0
  },
  {
    "_id": "69430e2a6192461a16776b60",
    "templateAssignmentId": "69430dd56192461a16776887",
    "subAdminId": "6929e1e1e358ca0ef47a328a",
    "signedAt": "2025-12-17T20:10:18.103Z",
    "status": "signed",
    "type": "end_of_year",
    "level": "PS",
    "__v": 0
  }
]