[
  {
    "_id": "692c1623106792a8e7693b9b",
    "subAdminId": "6929e1e1e358ca0ef47a328a",
    "templateId": "6920c75853ca32933c90bdbb",
    "pageIndex": 0,
    "blockIndex": 6,
    "originalText": "efsewewfwef",
    "suggestedText": "xxvxvvxvxvxvxxv",
    "status": "pending",
    "createdAt": "2025-11-30T10:02:11.613Z",
    "updatedAt": "2025-11-30T10:02:11.613Z",
    "__v": 0
  },
  {
    "_id": "6933f5309bb1268ff4f69f80",
    "subAdminId": "6929e1e1e358ca0ef47a328a",
    "templateId": "692f694e4eeb0ab41ee5711e",
    "pageIndex": 0,
    "blockIndex": 3,
    "originalText": "Option 1",
    "suggestedText": "option 3",
    "status": "pending",
    "createdAt": "2025-12-06T09:19:44.704Z",
    "updatedAt": "2025-12-06T09:19:44.704Z",
    "__v": 0
  },
  {
    "_id": "6933f775e725861de500e100",
    "subAdminId": "6929e1e1e358ca0ef47a328a",
    "templateId": "692f694e4eeb0ab41ee5711e",
    "pageIndex": 0,
    "blockIndex": 3,
    "originalText": "Option 1\nOption 2",
    "suggestedText": "jjj",
    "status": "pending",
    "createdAt": "2025-12-06T09:29:25.252Z",
    "updatedAt": "2025-12-06T09:29:25.252Z",
    "__v": 0
  },
  {
    "_id": "6933f77ae725861de500e104",
    "subAdminId": "6929e1e1e358ca0ef47a328a",
    "templateId": "692f694e4eeb0ab41ee5711e",
    "pageIndex": 0,
    "blockIndex": 3,
    "originalText": "Option 1",
    "suggestedText": "nnn",
    "status": "pending",
    "createdAt": "2025-12-06T09:29:30.947Z",
    "updatedAt": "2025-12-06T09:29:30.947Z",
    "__v": 0
  },
  {
    "_id": "69447bf0854eb287a95802e4",
    "subAdminId": "6929e1e1e358ca0ef47a328a",
    "type": "semester_request",
    "originalText": "Passage Semestre 2",
    "suggestedText": "Demande de passage au Semestre 2.\n\nNote: dvvdvdvddv",
    "status": "pending",
    "createdAt": "2025-12-18T22:10:56.407Z",
    "updatedAt": "2025-12-18T22:10:56.407Z",
    "__v": 0
  }
]