[
  {
    "_id": "696f32e8d869e7bf1e1b6fa8",
    "userId": "6969e173827809378fcb57a8",
    "userName": "Admin",
    "userRole": "ADMIN",
    "action": "EMPTY_DATABASE",
    "details": {
      "adminsPreserved": 1,
      "levelsReseeded": true
    },
    "timestamp": "2026-01-20T07:46:48.777Z",
    "ipAddress": "::1",
    "__v": 0
  },
  {
    "_id": "696f32fdd869e7bf1e1b6fba",
    "userId": "6969e173827809378fcb57a8",
    "userName": "Admin",
    "userRole": "ADMIN",
    "action": "LOGIN",
    "details": {
      "email": "admin"
    },
    "timestamp": "2026-01-20T07:47:09.883Z",
    "ipAddress": "::1",
    "__v": 0
  },
  {
    "_id": "696f33f3d869e7bf1e1b7797",
    "userId": "6969e173827809378fcb57a8",
    "userName": "Admin",
    "userRole": "ADMIN",
    "action": "CREATE_BACKUP",
    "details": {
      "filename": "backup-db-2026-01-20T07-51-14-948Z.zip",
      "modelsBackedUp": 29
    },
    "timestamp": "2026-01-20T07:51:15.489Z",
    "ipAddress": "::1",
    "__v": 0
  }
]