[
  {
    "_id": "696f331dd869e7bf1e1b7089",
    "name": "PS B",
    "level": "PS",
    "schoolYearId": "696f3304d869e7bf1e1b6fe4",
    "__v": 0
  },
  {
    "_id": "696f331dd869e7bf1e1b7096",
    "name": "PS D",
    "level": "PS",
    "schoolYearId": "696f3304d869e7bf1e1b6fe4",
    "__v": 0
  },
  {
    "_id": "696f331dd869e7bf1e1b70b2",
    "name": "PS A",
    "level": "PS",
    "schoolYearId": "696f3304d869e7bf1e1b6fe4",
    "__v": 0
  },
  {
    "_id": "696f331dd869e7bf1e1b70c1",
    "name": "PS C",
    "level": "PS",
    "schoolYearId": "696f3304d869e7bf1e1b6fe4",
    "__v": 0
  },
  {
    "_id": "696f331dd869e7bf1e1b70ea",
    "name": "PS F",
    "level": "PS",
    "schoolYearId": "696f3304d869e7bf1e1b6fe4",
    "__v": 0
  },
  {
    "_id": "696f331dd869e7bf1e1b7113",
    "name": "PS E",
    "level": "PS",
    "schoolYearId": "696f3304d869e7bf1e1b6fe4",
    "__v": 0
  }
]