[
  {
    "_id": "696f3320d869e7bf1e1b7735",
    "addedCount": 131,
    "updatedCount": 0,
    "errorCount": 1,
    "reportJson": "[{\"status\":\"error\",\"message\":\"invalid_dateOfBirth\"},{\"status\":\"added\",\"studentId\":\"696f331dd869e7bf1e1b7086\",\"classId\":\"696f331dd869e7bf1e1b7089\"},{\"status\":\"added\",\"studentId\":\"696f331dd869e7bf1e1b7093\",\"classId\":\"696f331dd869e7bf1e1b7096\"},{\"status\":\"added\",\"studentId\":\"696f331dd869e7bf1e1b70a2\",\"classId\":\"696f331dd869e7bf1e1b7096\"},{\"status\":\"added\",\"studentId\":\"696f331dd869e7bf1e1b70af\",\"classId\":\"696f331dd869e7bf1e1b70b2\"},{\"status\":\"added\",\"studentId\":\"696f331dd869e7bf1e1b70be\",\"classId\":\"696f331dd869e7bf1e1b70c1\"},{\"status\":\"added\",\"studentId\":\"696f331dd869e7bf1e1b70cd\",\"classId\":\"696f331dd869e7bf1e1b70c1\"},{\"status\":\"added\",\"studentId\":\"696f331dd869e7bf1e1b70da\",\"classId\":\"696f331dd869e7bf1e1b7089\"},{\"status\":\"added\",\"studentId\":\"696f331dd869e7bf1e1b70e7\",\"classId\":\"696f331dd869e7bf1e1b70ea\"},{\"status\":\"added\",\"studentId\":\"696f331dd869e7bf1e1b70f6\",\"classId\":\"696f331dd869e7bf1e1b70ea\"},{\"status\":\"added\",\"studentId\":\"696f331dd869e7bf1e1b7103\",\"classId\":\"696f331dd869e7bf1e1b7089\"},{\"status\":\"added\",\"studentId\":\"696f331dd869e7bf1e1b7110\",\"classId\":\"696f331dd869e7bf1e1b7113\"},{\"status\":\"added\",\"studentId\":\"696f331dd869e7bf1e1b711f\",\"classId\":\"696f331dd869e7bf1e1b70c1\"},{\"status\":\"added\",\"studentId\":\"696f331dd869e7bf1e1b712c\",\"classId\":\"696f331dd869e7bf1e1b7096\"},{\"status\":\"added\",\"studentId\":\"696f331dd869e7bf1e1b7139\",\"classId\":\"696f331dd869e7bf1e1b7096\"},{\"status\":\"added\",\"studentId\":\"696f331dd869e7bf1e1b7146\",\"classId\":\"696f331dd869e7bf1e1b70b2\"},{\"status\":\"added\",\"studentId\":\"696f331dd869e7bf1e1b7153\",\"classId\":\"696f331dd869e7bf1e1b7089\"},{\"status\":\"added\",\"studentId\":\"696f331ed869e7bf1e1b7160\",\"classId\":\"696f331dd869e7bf1e1b70b2\"},{\"status\":\"added\",\"studentId\":\"696f331ed869e7bf1e1b716d\",\"classId\":\"696f331dd869e7bf1e1b70c1\"},{\"status\":\"added\",\"studentId\":\"696f331ed869e7bf1e1b717a\",\"classId\":\"696f331dd869e7bf1e1b70ea\"},{\"status\":\"added\",\"studentId\":\"696f331ed869e7bf1e1b7187\",\"classId\":\"696f331dd869e7bf1e1b70ea\"},{\"status\":\"added\",\"studentId\":\"696f331ed869e7bf1e1b7194\",\"classId\":\"696f331dd869e7bf1e1b7089\"},{\"status\":\"added\",\"studentId\":\"696f331ed869e7bf1e1b71a1\",\"classId\":\"696f331dd869e7bf1e1b7089\"},{\"status\":\"added\",\"studentId\":\"696f331ed869e7bf1e1b71ae\",\"classId\":\"696f331dd869e7bf1e1b70c1\"},{\"status\":\"added\",\"studentId\":\"696f331ed869e7bf1e1b71bb\",\"classId\":\"696f331dd869e7bf1e1b7113\"},{\"status\":\"added\",\"studentId\":\"696f331ed869e7bf1e1b71c8\",\"classId\":\"696f331dd869e7bf1e1b70b2\"},{\"status\":\"added\",\"studentId\":\"696f331ed869e7bf1e1b71d5\",\"classId\":\"696f331dd869e7bf1e1b70b2\"},{\"status\":\"added\",\"studentId\":\"696f331ed869e7bf1e1b71e2\",\"classId\":\"696f331dd869e7bf1e1b7113\"},{\"status\":\"added\",\"studentId\":\"696f331ed869e7bf1e1b71ef\",\"classId\":\"696f331dd869e7bf1e1b70b2\"},{\"status\":\"added\",\"studentId\":\"696f331ed869e7bf1e1b71fc\",\"classId\":\"696f331dd869e7bf1e1b70ea\"},{\"status\":\"added\",\"studentId\":\"696f331ed869e7bf1e1b7209\",\"classId\":\"696f331dd869e7bf1e1b70c1\"},{\"status\":\"added\",\"studentId\":\"696f331ed869e7bf1e1b7216\",\"classId\":\"696f331dd869e7bf1e1b70b2\"},{\"status\":\"added\",\"studentId\":\"696f331ed869e7bf1e1b7223\",\"classId\":\"696f331dd869e7bf1e1b70c1\"},{\"status\":\"added\",\"studentId\":\"696f331ed869e7bf1e1b7230\",\"classId\":\"696f331dd869e7bf1e1b7113\"},{\"status\":\"added\",\"studentId\":\"696f331ed869e7bf1e1b723d\",\"classId\":\"696f331dd869e7bf1e1b70ea\"},{\"status\":\"added\",\"studentId\":\"696f331ed869e7bf1e1b724a\",\"classId\":\"696f331dd869e7bf1e1b70c1\"},{\"status\":\"added\",\"studentId\":\"696f331ed869e7bf1e1b7257\",\"classId\":\"696f331dd869e7bf1e1b70c1\"},{\"status\":\"added\",\"studentId\":\"696f331ed869e7bf1e1b7264\",\"classId\":\"696f331dd869e7bf1e1b7089\"},{\"status\":\"added\",\"studentId\":\"696f331ed869e7bf1e1b7271\",\"classId\":\"696f331dd869e7bf1e1b7113\"},{\"status\":\"added\",\"studentId\":\"696f331ed869e7bf1e1b727e\",\"classId\":\"696f331dd869e7bf1e1b70b2\"},{\"status\":\"added\",\"studentId\":\"696f331ed869e7bf1e1b728b\",\"classId\":\"696f331dd869e7bf1e1b70c1\"},{\"status\":\"added\",\"studentId\":\"696f331ed869e7bf1e1b7298\",\"classId\":\"696f331dd869e7bf1e1b70ea\"},{\"status\":\"added\",\"studentId\":\"696f331ed869e7bf1e1b72a5\",\"classId\":\"696f331dd869e7bf1e1b70ea\"},{\"status\":\"added\",\"studentId\":\"696f331ed869e7bf1e1b72b2\",\"classId\":\"696f331dd869e7bf1e1b70ea\"},{\"status\":\"added\",\"studentId\":\"696f331ed869e7bf1e1b72bf\",\"classId\":\"696f331dd869e7bf1e1b70ea\"},{\"status\":\"added\",\"studentId\":\"696f331ed869e7bf1e1b72cc\",\"classId\":\"696f331dd869e7bf1e1b70b2\"},{\"status\":\"added\",\"studentId\":\"696f331ed869e7bf1e1b72d9\",\"classId\":\"696f331dd869e7bf1e1b7113\"},{\"status\":\"added\",\"studentId\":\"696f331ed869e7bf1e1b72e6\",\"classId\":\"696f331dd869e7bf1e1b7113\"},{\"status\":\"added\",\"studentId\":\"696f331ed869e7bf1e1b72f3\",\"classId\":\"696f331dd869e7bf1e1b70b2\"},{\"status\":\"added\",\"studentId\":\"696f331ed869e7bf1e1b7300\",\"classId\":\"696f331dd869e7bf1e1b70ea\"},{\"status\":\"added\",\"studentId\":\"696f331ed869e7bf1e1b730d\",\"classId\":\"696f331dd869e7bf1e1b70b2\"},{\"status\":\"added\",\"studentId\":\"696f331ed869e7bf1e1b731a\",\"classId\":\"696f331dd869e7bf1e1b7113\"},{\"status\":\"added\",\"studentId\":\"696f331ed869e7bf1e1b7327\",\"classId\":\"696f331dd869e7bf1e1b70b2\"},{\"status\":\"added\",\"studentId\":\"696f331ed869e7bf1e1b7334\",\"classId\":\"696f331dd869e7bf1e1b70ea\"},{\"status\":\"added\",\"studentId\":\"696f331ed869e7bf1e1b7341\",\"classId\":\"696f331dd869e7bf1e1b70c1\"},{\"status\":\"added\",\"studentId\":\"696f331ed869e7bf1e1b734e\",\"classId\":\"696f331dd869e7bf1e1b7096\"},{\"status\":\"added\",\"studentId\":\"696f331ed869e7bf1e1b735b\",\"classId\":\"696f331dd869e7bf1e1b7096\"},{\"status\":\"added\",\"studentId\":\"696f331ed869e7bf1e1b7368\",\"classId\":\"696f331dd869e7bf1e1b70c1\"},{\"status\":\"added\",\"studentId\":\"696f331ed869e7bf1e1b7375\",\"classId\":\"696f331dd869e7bf1e1b70ea\"},{\"status\":\"added\",\"studentId\":\"696f331ed869e7bf1e1b7382\",\"classId\":\"696f331dd869e7bf1e1b70b2\"},{\"status\":\"added\",\"studentId\":\"696f331ed869e7bf1e1b738f\",\"classId\":\"696f331dd869e7bf1e1b70c1\"},{\"status\":\"added\",\"studentId\":\"696f331ed869e7bf1e1b739c\",\"classId\":\"696f331dd869e7bf1e1b7096\"},{\"status\":\"added\",\"studentId\":\"696f331ed869e7bf1e1b73a9\",\"classId\":\"696f331dd869e7bf1e1b7096\"},{\"status\":\"added\",\"studentId\":\"696f331ed869e7bf1e1b73b6\",\"classId\":\"696f331dd869e7bf1e1b7089\"},{\"status\":\"added\",\"studentId\":\"696f331ed869e7bf1e1b73c3\",\"classId\":\"696f331dd869e7bf1e1b7113\"},{\"status\":\"added\",\"studentId\":\"696f331ed869e7bf1e1b73d0\",\"classId\":\"696f331dd869e7bf1e1b7096\"},{\"status\":\"added\",\"studentId\":\"696f331ed869e7bf1e1b73dd\",\"classId\":\"696f331dd869e7bf1e1b7096\"},{\"status\":\"added\",\"studentId\":\"696f331ed869e7bf1e1b73ea\",\"classId\":\"696f331dd869e7bf1e1b7089\"},{\"status\":\"added\",\"studentId\":\"696f331ed869e7bf1e1b73f7\",\"classId\":\"696f331dd869e7bf1e1b70c1\"},{\"status\":\"added\",\"studentId\":\"696f331ed869e7bf1e1b7404\",\"classId\":\"696f331dd869e7bf1e1b7113\"},{\"status\":\"added\",\"studentId\":\"696f331ed869e7bf1e1b7411\",\"classId\":\"696f331dd869e7bf1e1b70ea\"},{\"status\":\"added\",\"studentId\":\"696f331ed869e7bf1e1b741e\",\"classId\":\"696f331dd869e7bf1e1b70b2\"},{\"status\":\"added\",\"studentId\":\"696f331ed869e7bf1e1b742b\",\"classId\":\"696f331dd869e7bf1e1b70ea\"},{\"status\":\"added\",\"studentId\":\"696f331ed869e7bf1e1b7438\",\"classId\":\"696f331dd869e7bf1e1b7089\"},{\"status\":\"added\",\"studentId\":\"696f331fd869e7bf1e1b7445\",\"classId\":\"696f331dd869e7bf1e1b7113\"},{\"status\":\"added\",\"studentId\":\"696f331fd869e7bf1e1b7452\",\"classId\":\"696f331dd869e7bf1e1b7113\"},{\"status\":\"added\",\"studentId\":\"696f331fd869e7bf1e1b745f\",\"classId\":\"696f331dd869e7bf1e1b70b2\"},{\"status\":\"added\",\"studentId\":\"696f331fd869e7bf1e1b746c\",\"classId\":\"696f331dd869e7bf1e1b7089\"},{\"status\":\"added\",\"studentId\":\"696f331fd869e7bf1e1b7479\",\"classId\":\"696f331dd869e7bf1e1b70c1\"},{\"status\":\"added\",\"studentId\":\"696f331fd869e7bf1e1b7486\",\"classId\":\"696f331dd869e7bf1e1b7113\"},{\"status\":\"added\",\"studentId\":\"696f331fd869e7bf1e1b7493\",\"classId\":\"696f331dd869e7bf1e1b7113\"},{\"status\":\"added\",\"studentId\":\"696f331fd869e7bf1e1b74a0\",\"classId\":\"696f331dd869e7bf1e1b7096\"},{\"status\":\"added\",\"studentId\":\"696f331fd869e7bf1e1b74ad\",\"classId\":\"696f331dd869e7bf1e1b7089\"},{\"status\":\"added\",\"studentId\":\"696f331fd869e7bf1e1b74ba\",\"classId\":\"696f331dd869e7bf1e1b70b2\"},{\"status\":\"added\",\"studentId\":\"696f331fd869e7bf1e1b74c7\",\"classId\":\"696f331dd869e7bf1e1b7096\"},{\"status\":\"added\",\"studentId\":\"696f331fd869e7bf1e1b74d4\",\"classId\":\"696f331dd869e7bf1e1b7096\"},{\"status\":\"added\",\"studentId\":\"696f331fd869e7bf1e1b74e1\",\"classId\":\"696f331dd869e7bf1e1b7089\"},{\"status\":\"added\",\"studentId\":\"696f331fd869e7bf1e1b74ee\",\"classId\":\"696f331dd869e7bf1e1b7089\"},{\"status\":\"added\",\"studentId\":\"696f331fd869e7bf1e1b74fb\",\"classId\":\"696f331dd869e7bf1e1b7113\"},{\"status\":\"added\",\"studentId\":\"696f331fd869e7bf1e1b7508\",\"classId\":\"696f331dd869e7bf1e1b70c1\"},{\"status\":\"added\",\"studentId\":\"696f331fd869e7bf1e1b7515\",\"classId\":\"696f331dd869e7bf1e1b70c1\"},{\"status\":\"added\",\"studentId\":\"696f331fd869e7bf1e1b7522\",\"classId\":\"696f331dd869e7bf1e1b70ea\"},{\"status\":\"added\",\"studentId\":\"696f331fd869e7bf1e1b752f\",\"classId\":\"696f331dd869e7bf1e1b70ea\"},{\"status\":\"added\",\"studentId\":\"696f331fd869e7bf1e1b753c\",\"classId\":\"696f331dd869e7bf1e1b7089\"},{\"status\":\"added\",\"studentId\":\"696f331fd869e7bf1e1b7549\",\"classId\":\"696f331dd869e7bf1e1b70ea\"},{\"status\":\"added\",\"studentId\":\"696f331fd869e7bf1e1b7556\",\"classId\":\"696f331dd869e7bf1e1b7113\"},{\"status\":\"added\",\"studentId\":\"696f331fd869e7bf1e1b7563\",\"classId\":\"696f331dd869e7bf1e1b7089\"},{\"status\":\"added\",\"studentId\":\"696f331fd869e7bf1e1b7570\",\"classId\":\"696f331dd869e7bf1e1b70c1\"},{\"status\":\"added\",\"studentId\":\"696f331fd869e7bf1e1b757d\",\"classId\":\"696f331dd869e7bf1e1b70c1\"},{\"status\":\"added\",\"studentId\":\"696f331fd869e7bf1e1b758a\",\"classId\":\"696f331dd869e7bf1e1b7096\"},{\"status\":\"added\",\"studentId\":\"696f331fd869e7bf1e1b7597\",\"classId\":\"696f331dd869e7bf1e1b70b2\"},{\"status\":\"added\",\"studentId\":\"696f331fd869e7bf1e1b75a4\",\"classId\":\"696f331dd869e7bf1e1b70ea\"},{\"status\":\"added\",\"studentId\":\"696f331fd869e7bf1e1b75b1\",\"classId\":\"696f331dd869e7bf1e1b7113\"},{\"status\":\"added\",\"studentId\":\"696f331fd869e7bf1e1b75be\",\"classId\":\"696f331dd869e7bf1e1b70b2\"},{\"status\":\"added\",\"studentId\":\"696f331fd869e7bf1e1b75cb\",\"classId\":\"696f331dd869e7bf1e1b7089\"},{\"status\":\"added\",\"studentId\":\"696f331fd869e7bf1e1b75d8\",\"classId\":\"696f331dd869e7bf1e1b7113\"},{\"status\":\"added\",\"studentId\":\"696f331fd869e7bf1e1b75e5\",\"classId\":\"696f331dd869e7bf1e1b7113\"},{\"status\":\"added\",\"studentId\":\"696f331fd869e7bf1e1b75f2\",\"classId\":\"696f331dd869e7bf1e1b7113\"},{\"status\":\"added\",\"studentId\":\"696f331fd869e7bf1e1b75ff\",\"classId\":\"696f331dd869e7bf1e1b70c1\"},{\"status\":\"added\",\"studentId\":\"696f331fd869e7bf1e1b760c\",\"classId\":\"696f331dd869e7bf1e1b70b2\"},{\"status\":\"added\",\"studentId\":\"696f331fd869e7bf1e1b7619\",\"classId\":\"696f331dd869e7bf1e1b7089\"},{\"status\":\"added\",\"studentId\":\"696f331fd869e7bf1e1b7626\",\"classId\":\"696f331dd869e7bf1e1b70b2\"},{\"status\":\"added\",\"studentId\":\"696f331fd869e7bf1e1b7633\",\"classId\":\"696f331dd869e7bf1e1b7096\"},{\"status\":\"added\",\"studentId\":\"696f331fd869e7bf1e1b7640\",\"classId\":\"696f331dd869e7bf1e1b7089\"},{\"status\":\"added\",\"studentId\":\"696f331fd869e7bf1e1b764d\",\"classId\":\"696f331dd869e7bf1e1b7096\"},{\"status\":\"added\",\"studentId\":\"696f331fd869e7bf1e1b765a\",\"classId\":\"696f331dd869e7bf1e1b7096\"},{\"status\":\"added\",\"studentId\":\"696f331fd869e7bf1e1b7667\",\"classId\":\"696f331dd869e7bf1e1b7096\"},{\"status\":\"added\",\"studentId\":\"696f331fd869e7bf1e1b7674\",\"classId\":\"696f331dd869e7bf1e1b7089\"},{\"status\":\"added\",\"studentId\":\"696f331fd869e7bf1e1b7681\",\"classId\":\"696f331dd869e7bf1e1b7096\"},{\"status\":\"added\",\"studentId\":\"696f331fd869e7bf1e1b768e\",\"classId\":\"696f331dd869e7bf1e1b70ea\"},{\"status\":\"added\",\"studentId\":\"696f331fd869e7bf1e1b769b\",\"classId\":\"696f331dd869e7bf1e1b70ea\"},{\"status\":\"added\",\"studentId\":\"696f331fd869e7bf1e1b76a8\",\"classId\":\"696f331dd869e7bf1e1b7096\"},{\"status\":\"added\",\"studentId\":\"696f331fd869e7bf1e1b76b5\",\"classId\":\"696f331dd869e7bf1e1b7089\"},{\"status\":\"added\",\"studentId\":\"696f331fd869e7bf1e1b76c2\",\"classId\":\"696f331dd869e7bf1e1b7089\"},{\"status\":\"added\",\"studentId\":\"696f331fd869e7bf1e1b76cf\",\"classId\":\"696f331dd869e7bf1e1b7113\"},{\"status\":\"added\",\"studentId\":\"696f331fd869e7bf1e1b76dc\",\"classId\":\"696f331dd869e7bf1e1b70c1\"},{\"status\":\"added\",\"studentId\":\"696f3320d869e7bf1e1b76e9\",\"classId\":\"696f331dd869e7bf1e1b7096\"},{\"status\":\"added\",\"studentId\":\"696f3320d869e7bf1e1b76f6\",\"classId\":\"696f331dd869e7bf1e1b7096\"},{\"status\":\"added\",\"studentId\":\"696f3320d869e7bf1e1b7703\",\"classId\":\"696f331dd869e7bf1e1b70ea\"},{\"status\":\"added\",\"studentId\":\"696f3320d869e7bf1e1b7710\",\"classId\":\"696f331dd869e7bf1e1b7089\"},{\"status\":\"added\",\"studentId\":\"696f3320d869e7bf1e1b771d\",\"classId\":\"696f331dd869e7bf1e1b70b2\"},{\"status\":\"added\",\"studentId\":\"696f3320d869e7bf1e1b772a\",\"classId\":\"696f331dd869e7bf1e1b7089\"}]",
    "startedAt": "2026-01-20T07:47:44.137Z",
    "finishedAt": "2026-01-20T07:47:44.137Z",
    "__v": 0
  }
]