[
  {
    "_id": "696f3301d869e7bf1e1b6fd0",
    "name": "2026/2027",
    "startDate": "2026-09-01T00:00:00.000Z",
    "endDate": "2027-07-01T00:00:00.000Z",
    "active": false,
    "activeSemester": 1,
    "__v": 0,
    "sequence": 3
  },
  {
    "_id": "696f3302d869e7bf1e1b6fda",
    "name": "2025/2026",
    "startDate": "2025-09-01T00:00:00.000Z",
    "endDate": "2026-07-01T00:00:00.000Z",
    "active": false,
    "activeSemester": 1,
    "__v": 0,
    "sequence": 2
  },
  {
    "_id": "696f3304d869e7bf1e1b6fe4",
    "name": "2024/2025",
    "startDate": "2024-09-01T00:00:00.000Z",
    "endDate": "2025-07-01T00:00:00.000Z",
    "active": true,
    "activeSemester": 1,
    "__v": 0,
    "sequence": 1
  }
]