[
  {
    "_id": "696f361d0939b40a990b1154",
    "name": "PS B",
    "level": "PS",
    "schoolYearId": "696f36060939b40a990b10af",
    "__v": 0
  },
  {
    "_id": "696f361d0939b40a990b1161",
    "name": "PS D",
    "level": "PS",
    "schoolYearId": "696f36060939b40a990b10af",
    "__v": 0
  },
  {
    "_id": "696f361d0939b40a990b117d",
    "name": "PS A",
    "level": "PS",
    "schoolYearId": "696f36060939b40a990b10af",
    "__v": 0
  },
  {
    "_id": "696f361d0939b40a990b118c",
    "name": "PS C",
    "level": "PS",
    "schoolYearId": "696f36060939b40a990b10af",
    "__v": 0
  },
  {
    "_id": "696f361d0939b40a990b11b5",
    "name": "PS F",
    "level": "PS",
    "schoolYearId": "696f36060939b40a990b10af",
    "__v": 0
  },
  {
    "_id": "696f361d0939b40a990b11de",
    "name": "PS E",
    "level": "PS",
    "schoolYearId": "696f36060939b40a990b10af",
    "__v": 0
  }
]