[
  {
    "_id": "696f361e0939b40a990b1800",
    "addedCount": 131,
    "updatedCount": 0,
    "errorCount": 0,
    "reportJson": "[{\"status\":\"added\",\"studentId\":\"696f361d0939b40a990b1151\",\"classId\":\"696f361d0939b40a990b1154\"},{\"status\":\"added\",\"studentId\":\"696f361d0939b40a990b115e\",\"classId\":\"696f361d0939b40a990b1161\"},{\"status\":\"added\",\"studentId\":\"696f361d0939b40a990b116d\",\"classId\":\"696f361d0939b40a990b1161\"},{\"status\":\"added\",\"studentId\":\"696f361d0939b40a990b117a\",\"classId\":\"696f361d0939b40a990b117d\"},{\"status\":\"added\",\"studentId\":\"696f361d0939b40a990b1189\",\"classId\":\"696f361d0939b40a990b118c\"},{\"status\":\"added\",\"studentId\":\"696f361d0939b40a990b1198\",\"classId\":\"696f361d0939b40a990b118c\"},{\"status\":\"added\",\"studentId\":\"696f361d0939b40a990b11a5\",\"classId\":\"696f361d0939b40a990b1154\"},{\"status\":\"added\",\"studentId\":\"696f361d0939b40a990b11b2\",\"classId\":\"696f361d0939b40a990b11b5\"},{\"status\":\"added\",\"studentId\":\"696f361d0939b40a990b11c1\",\"classId\":\"696f361d0939b40a990b11b5\"},{\"status\":\"added\",\"studentId\":\"696f361d0939b40a990b11ce\",\"classId\":\"696f361d0939b40a990b1154\"},{\"status\":\"added\",\"studentId\":\"696f361d0939b40a990b11db\",\"classId\":\"696f361d0939b40a990b11de\"},{\"status\":\"added\",\"studentId\":\"696f361d0939b40a990b11ea\",\"classId\":\"696f361d0939b40a990b118c\"},{\"status\":\"added\",\"studentId\":\"696f361d0939b40a990b11f7\",\"classId\":\"696f361d0939b40a990b1161\"},{\"status\":\"added\",\"studentId\":\"696f361d0939b40a990b1204\",\"classId\":\"696f361d0939b40a990b1161\"},{\"status\":\"added\",\"studentId\":\"696f361d0939b40a990b1211\",\"classId\":\"696f361d0939b40a990b117d\"},{\"status\":\"added\",\"studentId\":\"696f361d0939b40a990b121e\",\"classId\":\"696f361d0939b40a990b1154\"},{\"status\":\"added\",\"studentId\":\"696f361d0939b40a990b122b\",\"classId\":\"696f361d0939b40a990b117d\"},{\"status\":\"added\",\"studentId\":\"696f361d0939b40a990b1238\",\"classId\":\"696f361d0939b40a990b118c\"},{\"status\":\"added\",\"studentId\":\"696f361d0939b40a990b1245\",\"classId\":\"696f361d0939b40a990b11b5\"},{\"status\":\"added\",\"studentId\":\"696f361d0939b40a990b1252\",\"classId\":\"696f361d0939b40a990b11b5\"},{\"status\":\"added\",\"studentId\":\"696f361d0939b40a990b125f\",\"classId\":\"696f361d0939b40a990b1154\"},{\"status\":\"added\",\"studentId\":\"696f361d0939b40a990b126c\",\"classId\":\"696f361d0939b40a990b1154\"},{\"status\":\"added\",\"studentId\":\"696f361d0939b40a990b1279\",\"classId\":\"696f361d0939b40a990b118c\"},{\"status\":\"added\",\"studentId\":\"696f361d0939b40a990b1286\",\"classId\":\"696f361d0939b40a990b11de\"},{\"status\":\"added\",\"studentId\":\"696f361d0939b40a990b1293\",\"classId\":\"696f361d0939b40a990b117d\"},{\"status\":\"added\",\"studentId\":\"696f361d0939b40a990b12a0\",\"classId\":\"696f361d0939b40a990b117d\"},{\"status\":\"added\",\"studentId\":\"696f361d0939b40a990b12ad\",\"classId\":\"696f361d0939b40a990b11de\"},{\"status\":\"added\",\"studentId\":\"696f361d0939b40a990b12ba\",\"classId\":\"696f361d0939b40a990b117d\"},{\"status\":\"added\",\"studentId\":\"696f361d0939b40a990b12c7\",\"classId\":\"696f361d0939b40a990b11b5\"},{\"status\":\"added\",\"studentId\":\"696f361d0939b40a990b12d4\",\"classId\":\"696f361d0939b40a990b118c\"},{\"status\":\"added\",\"studentId\":\"696f361d0939b40a990b12e1\",\"classId\":\"696f361d0939b40a990b117d\"},{\"status\":\"added\",\"studentId\":\"696f361d0939b40a990b12ee\",\"classId\":\"696f361d0939b40a990b118c\"},{\"status\":\"added\",\"studentId\":\"696f361d0939b40a990b12fb\",\"classId\":\"696f361d0939b40a990b11de\"},{\"status\":\"added\",\"studentId\":\"696f361d0939b40a990b1308\",\"classId\":\"696f361d0939b40a990b11b5\"},{\"status\":\"added\",\"studentId\":\"696f361d0939b40a990b1315\",\"classId\":\"696f361d0939b40a990b118c\"},{\"status\":\"added\",\"studentId\":\"696f361d0939b40a990b1322\",\"classId\":\"696f361d0939b40a990b118c\"},{\"status\":\"added\",\"studentId\":\"696f361d0939b40a990b132f\",\"classId\":\"696f361d0939b40a990b1154\"},{\"status\":\"added\",\"studentId\":\"696f361d0939b40a990b133c\",\"classId\":\"696f361d0939b40a990b11de\"},{\"status\":\"added\",\"studentId\":\"696f361d0939b40a990b1349\",\"classId\":\"696f361d0939b40a990b117d\"},{\"status\":\"added\",\"studentId\":\"696f361d0939b40a990b1356\",\"classId\":\"696f361d0939b40a990b118c\"},{\"status\":\"added\",\"studentId\":\"696f361d0939b40a990b1363\",\"classId\":\"696f361d0939b40a990b11b5\"},{\"status\":\"added\",\"studentId\":\"696f361d0939b40a990b1370\",\"classId\":\"696f361d0939b40a990b11b5\"},{\"status\":\"added\",\"studentId\":\"696f361d0939b40a990b137d\",\"classId\":\"696f361d0939b40a990b11b5\"},{\"status\":\"added\",\"studentId\":\"696f361d0939b40a990b138a\",\"classId\":\"696f361d0939b40a990b11b5\"},{\"status\":\"added\",\"studentId\":\"696f361d0939b40a990b1397\",\"classId\":\"696f361d0939b40a990b117d\"},{\"status\":\"added\",\"studentId\":\"696f361d0939b40a990b13a4\",\"classId\":\"696f361d0939b40a990b11de\"},{\"status\":\"added\",\"studentId\":\"696f361d0939b40a990b13b1\",\"classId\":\"696f361d0939b40a990b11de\"},{\"status\":\"added\",\"studentId\":\"696f361d0939b40a990b13be\",\"classId\":\"696f361d0939b40a990b117d\"},{\"status\":\"added\",\"studentId\":\"696f361d0939b40a990b13cb\",\"classId\":\"696f361d0939b40a990b11b5\"},{\"status\":\"added\",\"studentId\":\"696f361d0939b40a990b13d8\",\"classId\":\"696f361d0939b40a990b117d\"},{\"status\":\"added\",\"studentId\":\"696f361d0939b40a990b13e5\",\"classId\":\"696f361d0939b40a990b11de\"},{\"status\":\"added\",\"studentId\":\"696f361d0939b40a990b13f2\",\"classId\":\"696f361d0939b40a990b117d\"},{\"status\":\"added\",\"studentId\":\"696f361d0939b40a990b13ff\",\"classId\":\"696f361d0939b40a990b11b5\"},{\"status\":\"added\",\"studentId\":\"696f361d0939b40a990b140c\",\"classId\":\"696f361d0939b40a990b118c\"},{\"status\":\"added\",\"studentId\":\"696f361d0939b40a990b1419\",\"classId\":\"696f361d0939b40a990b1161\"},{\"status\":\"added\",\"studentId\":\"696f361d0939b40a990b1426\",\"classId\":\"696f361d0939b40a990b1161\"},{\"status\":\"added\",\"studentId\":\"696f361e0939b40a990b1433\",\"classId\":\"696f361d0939b40a990b118c\"},{\"status\":\"added\",\"studentId\":\"696f361e0939b40a990b1440\",\"classId\":\"696f361d0939b40a990b11b5\"},{\"status\":\"added\",\"studentId\":\"696f361e0939b40a990b144d\",\"classId\":\"696f361d0939b40a990b117d\"},{\"status\":\"added\",\"studentId\":\"696f361e0939b40a990b145a\",\"classId\":\"696f361d0939b40a990b118c\"},{\"status\":\"added\",\"studentId\":\"696f361e0939b40a990b1467\",\"classId\":\"696f361d0939b40a990b1161\"},{\"status\":\"added\",\"studentId\":\"696f361e0939b40a990b1474\",\"classId\":\"696f361d0939b40a990b1161\"},{\"status\":\"added\",\"studentId\":\"696f361e0939b40a990b1481\",\"classId\":\"696f361d0939b40a990b1154\"},{\"status\":\"added\",\"studentId\":\"696f361e0939b40a990b148e\",\"classId\":\"696f361d0939b40a990b11de\"},{\"status\":\"added\",\"studentId\":\"696f361e0939b40a990b149b\",\"classId\":\"696f361d0939b40a990b1161\"},{\"status\":\"added\",\"studentId\":\"696f361e0939b40a990b14a8\",\"classId\":\"696f361d0939b40a990b1161\"},{\"status\":\"added\",\"studentId\":\"696f361e0939b40a990b14b5\",\"classId\":\"696f361d0939b40a990b1154\"},{\"status\":\"added\",\"studentId\":\"696f361e0939b40a990b14c2\",\"classId\":\"696f361d0939b40a990b118c\"},{\"status\":\"added\",\"studentId\":\"696f361e0939b40a990b14cf\",\"classId\":\"696f361d0939b40a990b11de\"},{\"status\":\"added\",\"studentId\":\"696f361e0939b40a990b14dc\",\"classId\":\"696f361d0939b40a990b11b5\"},{\"status\":\"added\",\"studentId\":\"696f361e0939b40a990b14e9\",\"classId\":\"696f361d0939b40a990b117d\"},{\"status\":\"added\",\"studentId\":\"696f361e0939b40a990b14f6\",\"classId\":\"696f361d0939b40a990b11b5\"},{\"status\":\"added\",\"studentId\":\"696f361e0939b40a990b1503\",\"classId\":\"696f361d0939b40a990b1154\"},{\"status\":\"added\",\"studentId\":\"696f361e0939b40a990b1510\",\"classId\":\"696f361d0939b40a990b11de\"},{\"status\":\"added\",\"studentId\":\"696f361e0939b40a990b151d\",\"classId\":\"696f361d0939b40a990b11de\"},{\"status\":\"added\",\"studentId\":\"696f361e0939b40a990b152a\",\"classId\":\"696f361d0939b40a990b117d\"},{\"status\":\"added\",\"studentId\":\"696f361e0939b40a990b1537\",\"classId\":\"696f361d0939b40a990b1154\"},{\"status\":\"added\",\"studentId\":\"696f361e0939b40a990b1544\",\"classId\":\"696f361d0939b40a990b118c\"},{\"status\":\"added\",\"studentId\":\"696f361e0939b40a990b1551\",\"classId\":\"696f361d0939b40a990b11de\"},{\"status\":\"added\",\"studentId\":\"696f361e0939b40a990b155e\",\"classId\":\"696f361d0939b40a990b11de\"},{\"status\":\"added\",\"studentId\":\"696f361e0939b40a990b156b\",\"classId\":\"696f361d0939b40a990b1161\"},{\"status\":\"added\",\"studentId\":\"696f361e0939b40a990b1578\",\"classId\":\"696f361d0939b40a990b1154\"},{\"status\":\"added\",\"studentId\":\"696f361e0939b40a990b1585\",\"classId\":\"696f361d0939b40a990b117d\"},{\"status\":\"added\",\"studentId\":\"696f361e0939b40a990b1592\",\"classId\":\"696f361d0939b40a990b1161\"},{\"status\":\"added\",\"studentId\":\"696f361e0939b40a990b159f\",\"classId\":\"696f361d0939b40a990b1161\"},{\"status\":\"added\",\"studentId\":\"696f361e0939b40a990b15ac\",\"classId\":\"696f361d0939b40a990b1154\"},{\"status\":\"added\",\"studentId\":\"696f361e0939b40a990b15b9\",\"classId\":\"696f361d0939b40a990b1154\"},{\"status\":\"added\",\"studentId\":\"696f361e0939b40a990b15c6\",\"classId\":\"696f361d0939b40a990b11de\"},{\"status\":\"added\",\"studentId\":\"696f361e0939b40a990b15d3\",\"classId\":\"696f361d0939b40a990b118c\"},{\"status\":\"added\",\"studentId\":\"696f361e0939b40a990b15e0\",\"classId\":\"696f361d0939b40a990b118c\"},{\"status\":\"added\",\"studentId\":\"696f361e0939b40a990b15ed\",\"classId\":\"696f361d0939b40a990b11b5\"},{\"status\":\"added\",\"studentId\":\"696f361e0939b40a990b15fa\",\"classId\":\"696f361d0939b40a990b11b5\"},{\"status\":\"added\",\"studentId\":\"696f361e0939b40a990b1607\",\"classId\":\"696f361d0939b40a990b1154\"},{\"status\":\"added\",\"studentId\":\"696f361e0939b40a990b1614\",\"classId\":\"696f361d0939b40a990b11b5\"},{\"status\":\"added\",\"studentId\":\"696f361e0939b40a990b1621\",\"classId\":\"696f361d0939b40a990b11de\"},{\"status\":\"added\",\"studentId\":\"696f361e0939b40a990b162e\",\"classId\":\"696f361d0939b40a990b1154\"},{\"status\":\"added\",\"studentId\":\"696f361e0939b40a990b163b\",\"classId\":\"696f361d0939b40a990b118c\"},{\"status\":\"added\",\"studentId\":\"696f361e0939b40a990b1648\",\"classId\":\"696f361d0939b40a990b118c\"},{\"status\":\"added\",\"studentId\":\"696f361e0939b40a990b1655\",\"classId\":\"696f361d0939b40a990b1161\"},{\"status\":\"added\",\"studentId\":\"696f361e0939b40a990b1662\",\"classId\":\"696f361d0939b40a990b117d\"},{\"status\":\"added\",\"studentId\":\"696f361e0939b40a990b166f\",\"classId\":\"696f361d0939b40a990b11b5\"},{\"status\":\"added\",\"studentId\":\"696f361e0939b40a990b167c\",\"classId\":\"696f361d0939b40a990b11de\"},{\"status\":\"added\",\"studentId\":\"696f361e0939b40a990b1689\",\"classId\":\"696f361d0939b40a990b117d\"},{\"status\":\"added\",\"studentId\":\"696f361e0939b40a990b1696\",\"classId\":\"696f361d0939b40a990b1154\"},{\"status\":\"added\",\"studentId\":\"696f361e0939b40a990b16a3\",\"classId\":\"696f361d0939b40a990b11de\"},{\"status\":\"added\",\"studentId\":\"696f361e0939b40a990b16b0\",\"classId\":\"696f361d0939b40a990b11de\"},{\"status\":\"added\",\"studentId\":\"696f361e0939b40a990b16bd\",\"classId\":\"696f361d0939b40a990b11de\"},{\"status\":\"added\",\"studentId\":\"696f361e0939b40a990b16ca\",\"classId\":\"696f361d0939b40a990b118c\"},{\"status\":\"added\",\"studentId\":\"696f361e0939b40a990b16d7\",\"classId\":\"696f361d0939b40a990b117d\"},{\"status\":\"added\",\"studentId\":\"696f361e0939b40a990b16e4\",\"classId\":\"696f361d0939b40a990b1154\"},{\"status\":\"added\",\"studentId\":\"696f361e0939b40a990b16f1\",\"classId\":\"696f361d0939b40a990b117d\"},{\"status\":\"added\",\"studentId\":\"696f361e0939b40a990b16fe\",\"classId\":\"696f361d0939b40a990b1161\"},{\"status\":\"added\",\"studentId\":\"696f361e0939b40a990b170b\",\"classId\":\"696f361d0939b40a990b1154\"},{\"status\":\"added\",\"studentId\":\"696f361e0939b40a990b1718\",\"classId\":\"696f361d0939b40a990b1161\"},{\"status\":\"added\",\"studentId\":\"696f361e0939b40a990b1725\",\"classId\":\"696f361d0939b40a990b1161\"},{\"status\":\"added\",\"studentId\":\"696f361e0939b40a990b1732\",\"classId\":\"696f361d0939b40a990b1161\"},{\"status\":\"added\",\"studentId\":\"696f361e0939b40a990b173f\",\"classId\":\"696f361d0939b40a990b1154\"},{\"status\":\"added\",\"studentId\":\"696f361e0939b40a990b174c\",\"classId\":\"696f361d0939b40a990b1161\"},{\"status\":\"added\",\"studentId\":\"696f361e0939b40a990b1759\",\"classId\":\"696f361d0939b40a990b11b5\"},{\"status\":\"added\",\"studentId\":\"696f361e0939b40a990b1766\",\"classId\":\"696f361d0939b40a990b11b5\"},{\"status\":\"added\",\"studentId\":\"696f361e0939b40a990b1773\",\"classId\":\"696f361d0939b40a990b1161\"},{\"status\":\"added\",\"studentId\":\"696f361e0939b40a990b1780\",\"classId\":\"696f361d0939b40a990b1154\"},{\"status\":\"added\",\"studentId\":\"696f361e0939b40a990b178d\",\"classId\":\"696f361d0939b40a990b1154\"},{\"status\":\"added\",\"studentId\":\"696f361e0939b40a990b179a\",\"classId\":\"696f361d0939b40a990b11de\"},{\"status\":\"added\",\"studentId\":\"696f361e0939b40a990b17a7\",\"classId\":\"696f361d0939b40a990b118c\"},{\"status\":\"added\",\"studentId\":\"696f361e0939b40a990b17b4\",\"classId\":\"696f361d0939b40a990b1161\"},{\"status\":\"added\",\"studentId\":\"696f361e0939b40a990b17c1\",\"classId\":\"696f361d0939b40a990b1161\"},{\"status\":\"added\",\"studentId\":\"696f361e0939b40a990b17ce\",\"classId\":\"696f361d0939b40a990b11b5\"},{\"status\":\"added\",\"studentId\":\"696f361e0939b40a990b17db\",\"classId\":\"696f361d0939b40a990b1154\"},{\"status\":\"added\",\"studentId\":\"696f361e0939b40a990b17e8\",\"classId\":\"696f361d0939b40a990b117d\"},{\"status\":\"added\",\"studentId\":\"696f361e0939b40a990b17f5\",\"classId\":\"696f361d0939b40a990b1154\"}]",
    "startedAt": "2026-01-20T08:00:30.591Z",
    "finishedAt": "2026-01-20T08:00:30.591Z",
    "__v": 0
  }
]