[
  {
    "_id": "696f36030939b40a990b109b",
    "name": "2026/2027",
    "startDate": "2026-09-01T00:00:00.000Z",
    "endDate": "2027-07-01T00:00:00.000Z",
    "active": false,
    "activeSemester": 1,
    "__v": 0,
    "sequence": 3
  },
  {
    "_id": "696f36050939b40a990b10a5",
    "name": "2025/2026",
    "startDate": "2025-09-01T00:00:00.000Z",
    "endDate": "2026-07-01T00:00:00.000Z",
    "active": false,
    "activeSemester": 1,
    "__v": 0,
    "sequence": 2
  },
  {
    "_id": "696f36060939b40a990b10af",
    "name": "2024/2025",
    "startDate": "2024-09-01T00:00:00.000Z",
    "endDate": "2025-07-01T00:00:00.000Z",
    "active": true,
    "activeSemester": 1,
    "__v": 0,
    "sequence": 1
  }
]