[
  {
    "_id": "6929e1ade358ca0ef47a3262",
    "name": "CP D",
    "level": "CP",
    "schoolYearId": "6929e1a1e358ca0ef47a325e",
    "__v": 0
  },
  {
    "_id": "692b2d409fe8ecc98276bd1c",
    "name": "PS A",
    "level": "PS",
    "schoolYearId": "692b2d339fe8ecc98276bd0b",
    "__v": 0
  },
  {
    "_id": "692b2d449fe8ecc98276bd21",
    "name": "PS B",
    "level": "PS",
    "schoolYearId": "692b2d339fe8ecc98276bd0b",
    "__v": 0
  },
  {
    "_id": "692b2d459fe8ecc98276bd24",
    "name": "PS C",
    "level": "PS",
    "schoolYearId": "692b2d339fe8ecc98276bd0b",
    "__v": 0
  },
  {
    "_id": "692b2d469fe8ecc98276bd2a",
    "name": "PS E",
    "level": "PS",
    "schoolYearId": "692b2d339fe8ecc98276bd0b",
    "__v": 0
  },
  {
    "_id": "692b2d469fe8ecc98276bd2d",
    "name": "PS F",
    "level": "PS",
    "schoolYearId": "692b2d339fe8ecc98276bd0b",
    "__v": 0
  },
  {
    "_id": "692b2d489fe8ecc98276bd30",
    "name": "MS A",
    "level": "MS",
    "schoolYearId": "692b2d339fe8ecc98276bd0b",
    "__v": 0
  },
  {
    "_id": "692b2d489fe8ecc98276bd33",
    "name": "MS B",
    "level": "MS",
    "schoolYearId": "692b2d339fe8ecc98276bd0b",
    "__v": 0
  },
  {
    "_id": "692b2d489fe8ecc98276bd36",
    "name": "MS C",
    "level": "MS",
    "schoolYearId": "692b2d339fe8ecc98276bd0b",
    "__v": 0
  },
  {
    "_id": "692b2d489fe8ecc98276bd39",
    "name": "MS D",
    "level": "MS",
    "schoolYearId": "692b2d339fe8ecc98276bd0b",
    "__v": 0
  },
  {
    "_id": "692b2d499fe8ecc98276bd3c",
    "name": "MS E",
    "level": "MS",
    "schoolYearId": "692b2d339fe8ecc98276bd0b",
    "__v": 0
  },
  {
    "_id": "692b2d499fe8ecc98276bd3f",
    "name": "MS F",
    "level": "MS",
    "schoolYearId": "692b2d339fe8ecc98276bd0b",
    "__v": 0
  },
  {
    "_id": "692b2d499fe8ecc98276bd42",
    "name": "GS A",
    "level": "GS",
    "schoolYearId": "692b2d339fe8ecc98276bd0b",
    "__v": 0
  },
  {
    "_id": "692b2d499fe8ecc98276bd45",
    "name": "GS B",
    "level": "GS",
    "schoolYearId": "692b2d339fe8ecc98276bd0b",
    "__v": 0
  },
  {
    "_id": "692b2d4a9fe8ecc98276bd48",
    "name": "GS C",
    "level": "GS",
    "schoolYearId": "692b2d339fe8ecc98276bd0b",
    "__v": 0
  },
  {
    "_id": "692b2d4a9fe8ecc98276bd4b",
    "name": "GS D",
    "level": "GS",
    "schoolYearId": "692b2d339fe8ecc98276bd0b",
    "__v": 0
  },
  {
    "_id": "692b2d4a9fe8ecc98276bd4e",
    "name": "GS E",
    "level": "GS",
    "schoolYearId": "692b2d339fe8ecc98276bd0b",
    "__v": 0
  },
  {
    "_id": "692b2d4a9fe8ecc98276bd51",
    "name": "GS F",
    "level": "GS",
    "schoolYearId": "692b2d339fe8ecc98276bd0b",
    "__v": 0
  },
  {
    "_id": "692b6622544b4ca68859a248",
    "name": "MS B",
    "level": "MS",
    "schoolYearId": "692b57819da17e0baf8c3139",
    "__v": 0
  },
  {
    "_id": "692b6625544b4ca68859a251",
    "name": "MS C",
    "level": "MS",
    "schoolYearId": "692b57819da17e0baf8c3139",
    "__v": 0
  },
  {
    "_id": "692b6c2f5b05eebed9beb017",
    "name": "MS E",
    "level": "MS",
    "schoolYearId": "692b57819da17e0baf8c3139",
    "__v": 0
  },
  {
    "_id": "692cace989fca919b378b648",
    "name": "PS A",
    "level": "PS",
    "schoolYearId": "692cabdf89fca919b378b62a",
    "__v": 0
  },
  {
    "_id": "692caceb89fca919b378b64b",
    "name": "PS B",
    "level": "PS",
    "schoolYearId": "692cabdf89fca919b378b62a",
    "__v": 0
  },
  {
    "_id": "692caceb89fca919b378b64e",
    "name": "PS C",
    "level": "PS",
    "schoolYearId": "692cabdf89fca919b378b62a",
    "__v": 0
  },
  {
    "_id": "692caceb89fca919b378b651",
    "name": "PS D",
    "level": "PS",
    "schoolYearId": "692cabdf89fca919b378b62a",
    "__v": 0
  },
  {
    "_id": "692caceb89fca919b378b654",
    "name": "PS E",
    "level": "PS",
    "schoolYearId": "692cabdf89fca919b378b62a",
    "__v": 0
  },
  {
    "_id": "692cacec89fca919b378b657",
    "name": "MS A",
    "level": "MS",
    "schoolYearId": "692cabdf89fca919b378b62a",
    "__v": 0
  },
  {
    "_id": "692cacec89fca919b378b65a",
    "name": "MS B",
    "level": "MS",
    "schoolYearId": "692cabdf89fca919b378b62a",
    "__v": 0
  },
  {
    "_id": "692cacec89fca919b378b65d",
    "name": "MS C",
    "level": "MS",
    "schoolYearId": "692cabdf89fca919b378b62a",
    "__v": 0
  },
  {
    "_id": "692cacec89fca919b378b660",
    "name": "MS D",
    "level": "MS",
    "schoolYearId": "692cabdf89fca919b378b62a",
    "__v": 0
  },
  {
    "_id": "692cacec89fca919b378b663",
    "name": "MS E",
    "level": "MS",
    "schoolYearId": "692cabdf89fca919b378b62a",
    "__v": 0
  },
  {
    "_id": "692caced89fca919b378b666",
    "name": "GS A",
    "level": "GS",
    "schoolYearId": "692cabdf89fca919b378b62a",
    "__v": 0
  },
  {
    "_id": "692caced89fca919b378b669",
    "name": "GS B",
    "level": "GS",
    "schoolYearId": "692cabdf89fca919b378b62a",
    "__v": 0
  },
  {
    "_id": "692caced89fca919b378b66c",
    "name": "GS C",
    "level": "GS",
    "schoolYearId": "692cabdf89fca919b378b62a",
    "__v": 0
  },
  {
    "_id": "692caced89fca919b378b66f",
    "name": "GS D",
    "level": "GS",
    "schoolYearId": "692cabdf89fca919b378b62a",
    "__v": 0
  },
  {
    "_id": "692cacee89fca919b378b672",
    "name": "GS E",
    "level": "GS",
    "schoolYearId": "692cabdf89fca919b378b62a",
    "__v": 0
  },
  {
    "_id": "692cc4d643b91bcd3d6e1788",
    "name": "CP D",
    "level": "CP",
    "schoolYearId": "692cabdf89fca919b378b62a",
    "__v": 0
  },
  {
    "_id": "692f2a54a54f96f40632f9d6",
    "name": "undefined A",
    "schoolYearId": "692cabdf89fca919b378b62a",
    "__v": 0
  },
  {
    "_id": "692f2a57a54f96f40632f9d9",
    "name": "undefined B",
    "schoolYearId": "692cabdf89fca919b378b62a",
    "__v": 0
  },
  {
    "_id": "69334ed9c193954c69148ffc",
    "name": "MS A",
    "level": "MS",
    "schoolYearId": "692cabe589fca919b378b632",
    "__v": 0
  },
  {
    "_id": "69335555ce582c03b0b38ee4",
    "name": "GS A",
    "level": "GS",
    "schoolYearId": "692cabe989fca919b378b63e",
    "__v": 0
  },
  {
    "_id": "693f06bbae8c091a62e474d8",
    "name": "MS B",
    "level": "MS",
    "schoolYearId": "692cabe589fca919b378b632",
    "__v": 0
  },
  {
    "_id": "6941eb037e4ffabf7be2e74e",
    "name": "GS A",
    "level": "GS",
    "schoolYearId": "692cabe589fca919b378b632",
    "__v": 0
  }
]