[
  {
    "_id": "6930c1c3a242336b2697bfa8",
    "startedAt": "2025-12-03T23:03:31.177Z",
    "finishedAt": "2025-12-03T23:03:31.177Z",
    "addedCount": 0,
    "updatedCount": 0,
    "errorCount": 0,
    "reportJson": "[]",
    "__v": 0
  },
  {
    "_id": "6930c1cda242336b2697bfac",
    "startedAt": "2025-12-03T23:03:41.251Z",
    "finishedAt": "2025-12-03T23:03:41.251Z",
    "addedCount": 0,
    "updatedCount": 0,
    "errorCount": 2,
    "reportJson": "[{\"status\":\"error\",\"message\":\"Cannot read properties of undefined (reading 'toLowerCase')\"},{\"status\":\"error\",\"message\":\"Cannot read properties of undefined (reading 'toLowerCase')\"}]",
    "__v": 0
  },
  {
    "_id": "6930c1cea242336b2697bfb1",
    "startedAt": "2025-12-03T23:03:42.258Z",
    "finishedAt": "2025-12-03T23:03:42.258Z",
    "addedCount": 0,
    "updatedCount": 0,
    "errorCount": 2,
    "reportJson": "[{\"status\":\"error\",\"message\":\"Cannot read properties of undefined (reading 'toLowerCase')\"},{\"status\":\"error\",\"message\":\"Cannot read properties of undefined (reading 'toLowerCase')\"}]",
    "__v": 0
  },
  {
    "_id": "6930c1d0a242336b2697bfb6",
    "startedAt": "2025-12-03T23:03:44.191Z",
    "finishedAt": "2025-12-03T23:03:44.191Z",
    "addedCount": 0,
    "updatedCount": 0,
    "errorCount": 2,
    "reportJson": "[{\"status\":\"error\",\"message\":\"Cannot read properties of undefined (reading 'toLowerCase')\"},{\"status\":\"error\",\"message\":\"Cannot read properties of undefined (reading 'toLowerCase')\"}]",
    "__v": 0
  },
  {
    "_id": "6930c295a242336b2697c04f",
    "startedAt": "2025-12-03T23:07:01.387Z",
    "finishedAt": "2025-12-03T23:07:01.387Z",
    "addedCount": 3,
    "updatedCount": 0,
    "errorCount": 0,
    "reportJson": "[{\"status\":\"added\",\"studentId\":\"6930c295a242336b2697c03b\",\"classId\":\"692cacec89fca919b378b657\"},{\"status\":\"added\",\"studentId\":\"6930c295a242336b2697c042\",\"classId\":\"692cace989fca919b378b648\"},{\"status\":\"added\",\"studentId\":\"6930c295a242336b2697c049\",\"classId\":\"692caced89fca919b378b666\"}]",
    "__v": 0
  },
  {
    "_id": "6930c2b6778ef0da4c925804",
    "startedAt": "2025-12-03T23:07:34.982Z",
    "finishedAt": "2025-12-03T23:07:34.982Z",
    "addedCount": 0,
    "updatedCount": 3,
    "errorCount": 0,
    "reportJson": "[{\"status\":\"updated\",\"studentId\":\"6930c295a242336b2697c03b\",\"classId\":\"692cacec89fca919b378b657\"},{\"status\":\"updated\",\"studentId\":\"6930c295a242336b2697c042\",\"classId\":\"692cace989fca919b378b648\"},{\"status\":\"updated\",\"studentId\":\"6930c295a242336b2697c049\",\"classId\":\"692caced89fca919b378b666\"}]",
    "__v": 0
  }
]