[
  {
    "_id": "692cabdf89fca919b378b62a",
    "name": "2025/2026",
    "startDate": "2025-09-01T00:00:00.000Z",
    "endDate": "2026-07-01T00:00:00.000Z",
    "active": true,
    "activeSemester": 1,
    "sequence": 2,
    "__v": 0
  },
  {
    "_id": "692cabe589fca919b378b632",
    "name": "2026/2027",
    "startDate": "2026-09-01T00:00:00.000Z",
    "endDate": "2027-07-01T00:00:00.000Z",
    "active": false,
    "activeSemester": 2,
    "sequence": 3,
    "__v": 0
  },
  {
    "_id": "692cabe989fca919b378b63e",
    "name": "2027/2028",
    "startDate": "2027-09-01T00:00:00.000Z",
    "endDate": "2028-07-01T00:00:00.000Z",
    "active": false,
    "activeSemester": 2,
    "sequence": 4,
    "__v": 0
  },
  {
    "_id": "693f0bc5937d8c4595847a45",
    "name": "2024/2025",
    "startDate": "2024-09-01T00:00:00.000Z",
    "endDate": "2025-07-01T00:00:00.000Z",
    "active": false,
    "activeSemester": 1,
    "sequence": 1,
    "__v": 0
  }
]