[
  {
    "_id": "692ec919811647fad9ca1b51",
    "key": "login_enabled_teacher",
    "value": true,
    "__v": 0
  },
  {
    "_id": "692ed285811647fad9ca1b52",
    "key": "school_name",
    "value": "",
    "__v": 0
  },
  {
    "_id": "692f68a6811647fad9ca1b60",
    "key": "login_enabled_subadmin",
    "value": true,
    "__v": 0
  },
  {
    "_id": "692f68a7811647fad9ca1b61",
    "key": "login_enabled_microsoft",
    "value": true,
    "__v": 0
  },
  {
    "_id": "693745dc204a74aee5023ce8",
    "key": "subadmin_signature_restrictions_enabled",
    "value": true,
    "__v": 0
  },
  {
    "_id": "69374c86204a74aee5023ce9",
    "key": "subadmin_restriction_enabled",
    "value": true,
    "__v": 0
  }
]