[
  {
    "_id": "6929e1b4e358ca0ef47a3268",
    "logicalKey": "jfvj_ghjcjhg_2000-01-01",
    "firstName": "JFVJ",
    "lastName": "GHJCJHG",
    "dateOfBirth": "2000-01-01T00:00:00.000Z",
    "status": "active",
    "__v": 0,
    "promotions": []
  },
  {
    "_id": "6929e1b8e358ca0ef47a3271",
    "logicalKey": "mhgvjhgc_gjgvkv_2000-01-01",
    "firstName": "MHGVJHGC",
    "lastName": "GJGVKV",
    "dateOfBirth": "2000-01-01T00:00:00.000Z",
    "status": "active",
    "__v": 0,
    "promotions": []
  },
  {
    "_id": "6929e1bce358ca0ef47a327a",
    "logicalKey": "jhjhvkv_hjbhj_2000-01-01",
    "firstName": "JHJHVKV",
    "lastName": "HJBHJ",
    "dateOfBirth": "2000-01-01T00:00:00.000Z",
    "status": "active",
    "__v": 0,
    "promotions": []
  },
  {
    "_id": "692b413790af364bebc77664",
    "logicalKey": "testa_testa_2000-01-01",
    "firstName": "testa",
    "lastName": "testa",
    "dateOfBirth": "2000-01-01T00:00:00.000Z",
    "level": "GS",
    "status": "active",
    "__v": 0,
    "promotions": []
  },
  {
    "_id": "692b53422f28d58343efaab3",
    "logicalKey": "dsvsdv_dsvdsvdvs_2000-01-01",
    "firstName": "dsvsdv",
    "lastName": "dsvdsvdvs",
    "dateOfBirth": "2000-01-01T00:00:00.000Z",
    "level": "MS",
    "schoolYearId": "692b57819da17e0baf8c3139",
    "status": "active",
    "promotions": [
      {
        "schoolYearId": "692b2d339fe8ecc98276bd0b",
        "date": "2025-11-30T19:53:01.949Z",
        "fromLevel": "PS",
        "toLevel": "MS",
        "promotedBy": "6929e1e1e358ca0ef47a328a",
        "_id": "692ca09db962bd244ca2099b"
      }
    ],
    "__v": 0
  },
  {
    "_id": "692b53442f28d58343efaabe",
    "logicalKey": "vdsvds_vdsvsdvd_2000-01-01",
    "firstName": "vdsvds",
    "lastName": "vdsvsdvd",
    "dateOfBirth": "2000-01-01T00:00:00.000Z",
    "level": "GS",
    "schoolYearId": "692b57819da17e0baf8c3139",
    "status": "active",
    "__v": 0,
    "promotions": []
  },
  {
    "_id": "692b53472f28d58343efaac9",
    "logicalKey": "dvsdsv_vdsdvsvds_2000-01-01",
    "firstName": "dvsdsv",
    "lastName": "vdsdvsvds",
    "dateOfBirth": "2000-01-01T00:00:00.000Z",
    "level": "PS",
    "status": "active",
    "promotions": [
      {
        "schoolYearId": "692cabdf89fca919b378b62a",
        "date": "2025-12-07T21:39:30.010Z",
        "fromLevel": "PS",
        "toLevel": "MS",
        "promotedBy": "6930bb7ce1d9875b43a0b096",
        "_id": "6935f412480dd9c4175871cc"
      }
    ],
    "__v": 0
  },
  {
    "_id": "692b53492f28d58343efaad4",
    "logicalKey": "vdsvddsv_vddsvdvs_2000-01-01",
    "firstName": "vdsvddsv",
    "lastName": "vddsvdvs",
    "dateOfBirth": "2000-01-01T00:00:00.000Z",
    "level": "PS",
    "status": "active",
    "promotions": [
      {
        "schoolYearId": "692cabdf89fca919b378b62a",
        "date": "2025-12-07T23:06:00.136Z",
        "fromLevel": "PS",
        "toLevel": "MS",
        "promotedBy": "6930bb7ce1d9875b43a0b096",
        "_id": "69360858281923e3c949fcd0"
      }
    ],
    "__v": 0
  },
  {
    "_id": "692b534b2f28d58343efaadf",
    "logicalKey": "dvsvdsvd_dvsdvs_2000-01-01",
    "firstName": "dvsvdsvd",
    "lastName": "dvsdvs",
    "dateOfBirth": "2000-01-01T00:00:00.000Z",
    "level": "PS",
    "schoolYearId": "692b57819da17e0baf8c3139",
    "status": "active",
    "promotions": [
      {
        "schoolYearId": "692cabdf89fca919b378b62a",
        "date": "2025-12-07T22:55:11.461Z",
        "fromLevel": "PS",
        "toLevel": "MS",
        "promotedBy": "6930bb7ce1d9875b43a0b096",
        "_id": "693605cf5d02a47d8d1b01a2"
      }
    ],
    "__v": 0
  },
  {
    "_id": "692b534e2f28d58343efaaea",
    "logicalKey": "dvsdvvds_vdvdsvs_2000-01-01",
    "firstName": "dvsdvvds",
    "lastName": "vdvdsvs",
    "dateOfBirth": "2000-01-01T00:00:00.000Z",
    "level": "MS",
    "schoolYearId": "692b57819da17e0baf8c3139",
    "status": "active",
    "__v": 0,
    "promotions": []
  },
  {
    "_id": "692b53502f28d58343efaaf5",
    "logicalKey": "dvsdvsvd_vdsdv_2000-01-01",
    "firstName": "dvsdvsvd",
    "lastName": "vdsdv",
    "dateOfBirth": "2000-01-01T00:00:00.000Z",
    "level": "GS",
    "status": "active",
    "__v": 0,
    "promotions": []
  },
  {
    "_id": "692cacf189fca919b378b678",
    "logicalKey": "gdfdfggfd_fdgfdgfdg_2000-01-01",
    "firstName": "psc-e",
    "lastName": "psc-e",
    "dateOfBirth": "2000-01-01T00:00:00.000Z",
    "status": "active",
    "promotions": [],
    "__v": 0
  },
  {
    "_id": "692cad0989fca919b378b688",
    "logicalKey": "psa-e_psa-e_2000-01-01",
    "firstName": "psa-e",
    "lastName": "psa-e",
    "dateOfBirth": "2000-01-01T00:00:00.000Z",
    "avatarUrl": "/uploads/students/fax-1765710998914.jpg",
    "level": "MS",
    "schoolYearId": "692cabe589fca919b378b632",
    "status": "active",
    "promotions": [
      {
        "schoolYearId": "692cabdf89fca919b378b62a",
        "date": "2025-11-30T20:48:47.522Z",
        "fromLevel": "PS",
        "toLevel": "MS",
        "promotedBy": "6929e1e1e358ca0ef47a328a",
        "_id": "692cadaf89fca919b378b92f"
      }
    ],
    "__v": 0
  },
  {
    "_id": "692cad1189fca919b378b693",
    "logicalKey": "psb-e_psb-e_2000-01-01",
    "firstName": "psb-e",
    "lastName": "psb-e",
    "dateOfBirth": "2000-01-01T00:00:00.000Z",
    "status": "active",
    "promotions": [],
    "__v": 0
  },
  {
    "_id": "692cad1989fca919b378b69e",
    "logicalKey": "psd-e_psd-e_2000-01-01",
    "firstName": "psd-e",
    "lastName": "psd-e",
    "dateOfBirth": "2000-01-01T00:00:00.000Z",
    "status": "active",
    "promotions": [],
    "__v": 0
  },
  {
    "_id": "692cad2089fca919b378b6a9",
    "logicalKey": "pse-e_pse-e_2000-01-01",
    "firstName": "pse-e",
    "lastName": "pse-e",
    "dateOfBirth": "2000-01-01T00:00:00.000Z",
    "status": "active",
    "promotions": [],
    "__v": 0
  },
  {
    "_id": "692cad2b89fca919b378b6b4",
    "logicalKey": "msa-e_msa-e_2000-01-01",
    "firstName": "msa-e",
    "lastName": "msa-e",
    "dateOfBirth": "2000-01-01T00:00:00.000Z",
    "nextLevel": "GS",
    "status": "active",
    "promotions": [
      {
        "schoolYearId": "692cabdf89fca919b378b62a",
        "date": "2025-12-02T19:51:03.481Z",
        "fromLevel": "MS",
        "toLevel": "GS",
        "promotedBy": "6929e1e1e358ca0ef47a328a",
        "_id": "692f432738a760901dd95d9f"
      }
    ],
    "__v": 0
  },
  {
    "_id": "692cad3289fca919b378b6bf",
    "logicalKey": "msb-e_msb-e_2000-01-01",
    "firstName": "msb-e",
    "lastName": "msb-e",
    "dateOfBirth": "2000-01-01T00:00:00.000Z",
    "status": "active",
    "promotions": [],
    "__v": 0
  },
  {
    "_id": "692cad3b89fca919b378b6ca",
    "logicalKey": "gsa-e_gsa-e_2000-01-01",
    "firstName": "gsa-e",
    "lastName": "gsa-e",
    "dateOfBirth": "2000-01-01T00:00:00.000Z",
    "nextLevel": "EB1",
    "status": "active",
    "promotions": [
      {
        "schoolYearId": "692cabdf89fca919b378b62a",
        "date": "2025-12-02T22:12:47.643Z",
        "fromLevel": "GS",
        "toLevel": "EB1",
        "promotedBy": "6929e1e1e358ca0ef47a328a",
        "_id": "692f645f5768b71d04eb24f8"
      }
    ],
    "__v": 0
  },
  {
    "_id": "692cad4889fca919b378b6d7",
    "logicalKey": "gsb-e_gsb-e_2000-01-01",
    "firstName": "gsb-e",
    "lastName": "gsb-e",
    "dateOfBirth": "2000-01-01T00:00:00.000Z",
    "status": "active",
    "promotions": [],
    "__v": 0
  },
  {
    "_id": "6930c295a242336b2697c03b",
    "logicalKey": "patrick_patt_2020-01-01",
    "firstName": "patrick",
    "lastName": "patt",
    "dateOfBirth": "2020-01-01T00:00:00.000Z",
    "nextLevel": "GS",
    "status": "active",
    "promotions": [
      {
        "schoolYearId": "692cabdf89fca919b378b62a",
        "date": "2025-12-16T23:27:52.758Z",
        "fromLevel": "MS",
        "toLevel": "GS",
        "promotedBy": "6929e1e1e358ca0ef47a328a",
        "_id": "6941eaf87e4ffabf7be2e6c0"
      }
    ],
    "__v": 0
  },
  {
    "_id": "6930c295a242336b2697c042",
    "logicalKey": "geo_george_2020-01-01",
    "firstName": "geo",
    "lastName": "george",
    "dateOfBirth": "2020-01-01T00:00:00.000Z",
    "status": "active",
    "promotions": [],
    "__v": 0
  },
  {
    "_id": "6930c295a242336b2697c049",
    "logicalKey": "gilbb_gill_2020-01-01",
    "firstName": "GILBB",
    "lastName": "GILL",
    "dateOfBirth": "2020-01-01T00:00:00.000Z",
    "status": "active",
    "promotions": [],
    "__v": 0
  },
  {
    "_id": "69334b79c193954c691484d6",
    "logicalKey": "dsvds_dvsdsvdvsvd_2000-01-01",
    "firstName": "dsvds",
    "lastName": "dvsdsvdvsvd",
    "dateOfBirth": "2000-01-01T00:00:00.000Z",
    "nextLevel": "MS",
    "status": "active",
    "promotions": [
      {
        "schoolYearId": "692cabdf89fca919b378b62a",
        "date": "2025-12-14T18:47:59.134Z",
        "fromLevel": "PS",
        "toLevel": "MS",
        "promotedBy": "6929e1e1e358ca0ef47a328a",
        "_id": "693f065fae8c091a62e473b2"
      }
    ],
    "__v": 0
  },
  {
    "_id": "69334b7fc193954c691484eb",
    "logicalKey": "testr_testr_2000-01-01",
    "firstName": "testr",
    "lastName": "testr",
    "dateOfBirth": "2000-01-01T00:00:00.000Z",
    "nextLevel": "MS",
    "status": "active",
    "promotions": [
      {
        "schoolYearId": "692cabdf89fca919b378b62a",
        "date": "2025-12-05T21:29:46.467Z",
        "fromLevel": "PS",
        "toLevel": "MS",
        "promotedBy": "6920c55e53ca32933c90bd95",
        "_id": "69334ecac193954c69148fcf"
      }
    ],
    "__v": 0
  },
  {
    "_id": "6933529eefea611c0ce3a141",
    "logicalKey": "test2_test2_2000-01-01",
    "firstName": "test2",
    "lastName": "test2",
    "dateOfBirth": "2000-01-01T00:00:00.000Z",
    "level": "GS",
    "nextLevel": "GS",
    "status": "active",
    "promotions": [
      {
        "schoolYearId": "692cabdf89fca919b378b62a",
        "date": "2025-12-05T21:47:00.144Z",
        "fromLevel": "PS",
        "toLevel": "MS",
        "promotedBy": "6930bb7ce1d9875b43a0b096",
        "_id": "693352d4efea611c0ce3a376"
      },
      {
        "schoolYearId": "692cabe589fca919b378b632",
        "date": "2025-12-05T21:57:28.275Z",
        "fromLevel": "MS",
        "toLevel": "GS",
        "promotedBy": "6930bb7ce1d9875b43a0b096",
        "_id": "69335548ce582c03b0b38eb7"
      }
    ],
    "__v": 0
  },
  {
    "_id": "69335392efea611c0ce3a6da",
    "logicalKey": "effe_fefef_2000-01-01",
    "firstName": "effe",
    "lastName": "fefef",
    "dateOfBirth": "2000-01-01T00:00:00.000Z",
    "level": "GS",
    "status": "active",
    "promotions": [],
    "__v": 0
  },
  {
    "_id": "6935fde08382df6636dc26c6",
    "logicalKey": "now_now_2000-01-01",
    "firstName": "now",
    "lastName": "now",
    "dateOfBirth": "2000-01-01T00:00:00.000Z",
    "nextLevel": "MS",
    "status": "active",
    "promotions": [
      {
        "schoolYearId": "692cabdf89fca919b378b62a",
        "date": "2025-12-14T20:18:57.992Z",
        "fromLevel": "PS",
        "toLevel": "MS",
        "promotedBy": "6929e1e1e358ca0ef47a328a",
        "_id": "693f1bb1bdff1bb15af0b6fd"
      }
    ],
    "__v": 0
  },
  {
    "_id": "6935fe118382df6636dc2851",
    "logicalKey": "now2_now2_2000-01-01",
    "firstName": "now2",
    "lastName": "now2",
    "dateOfBirth": "2000-01-01T00:00:00.000Z",
    "nextLevel": "MS",
    "status": "active",
    "promotions": [
      {
        "schoolYearId": "692cabdf89fca919b378b62a",
        "date": "2025-12-14T19:36:28.212Z",
        "fromLevel": "PS",
        "toLevel": "MS",
        "promotedBy": "6929e1e1e358ca0ef47a328a",
        "_id": "693f11bc293045c7c2ae6de1"
      }
    ],
    "__v": 0
  },
  {
    "_id": "693606315d02a47d8d1b048e",
    "logicalKey": "y_y_2000-01-01",
    "firstName": "y",
    "lastName": "y",
    "dateOfBirth": "2000-01-01T00:00:00.000Z",
    "status": "active",
    "promotions": [],
    "__v": 0
  },
  {
    "_id": "69373e8b400fca68ea8954fe",
    "logicalKey": "gsa_gas_2000-01-01",
    "firstName": "gsa",
    "lastName": "gas",
    "dateOfBirth": "2000-01-01T00:00:00.000Z",
    "status": "active",
    "promotions": [],
    "__v": 0
  },
  {
    "_id": "693f245dc5433bb16e95106f",
    "logicalKey": "signme_signme_2000-01-01",
    "firstName": "signme",
    "lastName": "signme",
    "dateOfBirth": "2000-01-01T00:00:00.000Z",
    "nextLevel": "MS",
    "status": "active",
    "promotions": [
      {
        "schoolYearId": "692cabdf89fca919b378b62a",
        "date": "2025-12-14T20:57:39.420Z",
        "fromLevel": "PS",
        "toLevel": "MS",
        "promotedBy": "6929e1e1e358ca0ef47a328a",
        "_id": "693f24c3c5433bb16e9515d0"
      }
    ],
    "__v": 0
  },
  {
    "_id": "693f2ef8570c5baf549101d1",
    "logicalKey": "newtry_newtry_2000-01-01",
    "firstName": "newtry",
    "lastName": "newtry",
    "dateOfBirth": "2000-01-01T00:00:00.000Z",
    "nextLevel": "MS",
    "status": "active",
    "promotions": [
      {
        "schoolYearId": "692cabdf89fca919b378b62a",
        "date": "2025-12-14T21:42:54.681Z",
        "fromLevel": "PS",
        "toLevel": "MS",
        "promotedBy": "6929e1e1e358ca0ef47a328a",
        "_id": "693f2f5e570c5baf54910838"
      }
    ],
    "__v": 0
  },
  {
    "_id": "693f3244800ec8ca4fa91a1b",
    "logicalKey": "again_again_2000-01-01",
    "firstName": "again",
    "lastName": "again",
    "dateOfBirth": "2000-01-01T00:00:00.000Z",
    "nextLevel": "MS",
    "status": "active",
    "promotions": [
      {
        "schoolYearId": "692cabdf89fca919b378b62a",
        "date": "2025-12-14T21:56:42.331Z",
        "fromLevel": "PS",
        "toLevel": "MS",
        "promotedBy": "6929e1e1e358ca0ef47a328a",
        "_id": "693f329a800ec8ca4fa9209e"
      }
    ],
    "__v": 0
  },
  {
    "_id": "693f35395a4eddbac1fb8c26",
    "logicalKey": "open_open_2000-01-01",
    "firstName": "open",
    "lastName": "open",
    "dateOfBirth": "2000-01-01T00:00:00.000Z",
    "nextLevel": "MS",
    "status": "active",
    "promotions": [
      {
        "schoolYearId": "692cabdf89fca919b378b62a",
        "date": "2025-12-14T22:09:38.415Z",
        "fromLevel": "PS",
        "toLevel": "MS",
        "promotedBy": "6929e1e1e358ca0ef47a328a",
        "_id": "693f35a25a4eddbac1fb92e0"
      }
    ],
    "__v": 0
  },
  {
    "_id": "693f3a85124d6d2322f259ab",
    "logicalKey": "before_before_2000-01-01",
    "firstName": "before",
    "lastName": "before",
    "dateOfBirth": "2000-01-01T00:00:00.000Z",
    "nextLevel": "MS",
    "status": "active",
    "promotions": [
      {
        "schoolYearId": "692cabdf89fca919b378b62a",
        "date": "2025-12-14T22:32:24.411Z",
        "fromLevel": "PS",
        "toLevel": "MS",
        "promotedBy": "6929e1e1e358ca0ef47a328a",
        "_id": "693f3af8124d6d2322f2606c"
      }
    ],
    "__v": 0
  },
  {
    "_id": "693f47f2b16d339bd625a7f2",
    "logicalKey": "cur_cur_2000-01-01",
    "firstName": "cur",
    "lastName": "cur",
    "dateOfBirth": "2000-01-01T00:00:00.000Z",
    "nextLevel": "MS",
    "status": "active",
    "promotions": [
      {
        "schoolYearId": "692cabdf89fca919b378b62a",
        "date": "2025-12-14T23:29:08.217Z",
        "fromLevel": "PS",
        "toLevel": "MS",
        "promotedBy": "6929e1e1e358ca0ef47a328a",
        "_id": "693f4844b16d339bd625aecf"
      }
    ],
    "__v": 0
  },
  {
    "_id": "693f4c635023ac09f471c4ac",
    "logicalKey": "trai_trai_2000-01-01",
    "firstName": "trai",
    "lastName": "trai",
    "dateOfBirth": "2000-01-01T00:00:00.000Z",
    "nextLevel": "MS",
    "status": "active",
    "promotions": [
      {
        "schoolYearId": "692cabdf89fca919b378b62a",
        "date": "2025-12-14T23:47:48.549Z",
        "fromLevel": "PS",
        "toLevel": "MS",
        "promotedBy": "6929e1e1e358ca0ef47a328a",
        "_id": "693f4ca45023ac09f471cb99"
      }
    ],
    "__v": 0
  },
  {
    "_id": "693f52d93766d2c0e51baf94",
    "logicalKey": "aaa_aaa_2000-01-01",
    "firstName": "aaa",
    "lastName": "aaa",
    "dateOfBirth": "2000-01-01T00:00:00.000Z",
    "nextLevel": "MS",
    "status": "active",
    "promotions": [
      {
        "schoolYearId": "692cabdf89fca919b378b62a",
        "date": "2025-12-15T00:15:37.653Z",
        "fromLevel": "PS",
        "toLevel": "MS",
        "promotedBy": "6929e1e1e358ca0ef47a328a",
        "_id": "693f53293766d2c0e51bb6a2"
      }
    ],
    "__v": 0
  },
  {
    "_id": "6941a739ec9491d30bcf4044",
    "logicalKey": "after5.2_after5.2_2000-01-01",
    "firstName": "after5.2",
    "lastName": "after5.2",
    "dateOfBirth": "2000-01-01T00:00:00.000Z",
    "nextLevel": "GS",
    "status": "active",
    "promotions": [
      {
        "schoolYearId": "692cabdf89fca919b378b62a",
        "date": "2025-12-16T19:02:44.999Z",
        "fromLevel": "PS",
        "toLevel": "MS",
        "promotedBy": "6929e1e1e358ca0ef47a328a",
        "_id": "6941acd4a5fffce5b83057a3"
      },
      {
        "schoolYearId": "692cabe589fca919b378b632",
        "date": "2025-12-16T19:06:43.122Z",
        "fromLevel": "MS",
        "toLevel": "GS",
        "promotedBy": "6929e1e1e358ca0ef47a328a",
        "_id": "6941adc3a5fffce5b8305d94"
      }
    ],
    "__v": 0
  },
  {
    "_id": "6941ec237e4ffabf7be2ee6c",
    "logicalKey": "wtf_wtf_2000-01-01",
    "firstName": "wtf",
    "lastName": "wtf",
    "dateOfBirth": "2000-01-01T00:00:00.000Z",
    "nextLevel": "GS",
    "status": "active",
    "promotions": [
      {
        "schoolYearId": "692cabdf89fca919b378b62a",
        "date": "2025-12-16T23:34:52.590Z",
        "fromLevel": "PS",
        "toLevel": "MS",
        "promotedBy": "6929e1e1e358ca0ef47a328a",
        "_id": "6941ec9c7e4ffabf7be2f50c"
      },
      {
        "schoolYearId": "692cabe589fca919b378b632",
        "date": "2025-12-16T23:36:28.636Z",
        "fromLevel": "MS",
        "toLevel": "GS",
        "promotedBy": "6929e1e1e358ca0ef47a328a",
        "_id": "6941ecfc7e4ffabf7be2fa92"
      }
    ],
    "__v": 0
  },
  {
    "_id": "6942fcaff2c0f04e7e6e611d",
    "logicalKey": "is?_is?_2000-01-01",
    "firstName": "is?",
    "lastName": "is?",
    "dateOfBirth": "2000-01-01T00:00:00.000Z",
    "nextLevel": "GS",
    "status": "active",
    "promotions": [
      {
        "schoolYearId": "692cabdf89fca919b378b62a",
        "date": "2025-12-17T18:58:12.247Z",
        "fromLevel": "PS",
        "toLevel": "MS",
        "promotedBy": "6929e1e1e358ca0ef47a328a",
        "_id": "6942fd44f2c0f04e7e6e6753"
      },
      {
        "schoolYearId": "692cabe589fca919b378b632",
        "date": "2025-12-17T19:00:34.031Z",
        "fromLevel": "MS",
        "toLevel": "GS",
        "promotedBy": "6929e1e1e358ca0ef47a328a",
        "_id": "6942fdd2f2c0f04e7e6e6cfa"
      }
    ],
    "__v": 0
  },
  {
    "_id": "694301d192ee8d200a3a934d",
    "logicalKey": "des_des_2000-01-01",
    "firstName": "des",
    "lastName": "des",
    "dateOfBirth": "2000-01-01T00:00:00.000Z",
    "nextLevel": "MS",
    "status": "active",
    "promotions": [
      {
        "schoolYearId": "692cabdf89fca919b378b62a",
        "date": "2025-12-17T19:18:57.169Z",
        "fromLevel": "PS",
        "toLevel": "MS",
        "promotedBy": "6929e1e1e358ca0ef47a328a",
        "_id": "6943022192ee8d200a3a998b"
      }
    ],
    "__v": 0
  },
  {
    "_id": "69430b076192461a16776089",
    "logicalKey": "gilbert_gilbert_2000-01-01",
    "firstName": "Gilbert",
    "lastName": "Gilbert",
    "dateOfBirth": "2000-01-01T00:00:00.000Z",
    "nextLevel": "MS",
    "status": "active",
    "promotions": [
      {
        "schoolYearId": "692cabdf89fca919b378b62a",
        "date": "2025-12-17T19:58:24.890Z",
        "fromLevel": "PS",
        "toLevel": "MS",
        "promotedBy": "6929e1e1e358ca0ef47a328a",
        "_id": "69430b606192461a16776620"
      }
    ],
    "__v": 0
  },
  {
    "_id": "69430dd56192461a1677687a",
    "logicalKey": "data_data_2000-01-01",
    "firstName": "data",
    "lastName": "data",
    "dateOfBirth": "2000-01-01T00:00:00.000Z",
    "nextLevel": "MS",
    "status": "active",
    "promotions": [
      {
        "schoolYearId": "692cabdf89fca919b378b62a",
        "date": "2025-12-17T20:10:21.979Z",
        "fromLevel": "PS",
        "toLevel": "MS",
        "promotedBy": "6929e1e1e358ca0ef47a328a",
        "_id": "69430e2d6192461a16776b92"
      }
    ],
    "__v": 0
  }
]