[
  {
    "_id": "6933514e204a74aee5023cdd",
    "teacherId": "6929e1d1e358ca0ef47a3286",
    "classId": "69334ed9c193954c69148ffc",
    "schoolYearId": "692cabe589fca919b378b632",
    "languages": [
      "ar"
    ],
    "isProfPolyvalent": false,
    "assignedAt": "2025-12-05T21:40:30.886Z",
    "assignedBy": "6930bb7ce1d9875b43a0b096",
    "__v": 0
  },
  {
    "_id": "693355b3204a74aee5023cde",
    "teacherId": "6929e1d1e358ca0ef47a3286",
    "classId": "69335555ce582c03b0b38ee4",
    "schoolYearId": "692cabe989fca919b378b63e",
    "languages": [
      "ar"
    ],
    "isProfPolyvalent": false,
    "assignedAt": "2025-12-05T21:59:15.660Z",
    "assignedBy": "6930bb7ce1d9875b43a0b096",
    "__v": 0
  },
  {
    "_id": "69373475204a74aee5023ce0",
    "teacherId": "6937345bba6658cc2b66a553",
    "classId": "692cace989fca919b378b648",
    "schoolYearId": "692cabdf89fca919b378b62a",
    "languages": [
      "en"
    ],
    "isProfPolyvalent": false,
    "assignedAt": "2025-12-08T20:26:29.504Z",
    "assignedBy": "6930bb7ce1d9875b43a0b096",
    "__v": 0
  },
  {
    "_id": "69373475204a74aee5023cdf",
    "teacherId": "6937345bba6658cc2b66a553",
    "classId": "692cacec89fca919b378b657",
    "schoolYearId": "692cabdf89fca919b378b62a",
    "languages": [
      "en"
    ],
    "isProfPolyvalent": false,
    "assignedAt": "2025-12-08T20:26:29.507Z",
    "assignedBy": "6930bb7ce1d9875b43a0b096",
    "__v": 0
  },
  {
    "_id": "69373475204a74aee5023ce1",
    "teacherId": "6937345bba6658cc2b66a553",
    "classId": "692caced89fca919b378b666",
    "schoolYearId": "692cabdf89fca919b378b62a",
    "languages": [
      "en"
    ],
    "isProfPolyvalent": false,
    "assignedAt": "2025-12-08T20:26:29.509Z",
    "assignedBy": "6930bb7ce1d9875b43a0b096",
    "__v": 0
  },
  {
    "_id": "69373b22204a74aee5023ce5",
    "teacherId": "6929e1d1e358ca0ef47a3286",
    "classId": "692cace989fca919b378b648",
    "schoolYearId": "692cabdf89fca919b378b62a",
    "languages": [
      "ar"
    ],
    "isProfPolyvalent": false,
    "assignedAt": "2025-12-08T20:54:58.637Z",
    "assignedBy": "6930bb7ce1d9875b43a0b096",
    "__v": 0
  },
  {
    "_id": "69373b22204a74aee5023ce6",
    "teacherId": "6929e1d1e358ca0ef47a3286",
    "classId": "692cacec89fca919b378b657",
    "schoolYearId": "692cabdf89fca919b378b62a",
    "languages": [
      "ar"
    ],
    "isProfPolyvalent": false,
    "assignedAt": "2025-12-08T20:54:58.639Z",
    "assignedBy": "6930bb7ce1d9875b43a0b096",
    "__v": 0
  },
  {
    "_id": "69373b22204a74aee5023ce7",
    "teacherId": "6929e1d1e358ca0ef47a3286",
    "classId": "692caced89fca919b378b666",
    "schoolYearId": "692cabdf89fca919b378b62a",
    "languages": [
      "ar"
    ],
    "isProfPolyvalent": false,
    "assignedAt": "2025-12-08T20:54:58.640Z",
    "assignedBy": "6930bb7ce1d9875b43a0b096",
    "__v": 0
  },
  {
    "_id": "693750d6204a74aee5023cf3",
    "teacherId": "6930b59cf7aca9a6156cd995",
    "classId": "692cace989fca919b378b648",
    "schoolYearId": "692cabdf89fca919b378b62a",
    "languages": [],
    "isProfPolyvalent": true,
    "assignedAt": "2025-12-08T22:27:34.081Z",
    "assignedBy": "6930bb7ce1d9875b43a0b096",
    "__v": 0
  },
  {
    "_id": "693750d6204a74aee5023cf4",
    "teacherId": "6930b59cf7aca9a6156cd995",
    "classId": "692cacec89fca919b378b657",
    "schoolYearId": "692cabdf89fca919b378b62a",
    "languages": [],
    "isProfPolyvalent": true,
    "assignedAt": "2025-12-08T22:27:34.084Z",
    "assignedBy": "6930bb7ce1d9875b43a0b096",
    "__v": 0
  },
  {
    "_id": "693750d6204a74aee5023cf5",
    "teacherId": "6930b59cf7aca9a6156cd995",
    "classId": "692caced89fca919b378b666",
    "schoolYearId": "692cabdf89fca919b378b62a",
    "languages": [],
    "isProfPolyvalent": true,
    "assignedAt": "2025-12-08T22:27:34.084Z",
    "assignedBy": "6930bb7ce1d9875b43a0b096",
    "__v": 0
  },
  {
    "_id": "693f123808687cb5c9c359ab",
    "teacherId": "6937345bba6658cc2b66a553",
    "classId": "69334ed9c193954c69148ffc",
    "schoolYearId": "692cabe589fca919b378b632",
    "languages": [
      "en"
    ],
    "isProfPolyvalent": false,
    "assignedAt": "2025-12-14T19:38:32.682Z",
    "assignedBy": "6930bb7ce1d9875b43a0b096",
    "__v": 0
  },
  {
    "_id": "693f123d08687cb5c9c359ac",
    "teacherId": "6930b59cf7aca9a6156cd995",
    "classId": "69334ed9c193954c69148ffc",
    "schoolYearId": "692cabe589fca919b378b632",
    "languages": [],
    "isProfPolyvalent": true,
    "assignedAt": "2025-12-14T19:38:37.524Z",
    "assignedBy": "6930bb7ce1d9875b43a0b096",
    "__v": 0
  },
  {
    "_id": "6941ae6b08687cb5c9c359b1",
    "teacherId": "6937345bba6658cc2b66a553",
    "classId": "69335555ce582c03b0b38ee4",
    "schoolYearId": "692cabe989fca919b378b63e",
    "languages": [
      "en"
    ],
    "isProfPolyvalent": false,
    "assignedAt": "2025-12-16T19:09:31.052Z",
    "assignedBy": "6930bb7ce1d9875b43a0b096",
    "__v": 0
  },
  {
    "_id": "6941ae6f08687cb5c9c359b2",
    "teacherId": "6930b59cf7aca9a6156cd995",
    "classId": "69335555ce582c03b0b38ee4",
    "schoolYearId": "692cabe989fca919b378b63e",
    "languages": [],
    "isProfPolyvalent": true,
    "assignedAt": "2025-12-16T19:09:35.848Z",
    "assignedBy": "6930bb7ce1d9875b43a0b096",
    "__v": 0
  },
  {
    "_id": "6941eb4608687cb5c9c359b5",
    "teacherId": "6929e1d1e358ca0ef47a3286",
    "classId": "6941eb037e4ffabf7be2e74e",
    "schoolYearId": "692cabe589fca919b378b632",
    "languages": [
      "en"
    ],
    "isProfPolyvalent": false,
    "assignedAt": "2025-12-16T23:29:10.443Z",
    "assignedBy": "6930bb7ce1d9875b43a0b096",
    "__v": 0
  },
  {
    "_id": "6941eb6008687cb5c9c359b7",
    "teacherId": "6937345bba6658cc2b66a553",
    "classId": "6941eb037e4ffabf7be2e74e",
    "schoolYearId": "692cabe589fca919b378b632",
    "languages": [
      "ar"
    ],
    "isProfPolyvalent": false,
    "assignedAt": "2025-12-16T23:29:36.051Z",
    "assignedBy": "6930bb7ce1d9875b43a0b096",
    "__v": 0
  },
  {
    "_id": "6941eb6408687cb5c9c359b8",
    "teacherId": "6930b59cf7aca9a6156cd995",
    "classId": "6941eb037e4ffabf7be2e74e",
    "schoolYearId": "692cabe589fca919b378b632",
    "languages": [],
    "isProfPolyvalent": true,
    "assignedAt": "2025-12-16T23:29:40.468Z",
    "assignedBy": "6930bb7ce1d9875b43a0b096",
    "__v": 0
  }
]