[
  {
    "_id": "693dd28b08687cb5c9c35991",
    "templateId": "6935ace250527885e27f4c51",
    "templateVersion": 11,
    "studentId": "692cad0989fca919b378b688",
    "assignedTeachers": [
      "6937345bba6658cc2b66a553",
      "6929e1d1e358ca0ef47a3286",
      "6930b59cf7aca9a6156cd995"
    ],
    "teacherCompletions": [
      {
        "teacherId": "6930b59cf7aca9a6156cd995",
        "completed": true,
        "completedAt": "2025-12-14T20:54:55.789Z",
        "completedSem1": true,
        "completedAtSem1": "2025-12-14T20:54:55.789Z",
        "_id": "693f241fc5433bb16e950ee8"
      },
      {
        "teacherId": "6937345bba6658cc2b66a553",
        "completed": true,
        "completedAt": "2025-12-14T20:55:00.913Z",
        "completedSem1": true,
        "completedAtSem1": "2025-12-14T20:55:00.913Z",
        "_id": "693f2424c5433bb16e950f3d"
      },
      {
        "teacherId": "6929e1d1e358ca0ef47a3286",
        "completed": true,
        "completedAt": "2025-12-14T20:55:04.695Z",
        "completedSem1": true,
        "completedAtSem1": "2025-12-14T20:55:04.695Z",
        "_id": "693f2428c5433bb16e950f93"
      }
    ],
    "status": "signed",
    "assignedAt": "2025-12-14T10:40:21.038Z",
    "assignedBy": "6930bb7ce1d9875b43a0b096",
    "isCompleted": true,
    "completedAt": "2025-12-14T20:55:04.695Z",
    "completedBy": "6929e1d1e358ca0ef47a3286",
    "isCompletedSem1": true,
    "completedAtSem1": "2025-12-14T20:55:04.695Z",
    "isCompletedSem2": false,
    "data": {
      "table_2_19_row_0": [
        {
          "code": "lb",
          "label": "Lebanese",
          "emoji": "🇱🇧",
          "active": false
        },
        {
          "code": "fr",
          "label": "French",
          "emoji": "🇫🇷",
          "active": false
        },
        {
          "code": "en",
          "label": "English",
          "emoji": "🇬🇧",
          "active": false
        },
        {
          "code": "en",
          "label": "English",
          "emoji": "🇬🇧",
          "active": false
        },
        {
          "code": "lb",
          "label": "Lebanese",
          "emoji": "🇱🇧",
          "active": false
        },
        {
          "code": "ar",
          "label": "العربية",
          "emoji": "🇱🇧",
          "active": false
        }
      ],
      "signatures": [
        {
          "type": "standard",
          "signedAt": "2025-12-14T20:55:21.652Z",
          "subAdminId": "6929e1e1e358ca0ef47a328a",
          "schoolYearId": "692cabdf89fca919b378b62a",
          "schoolYearName": "2025/2026"
        }
      ]
    },
    "__v": 0
  },
  {
    "_id": "693dd28b08687cb5c9c35992",
    "templateId": "6935ace250527885e27f4c51",
    "templateVersion": 11,
    "studentId": "6930c295a242336b2697c042",
    "assignedTeachers": [
      "6937345bba6658cc2b66a553",
      "6929e1d1e358ca0ef47a3286",
      "6930b59cf7aca9a6156cd995"
    ],
    "teacherCompletions": [
      {
        "teacherId": "6930b59cf7aca9a6156cd995",
        "completed": true,
        "completedAt": "2025-12-13T21:13:32.862Z",
        "_id": "693dd6fc115f9cb4a21e7a27"
      },
      {
        "teacherId": "6937345bba6658cc2b66a553",
        "completed": true,
        "completedAt": "2025-12-13T21:14:10.040Z",
        "_id": "693dd722115f9cb4a21e7b97"
      },
      {
        "teacherId": "6929e1d1e358ca0ef47a3286",
        "completed": true,
        "completedAt": "2025-12-13T21:14:31.779Z",
        "_id": "693dd737115f9cb4a21e7c56"
      }
    ],
    "status": "signed",
    "assignedAt": "2025-12-14T10:40:21.041Z",
    "assignedBy": "6930bb7ce1d9875b43a0b096",
    "isCompleted": true,
    "completedAt": "2025-12-13T21:14:31.779Z",
    "completedBy": "6929e1d1e358ca0ef47a3286",
    "isCompletedSem1": false,
    "isCompletedSem2": false,
    "data": {
      "table_20_row_1": [
        {
          "code": "en",
          "label": "English",
          "emoji": "🇬🇧",
          "active": false,
          "level": "MS"
        }
      ],
      "table_18_row_0": [
        {
          "code": "lb",
          "label": "Lebanese",
          "emoji": "🇱🇧",
          "active": false,
          "level": "MS"
        },
        {
          "code": "fr",
          "label": "French",
          "emoji": "🇫🇷",
          "active": false,
          "level": "MS"
        },
        {
          "code": "en",
          "label": "English",
          "emoji": "🇬🇧",
          "active": false,
          "level": "MS"
        }
      ],
      "table_18_row_1": [
        {
          "code": "lb",
          "label": "Lebanese",
          "emoji": "🇱🇧",
          "active": false,
          "level": "MS"
        },
        {
          "code": "fr",
          "label": "French",
          "emoji": "🇫🇷",
          "active": false,
          "level": "MS"
        },
        {
          "code": "en",
          "label": "English",
          "emoji": "🇬🇧",
          "active": false,
          "level": "MS"
        }
      ],
      "table_20_row_0": [
        {
          "code": "en",
          "label": "English",
          "emoji": "🇬🇧",
          "active": false,
          "level": "MS"
        }
      ],
      "table_20_row_2": [
        {
          "code": "en",
          "label": "English",
          "emoji": "🇬🇧",
          "active": true,
          "level": "MS"
        }
      ],
      "table_17_row_2": [
        {
          "code": "lb",
          "label": "Lebanese",
          "emoji": "🇱🇧",
          "active": false
        },
        {
          "code": "fr",
          "label": "French",
          "emoji": "🇫🇷",
          "active": true
        },
        {
          "code": "en",
          "label": "English",
          "emoji": "🇬🇧",
          "active": false
        }
      ],
      "table_19_row_2": [
        {
          "code": "lb",
          "label": "Lebanese",
          "emoji": "🇱🇧",
          "active": false
        },
        {
          "code": "fr",
          "label": "French",
          "emoji": "🇫🇷",
          "active": true
        },
        {
          "code": "en",
          "label": "English",
          "emoji": "🇬🇧",
          "active": false
        }
      ],
      "table_16_row_2": [
        {
          "code": "lb",
          "label": "Lebanese",
          "emoji": "🇱🇧",
          "active": false
        },
        {
          "code": "fr",
          "label": "French",
          "emoji": "🇫🇷",
          "active": true
        },
        {
          "code": "en",
          "label": "English",
          "emoji": "🇬🇧",
          "active": false
        }
      ],
      "table_16_row_1": [
        {
          "code": "lb",
          "label": "Lebanese",
          "emoji": "🇱🇧",
          "active": false
        },
        {
          "code": "fr",
          "label": "French",
          "emoji": "🇫🇷",
          "active": true
        },
        {
          "code": "en",
          "label": "English",
          "emoji": "🇬🇧",
          "active": true
        }
      ],
      "table_19_row_0": [
        {
          "code": "lb",
          "label": "Lebanese",
          "emoji": "🇱🇧",
          "active": false
        },
        {
          "code": "fr",
          "label": "French",
          "emoji": "🇫🇷",
          "active": true
        },
        {
          "code": "en",
          "label": "English",
          "emoji": "🇬🇧",
          "active": true
        }
      ],
      "table_16_row_0": [
        {
          "code": "lb",
          "label": "Lebanese",
          "emoji": "🇱🇧",
          "active": false
        },
        {
          "code": "fr",
          "label": "French",
          "emoji": "🇫🇷",
          "active": false
        },
        {
          "code": "en",
          "label": "English",
          "emoji": "🇬🇧",
          "active": true
        }
      ],
      "table_19_row_1": [
        {
          "code": "lb",
          "label": "Lebanese",
          "emoji": "🇱🇧",
          "active": false
        },
        {
          "code": "fr",
          "label": "French",
          "emoji": "🇫🇷",
          "active": false
        },
        {
          "code": "en",
          "label": "English",
          "emoji": "🇬🇧",
          "active": true
        }
      ],
      "table_17_row_0": [
        {
          "code": "lb",
          "label": "Lebanese",
          "emoji": "🇱🇧",
          "active": false
        },
        {
          "code": "fr",
          "label": "French",
          "emoji": "🇫🇷",
          "active": false
        },
        {
          "code": "en",
          "label": "English",
          "emoji": "🇬🇧",
          "active": true
        }
      ],
      "table_17_row_1": [
        {
          "code": "lb",
          "label": "Lebanese",
          "emoji": "🇱🇧",
          "active": false
        },
        {
          "code": "fr",
          "label": "French",
          "emoji": "🇫🇷",
          "active": false
        },
        {
          "code": "en",
          "label": "English",
          "emoji": "🇬🇧",
          "active": true
        }
      ]
    },
    "__v": 0
  },
  {
    "_id": "693dd28b08687cb5c9c35993",
    "templateId": "6935ace250527885e27f4c51",
    "templateVersion": 11,
    "studentId": "69334b79c193954c691484d6",
    "assignedTeachers": [
      "6929e1d1e358ca0ef47a3286",
      "6937345bba6658cc2b66a553",
      "6930b59cf7aca9a6156cd995"
    ],
    "teacherCompletions": [
      {
        "teacherId": "6929e1d1e358ca0ef47a3286",
        "completed": true,
        "completedAt": "2025-12-14T18:57:30.017Z",
        "completedSem1": true,
        "completedAtSem1": "2025-12-14T18:57:30.017Z",
        "_id": "693f089af40e7ce535681b55"
      }
    ],
    "status": "completed",
    "assignedAt": "2025-12-14T10:40:21.044Z",
    "assignedBy": "6930bb7ce1d9875b43a0b096",
    "isCompleted": true,
    "completedAt": "2025-12-14T18:57:30.017Z",
    "completedBy": "6929e1d1e358ca0ef47a3286",
    "isCompletedSem1": true,
    "completedAtSem1": "2025-12-14T18:57:30.017Z",
    "isCompletedSem2": true,
    "completedAtSem2": "2025-12-14T18:45:44.140Z",
    "data": {
      "table_2_19_row_0": [
        {
          "code": "lb",
          "label": "Lebanese",
          "emoji": "🇱🇧",
          "active": false
        },
        {
          "code": "lb",
          "label": "Lebanese",
          "emoji": "🇱🇧",
          "active": false
        },
        {
          "code": "lb",
          "label": "Lebanese",
          "emoji": "🇱🇧",
          "active": false
        }
      ],
      "table_2_19_row_1": [
        {
          "code": "lb",
          "label": "Lebanese",
          "emoji": "🇱🇧",
          "active": false
        },
        {
          "code": "fr",
          "label": "French",
          "emoji": "🇫🇷",
          "active": true
        },
        {
          "code": "en",
          "label": "English",
          "emoji": "🇬🇧",
          "active": false
        },
        {
          "code": "en",
          "label": "English",
          "emoji": "🇬🇧",
          "active": false
        },
        {
          "code": "lb",
          "label": "Lebanese",
          "emoji": "🇱🇧",
          "active": true
        },
        {
          "code": "ar",
          "label": "العربية",
          "emoji": "🇱🇧",
          "active": true
        }
      ],
      "table_2_16_row_0": [
        {
          "code": "lb",
          "label": "Lebanese",
          "emoji": "🇱🇧",
          "active": false
        },
        {
          "code": "fr",
          "label": "French",
          "emoji": "🇫🇷",
          "active": true
        },
        {
          "code": "en",
          "label": "English",
          "emoji": "🇬🇧",
          "active": false
        }
      ],
      "table_2_16_row_1": [
        {
          "code": "lb",
          "label": "Lebanese",
          "emoji": "🇱🇧",
          "active": false
        },
        {
          "code": "fr",
          "label": "French",
          "emoji": "🇫🇷",
          "active": false
        },
        {
          "code": "en",
          "label": "English",
          "emoji": "🇬🇧",
          "active": false
        }
      ],
      "table_2_16_row_2": [
        {
          "code": "lb",
          "label": "Lebanese",
          "emoji": "🇱🇧",
          "active": true
        },
        {
          "code": "fr",
          "label": "French",
          "emoji": "🇫🇷",
          "active": false
        },
        {
          "code": "en",
          "label": "English",
          "emoji": "🇬🇧",
          "active": false
        }
      ],
      "table_2_17_row_0": [
        {
          "code": "lb",
          "label": "Lebanese",
          "emoji": "🇱🇧",
          "active": true
        },
        {
          "code": "fr",
          "label": "French",
          "emoji": "🇫🇷",
          "active": false
        },
        {
          "code": "en",
          "label": "English",
          "emoji": "🇬🇧",
          "active": false
        },
        {
          "code": "lb",
          "label": "Lebanese",
          "emoji": "🇱🇧",
          "active": true
        },
        {
          "code": "fr",
          "label": "Français",
          "emoji": "🇫🇷",
          "active": false
        },
        {
          "code": "en",
          "label": "English",
          "emoji": "🇬🇧",
          "active": false
        },
        {
          "code": "ar",
          "label": "العربية",
          "emoji": "🇱🇧",
          "active": false
        }
      ],
      "table_2_17_row_1": [
        {
          "code": "lb",
          "label": "Lebanese",
          "emoji": "🇱🇧",
          "active": true
        },
        {
          "code": "fr",
          "label": "French",
          "emoji": "🇫🇷",
          "active": false
        },
        {
          "code": "en",
          "label": "English",
          "emoji": "🇬🇧",
          "active": false
        },
        {
          "code": "new",
          "label": "English",
          "emoji": "🇬🇧",
          "active": false
        }
      ],
      "table_2_19_row_2": [
        {
          "code": "lb",
          "label": "Lebanese",
          "emoji": "🇱🇧",
          "active": false
        },
        {
          "code": "fr",
          "label": "French",
          "emoji": "🇫🇷",
          "active": true
        },
        {
          "code": "en",
          "label": "English",
          "emoji": "🇬🇧",
          "active": false
        },
        {
          "code": "en",
          "label": "English",
          "emoji": "🇬🇧",
          "active": false
        },
        {
          "code": "lb",
          "label": "Lebanese",
          "emoji": "🇱🇧",
          "active": false
        },
        {
          "code": "ar",
          "label": "العربية",
          "emoji": "🇱🇧",
          "active": false
        }
      ],
      "promotions": [
        {
          "from": "PS",
          "to": "MS",
          "date": "2025-12-14T18:47:59.140Z",
          "year": "2025/2026",
          "class": "PS A"
        }
      ],
      "signatures": []
    },
    "__v": 0
  },
  {
    "_id": "693dd28b08687cb5c9c35994",
    "templateId": "6935ace250527885e27f4c51",
    "templateVersion": 11,
    "studentId": "69334b7fc193954c691484eb",
    "assignedTeachers": [
      "6937345bba6658cc2b66a553",
      "6929e1d1e358ca0ef47a3286",
      "6930b59cf7aca9a6156cd995"
    ],
    "teacherCompletions": [
      {
        "teacherId": "6929e1d1e358ca0ef47a3286",
        "completed": true,
        "completedAt": "2025-12-14T20:53:53.216Z",
        "completedSem1": true,
        "completedAtSem1": "2025-12-14T20:53:53.216Z",
        "_id": "693f23e1c5433bb16e950bba"
      },
      {
        "teacherId": "6937345bba6658cc2b66a553",
        "completed": true,
        "completedAt": "2025-12-14T20:54:05.815Z",
        "completedSem1": true,
        "completedAtSem1": "2025-12-14T20:54:05.815Z",
        "_id": "693f23edc5433bb16e950cc4"
      },
      {
        "teacherId": "6930b59cf7aca9a6156cd995",
        "completed": true,
        "completedAt": "2025-12-14T20:54:15.812Z",
        "completedSem1": true,
        "completedAtSem1": "2025-12-14T20:54:15.812Z",
        "_id": "693f23f7c5433bb16e950d80"
      }
    ],
    "status": "signed",
    "assignedAt": "2025-12-14T10:40:21.045Z",
    "assignedBy": "6930bb7ce1d9875b43a0b096",
    "isCompleted": true,
    "completedAt": "2025-12-14T20:54:15.812Z",
    "completedBy": "6930b59cf7aca9a6156cd995",
    "isCompletedSem1": true,
    "completedAtSem1": "2025-12-14T20:54:15.812Z",
    "isCompletedSem2": false,
    "data": {
      "table_2_19_row_0": [
        {
          "code": "lb",
          "label": "Lebanese",
          "emoji": "🇱🇧",
          "active": false
        },
        {
          "code": "lb",
          "label": "Lebanese",
          "emoji": "🇱🇧",
          "active": false
        },
        {
          "code": "lb",
          "label": "Lebanese",
          "emoji": "🇱🇧",
          "active": false
        }
      ],
      "signatures": [
        {
          "type": "standard",
          "signedAt": "2025-12-14T20:54:28.866Z",
          "subAdminId": "6929e1e1e358ca0ef47a328a",
          "schoolYearId": "692cabdf89fca919b378b62a",
          "schoolYearName": "2025/2026"
        }
      ]
    },
    "__v": 0
  },
  {
    "_id": "693dd28b08687cb5c9c35995",
    "templateId": "6935ace250527885e27f4c51",
    "templateVersion": 11,
    "studentId": "6935fde08382df6636dc26c6",
    "assignedTeachers": [
      "6929e1d1e358ca0ef47a3286",
      "6937345bba6658cc2b66a553",
      "6930b59cf7aca9a6156cd995"
    ],
    "teacherCompletions": [
      {
        "teacherId": "6929e1d1e358ca0ef47a3286",
        "completed": true,
        "completedAt": "2025-12-14T20:19:26.652Z",
        "completedSem1": true,
        "completedAtSem1": "2025-12-14T20:19:26.652Z",
        "completedSem2": true,
        "completedAtSem2": "2025-12-15T19:42:52.692Z",
        "_id": "693f1bcebdff1bb15af0b849"
      },
      {
        "teacherId": "6937345bba6658cc2b66a553",
        "completed": true,
        "completedAt": "2025-12-14T20:19:31.850Z",
        "completedSem1": true,
        "completedAtSem1": "2025-12-14T20:19:31.850Z",
        "_id": "693f1bd3bdff1bb15af0b8db"
      },
      {
        "teacherId": "6930b59cf7aca9a6156cd995",
        "completed": true,
        "completedAt": "2025-12-14T20:19:38.570Z",
        "completedSem1": true,
        "completedAtSem1": "2025-12-14T20:19:38.570Z",
        "_id": "693f1bdabdff1bb15af0b973"
      }
    ],
    "status": "signed",
    "assignedAt": "2025-12-14T10:40:21.046Z",
    "assignedBy": "6930bb7ce1d9875b43a0b096",
    "isCompleted": true,
    "completedAt": "2025-12-14T20:19:38.570Z",
    "completedBy": "6930b59cf7aca9a6156cd995",
    "isCompletedSem1": true,
    "completedAtSem1": "2025-12-14T20:19:38.570Z",
    "isCompletedSem2": false,
    "completedAtSem2": "2025-12-14T20:18:41.161Z",
    "data": {
      "table_19_row_2": [
        {
          "code": "lb",
          "label": "Lebanese",
          "emoji": "🇱🇧",
          "active": true
        },
        {
          "code": "fr",
          "label": "French",
          "emoji": "🇫🇷",
          "active": true
        },
        {
          "code": "en",
          "label": "English",
          "emoji": "🇬🇧",
          "active": true
        }
      ],
      "table_19_row_1": [
        {
          "code": "lb",
          "label": "Lebanese",
          "emoji": "🇱🇧",
          "active": true
        },
        {
          "code": "fr",
          "label": "French",
          "emoji": "🇫🇷",
          "active": true
        },
        {
          "code": "en",
          "label": "English",
          "emoji": "🇬🇧",
          "active": true
        }
      ],
      "table_19_row_0": [
        {
          "code": "lb",
          "label": "Lebanese",
          "emoji": "🇱🇧",
          "active": true
        },
        {
          "code": "fr",
          "label": "French",
          "emoji": "🇫🇷",
          "active": true
        },
        {
          "code": "en",
          "label": "English",
          "emoji": "🇬🇧",
          "active": true
        }
      ],
      "table_18_row_1": [
        {
          "code": "lb",
          "label": "Lebanese",
          "emoji": "🇱🇧",
          "active": true,
          "level": "MS"
        },
        {
          "code": "fr",
          "label": "French",
          "emoji": "🇫🇷",
          "active": true,
          "level": "MS"
        },
        {
          "code": "en",
          "label": "English",
          "emoji": "🇬🇧",
          "active": true,
          "level": "MS"
        }
      ],
      "signatures": [
        {
          "type": "standard",
          "signedAt": "2025-12-14T20:39:36.917Z",
          "subAdminId": "6929e1e1e358ca0ef47a328a",
          "schoolYearId": "692cabe589fca919b378b632",
          "schoolYearName": "2026/2027"
        },
        {
          "type": "end_of_year",
          "signedAt": "2025-12-14T21:25:21.705Z",
          "subAdminId": "6929e1e1e358ca0ef47a328a",
          "schoolYearId": "692cabdf89fca919b378b62a",
          "schoolYearName": "2025/2026"
        }
      ],
      "promotions": [
        {
          "from": "PS",
          "to": "MS",
          "date": "2025-12-14T20:18:57.996Z",
          "year": "2025/2026",
          "class": "PS A"
        }
      ]
    },
    "__v": 0
  },
  {
    "_id": "693dd28b08687cb5c9c35996",
    "templateId": "6935ace250527885e27f4c51",
    "templateVersion": 11,
    "studentId": "6935fe118382df6636dc2851",
    "assignedTeachers": [
      "6929e1d1e358ca0ef47a3286",
      "6937345bba6658cc2b66a553",
      "6930b59cf7aca9a6156cd995"
    ],
    "teacherCompletions": [
      {
        "teacherId": "6929e1d1e358ca0ef47a3286",
        "completed": true,
        "completedAt": "2025-12-14T19:37:18.633Z",
        "completedSem1": true,
        "completedAtSem1": "2025-12-14T19:37:18.633Z",
        "_id": "693f11ee293045c7c2ae6f86"
      },
      {
        "teacherId": "6930b59cf7aca9a6156cd995",
        "completed": true,
        "completedAt": "2025-12-14T19:38:53.249Z",
        "completedSem1": true,
        "completedAtSem1": "2025-12-14T19:38:53.249Z",
        "_id": "693f124d293045c7c2ae71da"
      },
      {
        "teacherId": "6937345bba6658cc2b66a553",
        "completed": true,
        "completedAt": "2025-12-14T19:39:10.303Z",
        "completedSem1": true,
        "completedAtSem1": "2025-12-14T19:39:10.303Z",
        "_id": "693f125e293045c7c2ae72eb"
      }
    ],
    "status": "completed",
    "assignedAt": "2025-12-14T10:40:21.047Z",
    "assignedBy": "6930bb7ce1d9875b43a0b096",
    "isCompleted": true,
    "completedAt": "2025-12-14T19:39:10.303Z",
    "completedBy": "6937345bba6658cc2b66a553",
    "isCompletedSem1": true,
    "completedAtSem1": "2025-12-14T19:39:10.303Z",
    "isCompletedSem2": true,
    "completedAtSem2": "2025-12-14T19:36:08.419Z",
    "data": {
      "signatures": [],
      "promotions": [
        {
          "from": "PS",
          "to": "MS",
          "date": "2025-12-14T19:36:28.216Z",
          "year": "2025/2026",
          "class": "PS A"
        }
      ]
    },
    "__v": 0
  },
  {
    "_id": "693dd28b08687cb5c9c35997",
    "templateId": "6935ace250527885e27f4c51",
    "templateVersion": 11,
    "studentId": "692cad1189fca919b378b693",
    "assignedTeachers": [],
    "teacherCompletions": [],
    "status": "draft",
    "assignedAt": "2025-12-14T10:40:21.048Z",
    "assignedBy": "6930bb7ce1d9875b43a0b096",
    "isCompleted": false,
    "isCompletedSem1": false,
    "isCompletedSem2": false,
    "__v": 0
  },
  {
    "_id": "693dd28b08687cb5c9c35998",
    "templateId": "6935ace250527885e27f4c51",
    "templateVersion": 11,
    "studentId": "692b53472f28d58343efaac9",
    "assignedTeachers": [],
    "teacherCompletions": [],
    "status": "draft",
    "assignedAt": "2025-12-14T10:40:21.049Z",
    "assignedBy": "6930bb7ce1d9875b43a0b096",
    "isCompleted": false,
    "isCompletedSem1": false,
    "isCompletedSem2": false,
    "__v": 0
  },
  {
    "_id": "693dd28b08687cb5c9c35999",
    "templateId": "6935ace250527885e27f4c51",
    "templateVersion": 11,
    "studentId": "692cacf189fca919b378b678",
    "assignedTeachers": [],
    "teacherCompletions": [],
    "status": "draft",
    "assignedAt": "2025-12-14T10:40:21.050Z",
    "assignedBy": "6930bb7ce1d9875b43a0b096",
    "isCompleted": false,
    "isCompletedSem1": false,
    "isCompletedSem2": false,
    "__v": 0
  },
  {
    "_id": "693dd28b08687cb5c9c3599a",
    "templateId": "6935ace250527885e27f4c51",
    "templateVersion": 11,
    "studentId": "692b53492f28d58343efaad4",
    "assignedTeachers": [],
    "teacherCompletions": [],
    "status": "draft",
    "assignedAt": "2025-12-14T10:40:21.051Z",
    "assignedBy": "6930bb7ce1d9875b43a0b096",
    "isCompleted": false,
    "isCompletedSem1": false,
    "isCompletedSem2": false,
    "__v": 0
  },
  {
    "_id": "693dd28b08687cb5c9c3599b",
    "templateId": "6935ace250527885e27f4c51",
    "templateVersion": 11,
    "studentId": "692cad1989fca919b378b69e",
    "assignedTeachers": [],
    "teacherCompletions": [],
    "status": "draft",
    "assignedAt": "2025-12-14T10:40:21.052Z",
    "assignedBy": "6930bb7ce1d9875b43a0b096",
    "isCompleted": false,
    "isCompletedSem1": false,
    "isCompletedSem2": false,
    "__v": 0
  },
  {
    "_id": "693dd28b08687cb5c9c3599c",
    "templateId": "6935ace250527885e27f4c51",
    "templateVersion": 11,
    "studentId": "692cad2089fca919b378b6a9",
    "assignedTeachers": [],
    "teacherCompletions": [],
    "status": "draft",
    "assignedAt": "2025-12-14T10:40:21.053Z",
    "assignedBy": "6930bb7ce1d9875b43a0b096",
    "isCompleted": false,
    "isCompletedSem1": false,
    "isCompletedSem2": false,
    "__v": 0
  },
  {
    "_id": "693dd28b08687cb5c9c3599d",
    "templateId": "6935ace250527885e27f4c51",
    "templateVersion": 11,
    "studentId": "692b534b2f28d58343efaadf",
    "assignedTeachers": [],
    "teacherCompletions": [],
    "status": "draft",
    "assignedAt": "2025-12-14T10:40:21.054Z",
    "assignedBy": "6930bb7ce1d9875b43a0b096",
    "isCompleted": false,
    "isCompletedSem1": false,
    "isCompletedSem2": false,
    "__v": 0
  },
  {
    "_id": "693dd28b08687cb5c9c3599e",
    "templateId": "6935ace250527885e27f4c51",
    "templateVersion": 11,
    "studentId": "693606315d02a47d8d1b048e",
    "assignedTeachers": [],
    "teacherCompletions": [],
    "status": "draft",
    "assignedAt": "2025-12-14T10:40:21.054Z",
    "assignedBy": "6930bb7ce1d9875b43a0b096",
    "isCompleted": false,
    "isCompletedSem1": false,
    "isCompletedSem2": false,
    "__v": 0
  },
  {
    "_id": "693e941708687cb5c9c3599f",
    "templateId": "6935ace250527885e27f4c51",
    "templateVersion": 11,
    "studentId": "692cad2b89fca919b378b6b4",
    "assignedTeachers": [
      "6937345bba6658cc2b66a553",
      "6929e1d1e358ca0ef47a3286",
      "6930b59cf7aca9a6156cd995"
    ],
    "teacherCompletions": [],
    "status": "draft",
    "assignedAt": "2025-12-14T10:40:23.830Z",
    "assignedBy": "6930bb7ce1d9875b43a0b096",
    "isCompleted": false,
    "isCompletedSem1": false,
    "isCompletedSem2": false,
    "__v": 0
  },
  {
    "_id": "693e941708687cb5c9c359a0",
    "templateId": "6935ace250527885e27f4c51",
    "templateVersion": 11,
    "studentId": "6930c295a242336b2697c03b",
    "assignedTeachers": [
      "6929e1d1e358ca0ef47a3286",
      "6930b59cf7aca9a6156cd995",
      "6937345bba6658cc2b66a553"
    ],
    "teacherCompletions": [
      {
        "teacherId": "6929e1d1e358ca0ef47a3286",
        "completed": true,
        "completedAt": "2025-12-16T23:26:08.237Z",
        "completedSem1": true,
        "completedAtSem1": "2025-12-16T23:26:08.237Z",
        "completedSem2": true,
        "completedAtSem2": "2025-12-16T23:27:17.749Z",
        "_id": "6941ea907e4ffabf7be2e199"
      },
      {
        "teacherId": "6937345bba6658cc2b66a553",
        "completed": true,
        "completedAt": "2025-12-16T23:26:22.063Z",
        "completedSem1": true,
        "completedAtSem1": "2025-12-16T23:26:22.063Z",
        "completedSem2": true,
        "completedAtSem2": "2025-12-16T23:27:24.694Z",
        "_id": "6941ea9e7e4ffabf7be2e23f"
      },
      {
        "teacherId": "6930b59cf7aca9a6156cd995",
        "completed": true,
        "completedAt": "2025-12-16T23:26:36.499Z",
        "completedSem1": true,
        "completedAtSem1": "2025-12-16T23:26:36.499Z",
        "completedSem2": true,
        "completedAtSem2": "2025-12-16T23:27:30.583Z",
        "_id": "6941eaac7e4ffabf7be2e2eb"
      }
    ],
    "status": "signed",
    "assignedAt": "2025-12-14T10:40:23.831Z",
    "assignedBy": "6930bb7ce1d9875b43a0b096",
    "isCompleted": true,
    "completedAt": "2025-12-16T23:26:36.499Z",
    "completedBy": "6930b59cf7aca9a6156cd995",
    "isCompletedSem1": true,
    "completedAtSem1": "2025-12-16T23:26:36.499Z",
    "isCompletedSem2": true,
    "completedAtSem2": "2025-12-16T23:27:30.583Z",
    "data": {
      "table_2_16_row_1": [
        {
          "code": "lb",
          "label": "Lebanese",
          "emoji": "🇱🇧",
          "active": true,
          "level": "MS"
        },
        {
          "code": "fr",
          "label": "French",
          "emoji": "🇫🇷",
          "active": true,
          "level": "MS"
        },
        {
          "code": "en",
          "label": "English",
          "emoji": "🇬🇧",
          "active": true,
          "level": "MS"
        }
      ],
      "signatures": [
        {
          "type": "standard",
          "signedAt": "2025-12-16T23:26:46.741Z",
          "subAdminId": "6929e1e1e358ca0ef47a328a",
          "schoolYearId": "692cabdf89fca919b378b62a",
          "schoolYearName": "2025/2026",
          "level": "MS"
        },
        {
          "type": "end_of_year",
          "signedAt": "2025-12-16T23:27:41.650Z",
          "subAdminId": "6929e1e1e358ca0ef47a328a",
          "schoolYearId": "692cabdf89fca919b378b62a",
          "schoolYearName": "2025/2026",
          "level": "MS"
        },
        {
          "type": "standard",
          "signedAt": "2025-12-16T23:31:11.193Z",
          "subAdminId": "6929e1e1e358ca0ef47a328a",
          "schoolYearId": "692cabe589fca919b378b632",
          "schoolYearName": "2026/2027",
          "level": "GS"
        },
        {
          "type": "end_of_year",
          "signedAt": "2025-12-16T23:31:36.889Z",
          "subAdminId": "6929e1e1e358ca0ef47a328a",
          "schoolYearId": "692cabe589fca919b378b632",
          "schoolYearName": "2026/2027",
          "level": "GS"
        }
      ],
      "promotions": [
        {
          "from": "MS",
          "to": "GS",
          "date": "2025-12-16T23:27:52.761Z",
          "year": "2025/2026",
          "class": "MS A",
          "by": "6929e1e1e358ca0ef47a328a"
        }
      ]
    },
    "__v": 0
  },
  {
    "_id": "693e941708687cb5c9c359a1",
    "templateId": "6935ace250527885e27f4c51",
    "templateVersion": 11,
    "studentId": "692cad3289fca919b378b6bf",
    "assignedTeachers": [],
    "teacherCompletions": [],
    "status": "draft",
    "assignedAt": "2025-12-14T10:40:23.832Z",
    "assignedBy": "6930bb7ce1d9875b43a0b096",
    "isCompleted": false,
    "isCompletedSem1": false,
    "isCompletedSem2": false,
    "__v": 0
  },
  {
    "_id": "693e941908687cb5c9c359a2",
    "templateId": "6935ace250527885e27f4c51",
    "templateVersion": 11,
    "studentId": "692cad3b89fca919b378b6ca",
    "assignedTeachers": [
      "6937345bba6658cc2b66a553",
      "6929e1d1e358ca0ef47a3286",
      "6930b59cf7aca9a6156cd995"
    ],
    "teacherCompletions": [],
    "status": "draft",
    "assignedAt": "2025-12-14T10:40:25.749Z",
    "assignedBy": "6930bb7ce1d9875b43a0b096",
    "isCompleted": false,
    "isCompletedSem1": false,
    "isCompletedSem2": false,
    "__v": 0
  },
  {
    "_id": "693e941908687cb5c9c359a3",
    "templateId": "6935ace250527885e27f4c51",
    "templateVersion": 11,
    "studentId": "6930c295a242336b2697c049",
    "assignedTeachers": [
      "6937345bba6658cc2b66a553",
      "6929e1d1e358ca0ef47a3286",
      "6930b59cf7aca9a6156cd995"
    ],
    "teacherCompletions": [],
    "status": "draft",
    "assignedAt": "2025-12-14T10:40:25.750Z",
    "assignedBy": "6930bb7ce1d9875b43a0b096",
    "isCompleted": false,
    "isCompletedSem1": false,
    "isCompletedSem2": false,
    "__v": 0
  },
  {
    "_id": "693e941908687cb5c9c359a4",
    "templateId": "6935ace250527885e27f4c51",
    "templateVersion": 11,
    "studentId": "6933529eefea611c0ce3a141",
    "assignedTeachers": [
      "6937345bba6658cc2b66a553",
      "6929e1d1e358ca0ef47a3286",
      "6930b59cf7aca9a6156cd995"
    ],
    "teacherCompletions": [
      {
        "teacherId": "6929e1d1e358ca0ef47a3286",
        "completed": true,
        "completedAt": "2025-12-14T23:29:28.742Z",
        "completedSem1": true,
        "completedAtSem1": "2025-12-14T23:29:28.742Z",
        "_id": "693f4858b16d339bd625afaa"
      },
      {
        "teacherId": "6930b59cf7aca9a6156cd995",
        "completed": true,
        "completedAt": "2025-12-16T19:10:09.052Z",
        "completedSem1": true,
        "completedAtSem1": "2025-12-16T19:10:09.052Z",
        "_id": "6941ae91a5fffce5b830616e"
      },
      {
        "teacherId": "6937345bba6658cc2b66a553",
        "completed": true,
        "completedAt": "2025-12-16T19:14:42.580Z",
        "completedSem1": true,
        "completedAtSem1": "2025-12-16T19:14:42.580Z",
        "_id": "6941aecca5fffce5b8306367"
      }
    ],
    "status": "completed",
    "assignedAt": "2025-12-14T10:40:25.751Z",
    "assignedBy": "6930bb7ce1d9875b43a0b096",
    "isCompleted": true,
    "completedAt": "2025-12-16T19:14:42.580Z",
    "completedBy": "6937345bba6658cc2b66a553",
    "isCompletedSem1": true,
    "completedAtSem1": "2025-12-16T19:14:42.580Z",
    "isCompletedSem2": false,
    "data": {
      "table_2_16_row_2": [
        {
          "code": "lb",
          "label": "Lebanese",
          "emoji": "🇱🇧",
          "active": false,
          "level": "GS"
        },
        {
          "code": "fr",
          "label": "French",
          "emoji": "🇫🇷",
          "active": true,
          "level": "GS"
        },
        {
          "code": "en",
          "label": "English",
          "emoji": "🇬🇧",
          "active": true,
          "level": "GS"
        }
      ]
    },
    "__v": 0
  },
  {
    "_id": "693e941908687cb5c9c359a5",
    "templateId": "6935ace250527885e27f4c51",
    "templateVersion": 11,
    "studentId": "69335392efea611c0ce3a6da",
    "assignedTeachers": [
      "6937345bba6658cc2b66a553",
      "6929e1d1e358ca0ef47a3286",
      "6930b59cf7aca9a6156cd995"
    ],
    "teacherCompletions": [],
    "status": "draft",
    "assignedAt": "2025-12-14T10:40:25.752Z",
    "assignedBy": "6930bb7ce1d9875b43a0b096",
    "isCompleted": false,
    "isCompletedSem1": false,
    "isCompletedSem2": false,
    "__v": 0
  },
  {
    "_id": "693e941908687cb5c9c359a6",
    "templateId": "6935ace250527885e27f4c51",
    "templateVersion": 11,
    "studentId": "692b413790af364bebc77664",
    "assignedTeachers": [
      "6937345bba6658cc2b66a553",
      "6929e1d1e358ca0ef47a3286",
      "6930b59cf7aca9a6156cd995"
    ],
    "teacherCompletions": [],
    "status": "draft",
    "assignedAt": "2025-12-14T10:40:25.752Z",
    "assignedBy": "6930bb7ce1d9875b43a0b096",
    "isCompleted": false,
    "isCompletedSem1": false,
    "isCompletedSem2": false,
    "__v": 0
  },
  {
    "_id": "693e941908687cb5c9c359a7",
    "templateId": "6935ace250527885e27f4c51",
    "templateVersion": 11,
    "studentId": "69373e8b400fca68ea8954fe",
    "assignedTeachers": [
      "6937345bba6658cc2b66a553",
      "6929e1d1e358ca0ef47a3286",
      "6930b59cf7aca9a6156cd995"
    ],
    "teacherCompletions": [],
    "status": "draft",
    "assignedAt": "2025-12-14T10:40:25.753Z",
    "assignedBy": "6930bb7ce1d9875b43a0b096",
    "isCompleted": false,
    "isCompletedSem1": false,
    "isCompletedSem2": false,
    "__v": 0
  },
  {
    "_id": "693e941908687cb5c9c359a8",
    "templateId": "6935ace250527885e27f4c51",
    "templateVersion": 11,
    "studentId": "692cad4889fca919b378b6d7",
    "assignedTeachers": [],
    "teacherCompletions": [],
    "status": "draft",
    "assignedAt": "2025-12-14T10:40:25.754Z",
    "assignedBy": "6930bb7ce1d9875b43a0b096",
    "isCompleted": false,
    "isCompletedSem1": false,
    "isCompletedSem2": false,
    "__v": 0
  },
  {
    "_id": "693e941908687cb5c9c359a9",
    "templateId": "6935ace250527885e27f4c51",
    "templateVersion": 11,
    "studentId": "692b53442f28d58343efaabe",
    "assignedTeachers": [],
    "teacherCompletions": [],
    "status": "draft",
    "assignedAt": "2025-12-14T10:40:25.754Z",
    "assignedBy": "6930bb7ce1d9875b43a0b096",
    "isCompleted": false,
    "isCompletedSem1": false,
    "isCompletedSem2": false,
    "__v": 0
  },
  {
    "_id": "693e941908687cb5c9c359aa",
    "templateId": "6935ace250527885e27f4c51",
    "templateVersion": 11,
    "studentId": "692b53502f28d58343efaaf5",
    "assignedTeachers": [],
    "teacherCompletions": [],
    "status": "draft",
    "assignedAt": "2025-12-14T10:40:25.755Z",
    "assignedBy": "6930bb7ce1d9875b43a0b096",
    "isCompleted": false,
    "isCompletedSem1": false,
    "isCompletedSem2": false,
    "__v": 0
  },
  {
    "_id": "693f245dc5433bb16e95107b",
    "templateId": "6935ace250527885e27f4c51",
    "templateVersion": 11,
    "studentId": "693f245dc5433bb16e95106f",
    "assignedTeachers": [
      "6929e1d1e358ca0ef47a3286",
      "6937345bba6658cc2b66a553",
      "6930b59cf7aca9a6156cd995"
    ],
    "teacherCompletions": [
      {
        "teacherId": "6929e1d1e358ca0ef47a3286",
        "completed": true,
        "completedAt": "2025-12-14T20:58:14.853Z",
        "completedSem1": true,
        "completedAtSem1": "2025-12-14T20:58:14.853Z",
        "_id": "693f24e6c5433bb16e9516b5"
      },
      {
        "teacherId": "6937345bba6658cc2b66a553",
        "completed": true,
        "completedAt": "2025-12-14T20:58:20.007Z",
        "completedSem1": true,
        "completedAtSem1": "2025-12-14T20:58:20.007Z",
        "_id": "693f24ecc5433bb16e95174b"
      },
      {
        "teacherId": "6930b59cf7aca9a6156cd995",
        "completed": true,
        "completedAt": "2025-12-14T20:58:26.256Z",
        "completedSem1": true,
        "completedAtSem1": "2025-12-14T20:58:26.256Z",
        "_id": "693f24f2c5433bb16e9517e6"
      }
    ],
    "status": "completed",
    "assignedAt": "2025-12-14T20:55:57.871Z",
    "assignedBy": "6930bb7ce1d9875b43a0b096",
    "isCompleted": true,
    "completedAt": "2025-12-14T20:58:26.256Z",
    "completedBy": "6930b59cf7aca9a6156cd995",
    "isCompletedSem1": true,
    "completedAtSem1": "2025-12-14T20:58:26.256Z",
    "isCompletedSem2": true,
    "completedAtSem2": "2025-12-14T20:57:17.692Z",
    "data": {
      "signatures": [],
      "promotions": [
        {
          "from": "PS",
          "to": "MS",
          "date": "2025-12-14T20:57:39.423Z",
          "year": "2025/2026",
          "class": "PS A"
        }
      ]
    },
    "__v": 0
  },
  {
    "_id": "693f2ef8570c5baf549101dd",
    "templateId": "6935ace250527885e27f4c51",
    "templateVersion": 11,
    "studentId": "693f2ef8570c5baf549101d1",
    "assignedTeachers": [
      "6929e1d1e358ca0ef47a3286",
      "6937345bba6658cc2b66a553",
      "6930b59cf7aca9a6156cd995"
    ],
    "teacherCompletions": [
      {
        "teacherId": "6929e1d1e358ca0ef47a3286",
        "completed": true,
        "completedAt": "2025-12-14T21:43:20.026Z",
        "completedSem1": true,
        "completedAtSem1": "2025-12-14T21:43:20.026Z",
        "_id": "693f2f78570c5baf5491091a"
      },
      {
        "teacherId": "6937345bba6658cc2b66a553",
        "completed": true,
        "completedAt": "2025-12-14T21:43:26.569Z",
        "completedSem1": true,
        "completedAtSem1": "2025-12-14T21:43:26.569Z",
        "_id": "693f2f7e570c5baf549109f5"
      },
      {
        "teacherId": "6930b59cf7aca9a6156cd995",
        "completed": true,
        "completedAt": "2025-12-14T21:43:30.046Z",
        "completedSem1": true,
        "completedAtSem1": "2025-12-14T21:43:30.046Z",
        "_id": "693f2f82570c5baf54910a53"
      }
    ],
    "status": "completed",
    "assignedAt": "2025-12-14T21:41:12.904Z",
    "assignedBy": "6930bb7ce1d9875b43a0b096",
    "isCompleted": true,
    "completedAt": "2025-12-14T21:43:30.046Z",
    "completedBy": "6930b59cf7aca9a6156cd995",
    "isCompletedSem1": true,
    "completedAtSem1": "2025-12-14T21:43:30.046Z",
    "isCompletedSem2": true,
    "completedAtSem2": "2025-12-14T21:42:22.370Z",
    "data": {
      "signatures": [],
      "promotions": [
        {
          "from": "PS",
          "to": "MS",
          "date": "2025-12-14T21:42:54.684Z",
          "year": "2025/2026",
          "class": "PS A"
        }
      ]
    },
    "__v": 0
  },
  {
    "_id": "693f3244800ec8ca4fa91a27",
    "templateId": "6935ace250527885e27f4c51",
    "templateVersion": 11,
    "studentId": "693f3244800ec8ca4fa91a1b",
    "assignedTeachers": [
      "6929e1d1e358ca0ef47a3286",
      "6937345bba6658cc2b66a553",
      "6930b59cf7aca9a6156cd995"
    ],
    "teacherCompletions": [
      {
        "teacherId": "6929e1d1e358ca0ef47a3286",
        "completed": true,
        "completedAt": "2025-12-14T21:57:05.107Z",
        "completedSem1": true,
        "completedAtSem1": "2025-12-14T21:57:05.107Z",
        "_id": "693f32b1800ec8ca4fa921a5"
      },
      {
        "teacherId": "6937345bba6658cc2b66a553",
        "completed": true,
        "completedAt": "2025-12-14T21:57:10.046Z",
        "completedSem1": true,
        "completedAtSem1": "2025-12-14T21:57:10.046Z",
        "_id": "693f32b6800ec8ca4fa92243"
      },
      {
        "teacherId": "6930b59cf7aca9a6156cd995",
        "completed": true,
        "completedAt": "2025-12-14T21:57:16.533Z",
        "completedSem1": true,
        "completedAtSem1": "2025-12-14T21:57:16.533Z",
        "_id": "693f32bc800ec8ca4fa922e6"
      }
    ],
    "status": "completed",
    "assignedAt": "2025-12-14T21:55:16.525Z",
    "assignedBy": "6930bb7ce1d9875b43a0b096",
    "isCompleted": true,
    "completedAt": "2025-12-14T21:57:16.533Z",
    "completedBy": "6930b59cf7aca9a6156cd995",
    "isCompletedSem1": true,
    "completedAtSem1": "2025-12-14T21:57:16.533Z",
    "isCompletedSem2": true,
    "completedAtSem2": "2025-12-14T21:56:26.207Z",
    "data": {
      "signatures": [
        {
          "type": "end_of_year",
          "signedAt": "2025-12-14T21:56:37.172Z",
          "subAdminId": "6929e1e1e358ca0ef47a328a",
          "schoolYearId": "692cabdf89fca919b378b62a",
          "schoolYearName": "2025/2026"
        }
      ],
      "promotions": [
        {
          "from": "PS",
          "to": "MS",
          "date": "2025-12-14T21:56:42.334Z",
          "year": "2025/2026",
          "class": "PS A"
        }
      ]
    },
    "__v": 0
  },
  {
    "_id": "693f35395a4eddbac1fb8c32",
    "templateId": "6935ace250527885e27f4c51",
    "templateVersion": 11,
    "studentId": "693f35395a4eddbac1fb8c26",
    "assignedTeachers": [
      "6929e1d1e358ca0ef47a3286",
      "6937345bba6658cc2b66a553",
      "6930b59cf7aca9a6156cd995"
    ],
    "teacherCompletions": [
      {
        "teacherId": "6929e1d1e358ca0ef47a3286",
        "completed": true,
        "completedAt": "2025-12-14T22:09:58.000Z",
        "completedSem1": true,
        "completedAtSem1": "2025-12-14T22:09:58.000Z",
        "_id": "693f35b65a4eddbac1fb93cd"
      },
      {
        "teacherId": "6937345bba6658cc2b66a553",
        "completed": true,
        "completedAt": "2025-12-14T22:10:03.450Z",
        "completedSem1": true,
        "completedAtSem1": "2025-12-14T22:10:03.450Z",
        "_id": "693f35bb5a4eddbac1fb946f"
      },
      {
        "teacherId": "6930b59cf7aca9a6156cd995",
        "completed": true,
        "completedAt": "2025-12-14T22:10:07.706Z",
        "completedSem1": true,
        "completedAtSem1": "2025-12-14T22:10:07.706Z",
        "_id": "693f35bf5a4eddbac1fb9516"
      }
    ],
    "status": "signed",
    "assignedAt": "2025-12-14T22:07:53.311Z",
    "assignedBy": "6930bb7ce1d9875b43a0b096",
    "isCompleted": true,
    "completedAt": "2025-12-14T22:10:07.706Z",
    "completedBy": "6930b59cf7aca9a6156cd995",
    "isCompletedSem1": true,
    "completedAtSem1": "2025-12-14T22:10:07.706Z",
    "isCompletedSem2": true,
    "completedAtSem2": "2025-12-14T22:08:57.222Z",
    "data": {
      "signatures": [
        {
          "type": "standard",
          "signedAt": "2025-12-14T23:27:16.567Z",
          "subAdminId": "6929e1e1e358ca0ef47a328a",
          "schoolYearId": "692cabe589fca919b378b632",
          "schoolYearName": "2026/2027",
          "level": "MS"
        }
      ],
      "promotions": [
        {
          "from": "PS",
          "to": "MS",
          "date": "2025-12-14T22:09:38.420Z",
          "year": "2025/2026",
          "class": "PS A"
        }
      ]
    },
    "__v": 0
  },
  {
    "_id": "693f3a85124d6d2322f259b7",
    "templateId": "6935ace250527885e27f4c51",
    "templateVersion": 11,
    "studentId": "693f3a85124d6d2322f259ab",
    "assignedTeachers": [
      "6929e1d1e358ca0ef47a3286",
      "6937345bba6658cc2b66a553",
      "6930b59cf7aca9a6156cd995"
    ],
    "teacherCompletions": [
      {
        "teacherId": "6929e1d1e358ca0ef47a3286",
        "completed": true,
        "completedAt": "2025-12-14T22:32:47.384Z",
        "completedSem1": true,
        "completedAtSem1": "2025-12-14T22:32:47.384Z",
        "_id": "693f3b0f124d6d2322f2615c"
      },
      {
        "teacherId": "6937345bba6658cc2b66a553",
        "completed": true,
        "completedAt": "2025-12-14T22:32:52.563Z",
        "completedSem1": true,
        "completedAtSem1": "2025-12-14T22:32:52.563Z",
        "_id": "693f3b14124d6d2322f26202"
      },
      {
        "teacherId": "6930b59cf7aca9a6156cd995",
        "completed": true,
        "completedAt": "2025-12-14T22:33:01.752Z",
        "completedSem1": true,
        "completedAtSem1": "2025-12-14T22:33:01.752Z",
        "_id": "693f3b1d124d6d2322f262ae"
      }
    ],
    "status": "completed",
    "assignedAt": "2025-12-14T22:30:29.165Z",
    "assignedBy": "6930bb7ce1d9875b43a0b096",
    "isCompleted": true,
    "completedAt": "2025-12-14T22:33:01.752Z",
    "completedBy": "6930b59cf7aca9a6156cd995",
    "isCompletedSem1": true,
    "completedAtSem1": "2025-12-14T22:33:01.752Z",
    "isCompletedSem2": true,
    "completedAtSem2": "2025-12-14T22:31:54.444Z",
    "data": {
      "signatures": [
        {
          "type": "end_of_year",
          "signedAt": "2025-12-14T22:32:01.124Z",
          "subAdminId": "6929e1e1e358ca0ef47a328a",
          "schoolYearId": "692cabdf89fca919b378b62a",
          "schoolYearName": "2025/2026"
        }
      ],
      "promotions": [
        {
          "from": "PS",
          "to": "MS",
          "date": "2025-12-14T22:32:24.414Z",
          "year": "2025/2026",
          "class": "PS A"
        }
      ]
    },
    "__v": 0
  },
  {
    "_id": "693f47f2b16d339bd625a7fe",
    "templateId": "6935ace250527885e27f4c51",
    "templateVersion": 11,
    "studentId": "693f47f2b16d339bd625a7f2",
    "assignedTeachers": [
      "6929e1d1e358ca0ef47a3286",
      "6937345bba6658cc2b66a553",
      "6930b59cf7aca9a6156cd995"
    ],
    "teacherCompletions": [
      {
        "teacherId": "6929e1d1e358ca0ef47a3286",
        "completed": true,
        "completedAt": "2025-12-14T23:29:59.073Z",
        "completedSem1": true,
        "completedAtSem1": "2025-12-14T23:29:59.073Z",
        "_id": "693f4877b16d339bd625b115"
      },
      {
        "teacherId": "6937345bba6658cc2b66a553",
        "completed": true,
        "completedAt": "2025-12-14T23:30:03.878Z",
        "completedSem1": true,
        "completedAtSem1": "2025-12-14T23:30:03.878Z",
        "_id": "693f487bb16d339bd625b1bf"
      },
      {
        "teacherId": "6930b59cf7aca9a6156cd995",
        "completed": true,
        "completedAt": "2025-12-14T23:30:08.641Z",
        "completedSem1": true,
        "completedAtSem1": "2025-12-14T23:30:08.641Z",
        "_id": "693f4880b16d339bd625b26f"
      }
    ],
    "status": "signed",
    "assignedAt": "2025-12-14T23:27:46.579Z",
    "assignedBy": "6930bb7ce1d9875b43a0b096",
    "isCompleted": true,
    "completedAt": "2025-12-14T23:30:08.641Z",
    "completedBy": "6930b59cf7aca9a6156cd995",
    "isCompletedSem1": true,
    "completedAtSem1": "2025-12-14T23:30:08.641Z",
    "isCompletedSem2": true,
    "completedAtSem2": "2025-12-14T23:28:53.438Z",
    "data": {
      "signatures": [
        {
          "type": "standard",
          "signedAt": "2025-12-15T00:13:52.622Z",
          "subAdminId": "6929e1e1e358ca0ef47a328a",
          "level": null,
          "schoolYearId": "692cabdf89fca919b378b62a",
          "schoolYearName": "2025/2026"
        }
      ],
      "promotions": [
        {
          "from": "PS",
          "to": "MS",
          "date": "2025-12-14T23:29:08.222Z",
          "year": "2025/2026",
          "class": "PS A"
        }
      ]
    },
    "__v": 0
  },
  {
    "_id": "693f4c635023ac09f471c4b8",
    "templateId": "6935ace250527885e27f4c51",
    "templateVersion": 11,
    "studentId": "693f4c635023ac09f471c4ac",
    "assignedTeachers": [
      "6929e1d1e358ca0ef47a3286",
      "6937345bba6658cc2b66a553",
      "6930b59cf7aca9a6156cd995"
    ],
    "teacherCompletions": [
      {
        "teacherId": "6929e1d1e358ca0ef47a3286",
        "completed": true,
        "completedAt": "2025-12-14T23:48:08.830Z",
        "completedSem1": true,
        "completedAtSem1": "2025-12-14T23:48:08.830Z",
        "_id": "693f4cb85023ac09f471cc91"
      },
      {
        "teacherId": "6937345bba6658cc2b66a553",
        "completed": true,
        "completedAt": "2025-12-14T23:48:16.173Z",
        "completedSem1": true,
        "completedAtSem1": "2025-12-14T23:48:16.173Z",
        "_id": "693f4cc05023ac09f471cd3f"
      },
      {
        "teacherId": "6930b59cf7aca9a6156cd995",
        "completed": true,
        "completedAt": "2025-12-14T23:48:21.532Z",
        "completedSem1": true,
        "completedAtSem1": "2025-12-14T23:48:21.532Z",
        "_id": "693f4cc55023ac09f471cdf2"
      }
    ],
    "status": "signed",
    "assignedAt": "2025-12-14T23:46:43.733Z",
    "assignedBy": "6930bb7ce1d9875b43a0b096",
    "isCompleted": true,
    "completedAt": "2025-12-14T23:48:21.532Z",
    "completedBy": "6930b59cf7aca9a6156cd995",
    "isCompletedSem1": true,
    "completedAtSem1": "2025-12-14T23:48:21.532Z",
    "isCompletedSem2": true,
    "completedAtSem2": "2025-12-14T23:47:40.377Z",
    "data": {
      "signatures": [
        {
          "type": "standard",
          "signedAt": "2025-12-15T00:06:32.288Z",
          "subAdminId": "6929e1e1e358ca0ef47a328a",
          "schoolYearId": "692cabe589fca919b378b632",
          "schoolYearName": "2026/2027"
        }
      ],
      "promotions": [
        {
          "from": "PS",
          "to": "MS",
          "date": "2025-12-14T23:47:48.552Z",
          "year": "2025/2026",
          "class": "PS A"
        }
      ]
    },
    "__v": 0
  },
  {
    "_id": "693f52d93766d2c0e51bafa0",
    "templateId": "6935ace250527885e27f4c51",
    "templateVersion": 11,
    "studentId": "693f52d93766d2c0e51baf94",
    "assignedTeachers": [
      "6929e1d1e358ca0ef47a3286",
      "6937345bba6658cc2b66a553",
      "6930b59cf7aca9a6156cd995"
    ],
    "teacherCompletions": [
      {
        "teacherId": "6929e1d1e358ca0ef47a3286",
        "completed": true,
        "completedAt": "2025-12-15T00:15:57.094Z",
        "completedSem1": true,
        "completedAtSem1": "2025-12-15T00:15:57.094Z",
        "_id": "693f533d3766d2c0e51bb7aa"
      },
      {
        "teacherId": "6937345bba6658cc2b66a553",
        "completed": true,
        "completedAt": "2025-12-15T00:16:02.862Z",
        "completedSem1": true,
        "completedAtSem1": "2025-12-15T00:16:02.862Z",
        "_id": "693f53423766d2c0e51bb85c"
      },
      {
        "teacherId": "6930b59cf7aca9a6156cd995",
        "completed": true,
        "completedAt": "2025-12-15T00:16:09.116Z",
        "completedSem1": true,
        "completedAtSem1": "2025-12-15T00:16:09.116Z",
        "_id": "693f53493766d2c0e51bb914"
      }
    ],
    "status": "completed",
    "assignedAt": "2025-12-15T00:14:17.915Z",
    "assignedBy": "6930bb7ce1d9875b43a0b096",
    "isCompleted": true,
    "completedAt": "2025-12-15T00:16:09.116Z",
    "completedBy": "6930b59cf7aca9a6156cd995",
    "isCompletedSem1": true,
    "completedAtSem1": "2025-12-15T00:16:09.116Z",
    "isCompletedSem2": true,
    "completedAtSem2": "2025-12-15T00:15:29.982Z",
    "data": {
      "signatures": [
        {
          "type": "end_of_year",
          "signedAt": "2025-12-15T00:15:35.178Z",
          "subAdminId": "6929e1e1e358ca0ef47a328a",
          "level": null,
          "schoolYearId": "692cabdf89fca919b378b62a",
          "schoolYearName": "2025/2026"
        }
      ],
      "promotions": [
        {
          "from": "PS",
          "to": "MS",
          "date": "2025-12-15T00:15:37.658Z",
          "year": "2025/2026",
          "class": "PS A"
        }
      ]
    },
    "__v": 0
  },
  {
    "_id": "6941a739ec9491d30bcf4051",
    "templateId": "6935ace250527885e27f4c51",
    "templateVersion": 11,
    "studentId": "6941a739ec9491d30bcf4044",
    "assignedTeachers": [
      "6929e1d1e358ca0ef47a3286",
      "6937345bba6658cc2b66a553",
      "6930b59cf7aca9a6156cd995"
    ],
    "teacherCompletions": [
      {
        "teacherId": "6929e1d1e358ca0ef47a3286",
        "completed": true,
        "completedAt": "2025-12-16T19:07:49.587Z",
        "completedSem1": true,
        "completedAtSem1": "2025-12-16T19:07:49.587Z",
        "completedSem2": true,
        "completedAtSem2": "2025-12-16T19:16:44.074Z",
        "_id": "6941ae05a5fffce5b8305e61"
      },
      {
        "teacherId": "6930b59cf7aca9a6156cd995",
        "completed": true,
        "completedAt": "2025-12-16T19:09:42.957Z",
        "completedSem1": true,
        "completedAtSem1": "2025-12-16T19:09:42.957Z",
        "completedSem2": true,
        "completedAtSem2": "2025-12-16T19:17:02.536Z",
        "_id": "6941ae76a5fffce5b83060ce"
      },
      {
        "teacherId": "6937345bba6658cc2b66a553",
        "completed": true,
        "completedAt": "2025-12-16T19:15:05.388Z",
        "completedSem1": true,
        "completedAtSem1": "2025-12-16T19:15:05.388Z",
        "completedSem2": true,
        "completedAtSem2": "2025-12-16T19:16:52.375Z",
        "_id": "6941afb9a5fffce5b8306835"
      }
    ],
    "status": "signed",
    "assignedAt": "2025-12-16T18:38:49.855Z",
    "assignedBy": "6930bb7ce1d9875b43a0b096",
    "isCompleted": true,
    "completedAt": "2025-12-16T19:15:05.388Z",
    "completedBy": "6937345bba6658cc2b66a553",
    "isCompletedSem1": true,
    "completedAtSem1": "2025-12-16T19:15:05.388Z",
    "isCompletedSem2": true,
    "completedAtSem2": "2025-12-16T19:17:02.536Z",
    "data": {
      "table_2_16_row_2": [
        {
          "code": "lb",
          "label": "Lebanese",
          "emoji": "🇱🇧",
          "active": true,
          "level": "GS"
        },
        {
          "code": "fr",
          "label": "French",
          "emoji": "🇫🇷",
          "active": true,
          "level": "GS"
        },
        {
          "code": "en",
          "label": "English",
          "emoji": "🇬🇧",
          "active": true,
          "level": "GS"
        }
      ],
      "table_2_16_row_1": [
        {
          "code": "lb",
          "label": "Lebanese",
          "emoji": "🇱🇧",
          "active": true,
          "level": "MS"
        },
        {
          "code": "fr",
          "label": "French",
          "emoji": "🇫🇷",
          "active": true,
          "level": "MS"
        },
        {
          "code": "en",
          "label": "English",
          "emoji": "🇬🇧",
          "active": true,
          "level": "MS"
        }
      ],
      "table_2_16_row_0": [
        {
          "code": "lb",
          "label": "Lebanese",
          "emoji": "🇱🇧",
          "active": true,
          "level": "PS"
        },
        {
          "code": "fr",
          "label": "French",
          "emoji": "🇫🇷",
          "active": true,
          "level": "PS"
        },
        {
          "code": "en",
          "label": "English",
          "emoji": "🇬🇧",
          "active": true,
          "level": "PS"
        }
      ],
      "table_2_19_row_2": [
        {
          "code": "lb",
          "label": "Lebanese",
          "emoji": "🇱🇧",
          "active": false
        },
        {
          "code": "fr",
          "label": "French",
          "emoji": "🇫🇷",
          "active": false
        },
        {
          "code": "en",
          "label": "English",
          "emoji": "🇬🇧",
          "active": false
        },
        {
          "code": "en",
          "label": "English",
          "emoji": "🇬🇧",
          "active": false
        },
        {
          "code": "lb",
          "label": "Lebanese",
          "emoji": "🇱🇧",
          "active": false
        },
        {
          "code": "ar",
          "label": "العربية",
          "emoji": "🇱🇧",
          "active": false
        }
      ],
      "signatures": [
        {
          "type": "standard",
          "signedAt": "2025-12-16T19:00:51.141Z",
          "subAdminId": "6929e1e1e358ca0ef47a328a",
          "schoolYearId": "692cabdf89fca919b378b62a",
          "schoolYearName": "2025/2026",
          "level": "PS"
        },
        {
          "type": "end_of_year",
          "signedAt": "2025-12-16T19:02:36.951Z",
          "subAdminId": "6929e1e1e358ca0ef47a328a",
          "schoolYearId": "692cabdf89fca919b378b62a",
          "schoolYearName": "2025/2026",
          "level": "PS"
        },
        {
          "type": "standard",
          "signedAt": "2025-12-16T19:04:38.853Z",
          "subAdminId": "6929e1e1e358ca0ef47a328a",
          "schoolYearId": "692cabe589fca919b378b632",
          "schoolYearName": "2026/2027",
          "level": "MS"
        },
        {
          "type": "end_of_year",
          "signedAt": "2025-12-16T19:06:14.390Z",
          "subAdminId": "6929e1e1e358ca0ef47a328a",
          "schoolYearId": "692cabe589fca919b378b632",
          "schoolYearName": "2026/2027",
          "level": "MS"
        },
        {
          "type": "standard",
          "signedAt": "2025-12-16T23:50:06.165Z",
          "subAdminId": "6929e1e1e358ca0ef47a328a",
          "schoolYearId": "692cabe989fca919b378b63e",
          "schoolYearName": "2027/2028",
          "level": "GS"
        },
        {
          "type": "end_of_year",
          "signedAt": "2025-12-16T23:50:07.144Z",
          "subAdminId": "6929e1e1e358ca0ef47a328a",
          "schoolYearId": "692cabe989fca919b378b63e",
          "schoolYearName": "2027/2028",
          "level": "GS"
        }
      ],
      "promotions": []
    },
    "__v": 0
  },
  {
    "_id": "6941ec237e4ffabf7be2ee79",
    "templateId": "6935ace250527885e27f4c51",
    "templateVersion": 11,
    "studentId": "6941ec237e4ffabf7be2ee6c",
    "assignedTeachers": [
      "6929e1d1e358ca0ef47a3286",
      "6937345bba6658cc2b66a553",
      "6930b59cf7aca9a6156cd995"
    ],
    "teacherCompletions": [
      {
        "teacherId": "6929e1d1e358ca0ef47a3286",
        "completed": true,
        "completedAt": "2025-12-16T23:36:49.753Z",
        "completedSem1": true,
        "completedAtSem1": "2025-12-16T23:36:49.753Z",
        "completedSem2": true,
        "completedAtSem2": "2025-12-16T23:37:39.747Z",
        "_id": "6941ed117e4ffabf7be2fb57"
      },
      {
        "teacherId": "6937345bba6658cc2b66a553",
        "completed": true,
        "completedAt": "2025-12-16T23:37:01.068Z",
        "completedSem1": true,
        "completedAtSem1": "2025-12-16T23:37:01.068Z",
        "completedSem2": true,
        "completedAtSem2": "2025-12-16T23:37:45.109Z",
        "_id": "6941ed1d7e4ffabf7be2fbcd"
      },
      {
        "teacherId": "6930b59cf7aca9a6156cd995",
        "completed": true,
        "completedAt": "2025-12-16T23:37:06.726Z",
        "completedSem1": true,
        "completedAtSem1": "2025-12-16T23:37:06.726Z",
        "completedSem2": true,
        "completedAtSem2": "2025-12-16T23:37:50.666Z",
        "_id": "6941ed227e4ffabf7be2fc48"
      }
    ],
    "status": "signed",
    "assignedAt": "2025-12-16T23:32:51.061Z",
    "assignedBy": "6930bb7ce1d9875b43a0b096",
    "isCompleted": true,
    "completedAt": "2025-12-16T23:37:06.726Z",
    "completedBy": "6930b59cf7aca9a6156cd995",
    "isCompletedSem1": true,
    "completedAtSem1": "2025-12-16T23:37:06.726Z",
    "isCompletedSem2": true,
    "completedAtSem2": "2025-12-16T23:37:50.666Z",
    "data": {
      "signatures": [
        {
          "type": "end_of_year",
          "signedAt": "2025-12-16T23:34:18.850Z",
          "subAdminId": "6929e1e1e358ca0ef47a328a",
          "schoolYearId": "692cabdf89fca919b378b62a",
          "schoolYearName": "2025/2026",
          "level": "PS"
        },
        {
          "type": "standard",
          "signedAt": "2025-12-16T23:35:36.456Z",
          "subAdminId": "6929e1e1e358ca0ef47a328a",
          "schoolYearId": "692cabe589fca919b378b632",
          "schoolYearName": "2026/2027",
          "level": "MS"
        },
        {
          "type": "end_of_year",
          "signedAt": "2025-12-16T23:36:21.266Z",
          "subAdminId": "6929e1e1e358ca0ef47a328a",
          "schoolYearId": "692cabe589fca919b378b632",
          "schoolYearName": "2026/2027",
          "level": "MS"
        },
        {
          "type": "standard",
          "signedAt": "2025-12-16T23:37:14.477Z",
          "subAdminId": "6929e1e1e358ca0ef47a328a",
          "schoolYearId": "692cabe989fca919b378b63e",
          "schoolYearName": "2027/2028",
          "level": "GS"
        },
        {
          "type": "end_of_year",
          "signedAt": "2025-12-16T23:37:57.084Z",
          "subAdminId": "6929e1e1e358ca0ef47a328a",
          "schoolYearId": "692cabe989fca919b378b63e",
          "schoolYearName": "2027/2028",
          "level": "GS"
        }
      ],
      "promotions": [
        {
          "from": "PS",
          "to": "MS",
          "date": "2025-12-16T23:34:52.592Z",
          "year": "2025/2026",
          "class": "PS A",
          "by": "6929e1e1e358ca0ef47a328a"
        },
        {
          "from": "MS",
          "to": "GS",
          "date": "2025-12-16T23:36:28.639Z",
          "year": "2026/2027",
          "class": "MS A",
          "by": "6929e1e1e358ca0ef47a328a"
        }
      ]
    },
    "__v": 0
  },
  {
    "_id": "6942fcaff2c0f04e7e6e612a",
    "templateId": "6935ace250527885e27f4c51",
    "templateVersion": 11,
    "studentId": "6942fcaff2c0f04e7e6e611d",
    "assignedTeachers": [
      "6929e1d1e358ca0ef47a3286",
      "6937345bba6658cc2b66a553",
      "6930b59cf7aca9a6156cd995"
    ],
    "teacherCompletions": [
      {
        "teacherId": "6929e1d1e358ca0ef47a3286",
        "completed": true,
        "completedAt": "2025-12-17T19:02:01.981Z",
        "completedSem1": true,
        "completedAtSem1": "2025-12-17T19:02:01.981Z",
        "completedSem2": true,
        "completedAtSem2": "2025-12-17T19:03:02.864Z",
        "_id": "6942fe29f2c0f04e7e6e6e7b"
      },
      {
        "teacherId": "6937345bba6658cc2b66a553",
        "completed": true,
        "completedAt": "2025-12-17T19:02:08.067Z",
        "completedSem1": true,
        "completedAtSem1": "2025-12-17T19:02:08.067Z",
        "completedSem2": true,
        "completedAtSem2": "2025-12-17T19:02:51.753Z",
        "_id": "6942fe30f2c0f04e7e6e6ef1"
      },
      {
        "teacherId": "6930b59cf7aca9a6156cd995",
        "completed": true,
        "completedAt": "2025-12-17T19:02:13.239Z",
        "completedSem1": true,
        "completedAtSem1": "2025-12-17T19:02:13.239Z",
        "completedSem2": true,
        "completedAtSem2": "2025-12-17T19:02:35.974Z",
        "_id": "6942fe35f2c0f04e7e6e6f6c"
      }
    ],
    "status": "signed",
    "assignedAt": "2025-12-17T18:55:43.594Z",
    "assignedBy": "6930bb7ce1d9875b43a0b096",
    "isCompleted": true,
    "completedAt": "2025-12-17T19:02:13.239Z",
    "completedBy": "6930b59cf7aca9a6156cd995",
    "isCompletedSem1": true,
    "completedAtSem1": "2025-12-17T19:02:13.239Z",
    "isCompletedSem2": true,
    "completedAtSem2": "2025-12-17T19:03:02.864Z",
    "data": {
      "table_2_16_row_0": [
        {
          "code": "lb",
          "label": "Lebanese",
          "emoji": "🇱🇧",
          "active": true,
          "level": "PS"
        },
        {
          "code": "fr",
          "label": "French",
          "emoji": "🇫🇷",
          "active": true,
          "level": "PS"
        },
        {
          "code": "en",
          "label": "English",
          "emoji": "🇬🇧",
          "active": true,
          "level": "PS"
        }
      ],
      "signatures": [
        {
          "type": "standard",
          "signedAt": "2025-12-17T18:57:07.882Z",
          "subAdminId": "6929e1e1e358ca0ef47a328a",
          "schoolYearId": "692cabdf89fca919b378b62a",
          "schoolYearName": "2025/2026",
          "level": "PS"
        },
        {
          "type": "end_of_year",
          "signedAt": "2025-12-17T18:57:54.107Z",
          "subAdminId": "6929e1e1e358ca0ef47a328a",
          "schoolYearId": "692cabe589fca919b378b632",
          "schoolYearName": "2026/2027",
          "level": "PS"
        },
        {
          "type": "standard",
          "signedAt": "2025-12-17T18:59:40.014Z",
          "subAdminId": "6929e1e1e358ca0ef47a328a",
          "schoolYearId": "692cabe589fca919b378b632",
          "schoolYearName": "2026/2027",
          "level": "MS"
        },
        {
          "type": "end_of_year",
          "signedAt": "2025-12-17T19:00:23.699Z",
          "subAdminId": "6929e1e1e358ca0ef47a328a",
          "schoolYearId": "692cabe989fca919b378b63e",
          "schoolYearName": "2027/2028",
          "level": "MS"
        },
        {
          "type": "standard",
          "signedAt": "2025-12-17T19:02:20.250Z",
          "subAdminId": "6929e1e1e358ca0ef47a328a",
          "schoolYearId": "692cabe989fca919b378b63e",
          "schoolYearName": "2027/2028",
          "level": "GS"
        },
        {
          "type": "end_of_year",
          "signedAt": "2025-12-17T19:03:08.438Z",
          "subAdminId": "6929e1e1e358ca0ef47a328a",
          "schoolYearId": null,
          "schoolYearName": "2028/2029",
          "level": "GS"
        }
      ],
      "promotions": [
        {
          "from": "PS",
          "to": "MS",
          "date": "2025-12-17T18:58:12.250Z",
          "year": "2025/2026",
          "class": "PS A",
          "by": "6929e1e1e358ca0ef47a328a"
        },
        {
          "from": "MS",
          "to": "GS",
          "date": "2025-12-17T19:00:34.033Z",
          "year": "2026/2027",
          "class": "MS A",
          "by": "6929e1e1e358ca0ef47a328a"
        }
      ],
      "table_2_16_row_1": [
        {
          "code": "lb",
          "label": "Lebanese",
          "emoji": "🇱🇧",
          "active": true,
          "level": "MS"
        },
        {
          "code": "fr",
          "label": "French",
          "emoji": "🇫🇷",
          "active": true,
          "level": "MS"
        },
        {
          "code": "en",
          "label": "English",
          "emoji": "🇬🇧",
          "active": true,
          "level": "MS"
        }
      ]
    },
    "__v": 0
  },
  {
    "_id": "694301d192ee8d200a3a935a",
    "templateId": "6935ace250527885e27f4c51",
    "templateVersion": 11,
    "studentId": "694301d192ee8d200a3a934d",
    "assignedTeachers": [
      "6937345bba6658cc2b66a553",
      "6929e1d1e358ca0ef47a3286",
      "6930b59cf7aca9a6156cd995"
    ],
    "teacherCompletions": [
      {
        "teacherId": "6929e1d1e358ca0ef47a3286",
        "completed": true,
        "completedAt": "2025-12-17T19:17:47.401Z",
        "completedSem1": true,
        "completedAtSem1": "2025-12-17T19:17:47.401Z",
        "completedSem2": true,
        "completedAtSem2": "2025-12-17T19:18:24.337Z",
        "_id": "694301db92ee8d200a3a93ff"
      },
      {
        "teacherId": "6937345bba6658cc2b66a553",
        "completed": true,
        "completedAt": "2025-12-17T19:17:55.300Z",
        "completedSem1": true,
        "completedAtSem1": "2025-12-17T19:17:55.300Z",
        "completedSem2": true,
        "completedAtSem2": "2025-12-17T19:18:50.478Z",
        "_id": "694301e392ee8d200a3a949a"
      },
      {
        "teacherId": "6930b59cf7aca9a6156cd995",
        "completed": true,
        "completedAt": "2025-12-17T19:18:00.649Z",
        "completedSem1": true,
        "completedAtSem1": "2025-12-17T19:18:00.649Z",
        "completedSem2": true,
        "completedAtSem2": "2025-12-17T19:18:37.344Z",
        "_id": "694301e892ee8d200a3a9539"
      }
    ],
    "status": "signed",
    "assignedAt": "2025-12-17T19:17:37.314Z",
    "assignedBy": "6930bb7ce1d9875b43a0b096",
    "isCompleted": true,
    "completedAt": "2025-12-17T19:18:00.649Z",
    "completedBy": "6930b59cf7aca9a6156cd995",
    "isCompletedSem1": true,
    "completedAtSem1": "2025-12-17T19:18:00.649Z",
    "isCompletedSem2": true,
    "completedAtSem2": "2025-12-17T19:18:50.478Z",
    "data": {
      "signatures": [
        {
          "type": "end_of_year",
          "signedAt": "2025-12-17T19:18:54.011Z",
          "subAdminId": "6929e1e1e358ca0ef47a328a",
          "schoolYearId": "692cabe589fca919b378b632",
          "schoolYearName": "2026/2027",
          "level": "PS"
        }
      ],
      "promotions": [
        {
          "from": "PS",
          "to": "MS",
          "date": "2025-12-17T19:18:57.172Z",
          "year": "2025/2026",
          "class": "PS A",
          "by": "6929e1e1e358ca0ef47a328a"
        }
      ]
    },
    "__v": 0
  },
  {
    "_id": "69430b076192461a16776096",
    "templateId": "6935ace250527885e27f4c51",
    "templateVersion": 11,
    "studentId": "69430b076192461a16776089",
    "assignedTeachers": [
      "6937345bba6658cc2b66a553",
      "6929e1d1e358ca0ef47a3286",
      "6930b59cf7aca9a6156cd995"
    ],
    "teacherCompletions": [
      {
        "teacherId": "6929e1d1e358ca0ef47a3286",
        "completed": true,
        "completedAt": "2025-12-17T19:57:04.862Z",
        "completedSem1": true,
        "completedAtSem1": "2025-12-17T19:57:04.862Z",
        "completedSem2": true,
        "completedAtSem2": "2025-12-17T19:57:53.229Z",
        "_id": "69430b106192461a167760e4"
      },
      {
        "teacherId": "6937345bba6658cc2b66a553",
        "completed": true,
        "completedAt": "2025-12-17T19:57:17.194Z",
        "completedSem1": true,
        "completedAtSem1": "2025-12-17T19:57:17.194Z",
        "completedSem2": true,
        "completedAtSem2": "2025-12-17T19:57:58.893Z",
        "_id": "69430b1d6192461a1677618c"
      },
      {
        "teacherId": "6930b59cf7aca9a6156cd995",
        "completed": true,
        "completedAt": "2025-12-17T19:57:22.355Z",
        "completedSem1": true,
        "completedAtSem1": "2025-12-17T19:57:22.355Z",
        "completedSem2": true,
        "completedAtSem2": "2025-12-17T19:58:04.514Z",
        "_id": "69430b226192461a1677622c"
      }
    ],
    "status": "signed",
    "assignedAt": "2025-12-17T19:56:55.110Z",
    "assignedBy": "6930bb7ce1d9875b43a0b096",
    "isCompleted": true,
    "completedAt": "2025-12-17T19:57:22.355Z",
    "completedBy": "6930b59cf7aca9a6156cd995",
    "isCompletedSem1": true,
    "completedAtSem1": "2025-12-17T19:57:22.355Z",
    "isCompletedSem2": true,
    "completedAtSem2": "2025-12-17T19:58:04.514Z",
    "data": {
      "signatures": [
        {
          "type": "end_of_year",
          "signedAt": "2025-12-17T19:58:22.185Z",
          "subAdminId": "6929e1e1e358ca0ef47a328a",
          "schoolYearId": "692cabe589fca919b378b632",
          "schoolYearName": "2026/2027",
          "level": "PS"
        }
      ],
      "promotions": [
        {
          "from": "PS",
          "to": "MS",
          "date": "2025-12-17T19:58:24.893Z",
          "year": "2025/2026",
          "class": "PS A",
          "by": "6929e1e1e358ca0ef47a328a"
        }
      ],
      "table_2_16_row_0": [
        {
          "code": "lb",
          "label": "Lebanese",
          "emoji": "🇱🇧",
          "active": true,
          "level": "PS"
        },
        {
          "code": "fr",
          "label": "French",
          "emoji": "🇫🇷",
          "active": true,
          "level": "PS"
        },
        {
          "code": "en",
          "label": "English",
          "emoji": "🇬🇧",
          "active": true,
          "level": "PS"
        }
      ],
      "table_2_17_row_0": [
        {
          "code": "lb",
          "label": "Lebanese",
          "emoji": "🇱🇧",
          "active": false
        },
        {
          "code": "fr",
          "label": "French",
          "emoji": "🇫🇷",
          "active": false
        },
        {
          "code": "en",
          "label": "English",
          "emoji": "🇬🇧",
          "active": false
        },
        {
          "code": "lb",
          "label": "Lebanese",
          "emoji": "🇱🇧",
          "active": false
        },
        {
          "code": "fr",
          "label": "Français",
          "emoji": "🇫🇷",
          "active": false
        },
        {
          "code": "en",
          "label": "English",
          "emoji": "🇬🇧",
          "active": false
        },
        {
          "code": "ar",
          "label": "العربية",
          "emoji": "🇱🇧",
          "active": false
        }
      ]
    },
    "__v": 0
  },
  {
    "_id": "69430dd56192461a16776887",
    "templateId": "6935ace250527885e27f4c51",
    "templateVersion": 11,
    "studentId": "69430dd56192461a1677687a",
    "assignedTeachers": [
      "6937345bba6658cc2b66a553",
      "6929e1d1e358ca0ef47a3286",
      "6930b59cf7aca9a6156cd995"
    ],
    "teacherCompletions": [
      {
        "teacherId": "6930b59cf7aca9a6156cd995",
        "completedSem2": true,
        "completedAtSem2": "2025-12-17T20:09:52.953Z",
        "_id": "69430e106192461a16776a6d"
      },
      {
        "teacherId": "6937345bba6658cc2b66a553",
        "completedSem2": true,
        "completedAtSem2": "2025-12-17T20:09:55.956Z",
        "_id": "69430e136192461a16776a7a"
      },
      {
        "teacherId": "6929e1d1e358ca0ef47a3286",
        "completedSem2": true,
        "completedAtSem2": "2025-12-17T20:09:58.567Z",
        "_id": "69430e166192461a16776a88"
      }
    ],
    "status": "signed",
    "assignedAt": "2025-12-17T20:08:53.760Z",
    "assignedBy": "6930bb7ce1d9875b43a0b096",
    "isCompleted": false,
    "isCompletedSem1": false,
    "isCompletedSem2": true,
    "completedAtSem2": "2025-12-17T20:09:58.567Z",
    "data": {
      "table_2_16_row_0": [
        {
          "code": "lb",
          "label": "Lebanese",
          "emoji": "🇱🇧",
          "active": true,
          "level": "PS"
        },
        {
          "code": "fr",
          "label": "French",
          "emoji": "🇫🇷",
          "active": true,
          "level": "PS"
        },
        {
          "code": "en",
          "label": "English",
          "emoji": "🇬🇧",
          "active": true,
          "level": "PS"
        }
      ],
      "signatures": [
        {
          "type": "end_of_year",
          "signedAt": "2025-12-17T20:10:18.104Z",
          "subAdminId": "6929e1e1e358ca0ef47a328a",
          "schoolYearId": "692cabe589fca919b378b632",
          "schoolYearName": "2026/2027",
          "level": "PS"
        }
      ],
      "promotions": [
        {
          "from": "PS",
          "to": "MS",
          "date": "2025-12-17T20:10:21.982Z",
          "year": "2025/2026",
          "class": "PS A",
          "by": "6929e1e1e358ca0ef47a328a"
        }
      ]
    },
    "__v": 0
  }
]