[
  {
    "_id": "69955b048e07f416331e7e8e",
    "name": "2026/2027",
    "startDate": "2026-09-01T00:00:00.000Z",
    "endDate": "2027-07-01T00:00:00.000Z",
    "active": false,
    "activeSemester": 1,
    "sequence": 3,
    "__v": 0
  },
  {
    "_id": "69955b048e07f416331e7e98",
    "name": "2027/2028",
    "startDate": "2027-09-01T00:00:00.000Z",
    "endDate": "2028-07-01T00:00:00.000Z",
    "active": false,
    "activeSemester": 1,
    "sequence": 4,
    "__v": 0
  },
  {
    "_id": "69955b068e07f416331e7ea2",
    "name": "2025/2026",
    "startDate": "2025-09-01T00:00:00.000Z",
    "endDate": "2026-07-01T00:00:00.000Z",
    "active": true,
    "activeSemester": 1,
    "sequence": 2,
    "__v": 0
  },
  {
    "_id": "69955b068e07f416331e7eac",
    "name": "2024/2025",
    "startDate": "2024-09-01T00:00:00.000Z",
    "endDate": "2025-07-01T00:00:00.000Z",
    "active": false,
    "activeSemester": 1,
    "sequence": 1,
    "__v": 0
  }
]