[
  {
    "_id": "6995633563b8236691b8f91e",
    "key": "previous_year_dropdown_editable",
    "value": true,
    "__v": 0
  },
  {
    "_id": "6995633563b8236691b8f91f",
    "key": "teacher_quick_grading_enabled",
    "value": false,
    "__v": 0
  },
  {
    "_id": "6995634463b8236691b8f920",
    "key": "block_visibility_settings",
    "value": {
      "PS": {
        "subadmin": {
          "block:17ed07ed-7ea2-4bac-9993-a75563eaac1e": "after_sem1",
          "block:5f99838b-1de2-405e-86d1-5fcf612f6b9d": "after_sem2",
          "block:ef42cd4a-562e-43ee-80b0-d302d073df58": "after_sem1",
          "block:f7c3b284-8a8c-4fd1-bf05-000edc3ddee1": "after_sem2"
        },
        "pdf": {
          "block:17ed07ed-7ea2-4bac-9993-a75563eaac1e": "after_sem1",
          "block:5f99838b-1de2-405e-86d1-5fcf612f6b9d": "after_sem2",
          "block:ef42cd4a-562e-43ee-80b0-d302d073df58": "after_sem1",
          "block:f7c3b284-8a8c-4fd1-bf05-000edc3ddee1": "after_sem2"
        },
        "teacher": {
          "block:17ed07ed-7ea2-4bac-9993-a75563eaac1e": "after_sem1",
          "block:5f99838b-1de2-405e-86d1-5fcf612f6b9d": "after_sem2",
          "block:ef42cd4a-562e-43ee-80b0-d302d073df58": "after_sem1",
          "block:f7c3b284-8a8c-4fd1-bf05-000edc3ddee1": "after_sem2"
        },
        "archive_sem1": {
          "block:17ed07ed-7ea2-4bac-9993-a75563eaac1e": "after_sem1",
          "block:5f99838b-1de2-405e-86d1-5fcf612f6b9d": "after_sem2",
          "block:ef42cd4a-562e-43ee-80b0-d302d073df58": "after_sem1",
          "block:f7c3b284-8a8c-4fd1-bf05-000edc3ddee1": "after_sem2"
        },
        "archive_final": {
          "block:17ed07ed-7ea2-4bac-9993-a75563eaac1e": "after_sem1",
          "block:5f99838b-1de2-405e-86d1-5fcf612f6b9d": "after_sem2",
          "block:ef42cd4a-562e-43ee-80b0-d302d073df58": "after_sem1",
          "block:f7c3b284-8a8c-4fd1-bf05-000edc3ddee1": "after_sem2"
        }
      },
      "MS": {
        "subadmin": {
          "block:aa1242a3-ddbf-4d8c-b683-60b08f55f6ea": "after_sem1",
          "block:ed1da717-74b0-482f-a8ee-037eb9336e14": "after_sem2",
          "block:86e46897-291a-4a59-a2ea-148aef8bb644": "after_sem2",
          "block:e8c26cd4-504c-4d65-81a5-e81734b52616": "after_sem1"
        },
        "pdf": {
          "block:aa1242a3-ddbf-4d8c-b683-60b08f55f6ea": "after_sem1",
          "block:ed1da717-74b0-482f-a8ee-037eb9336e14": "after_sem2",
          "block:86e46897-291a-4a59-a2ea-148aef8bb644": "after_sem2",
          "block:e8c26cd4-504c-4d65-81a5-e81734b52616": "after_sem1"
        },
        "teacher": {
          "block:aa1242a3-ddbf-4d8c-b683-60b08f55f6ea": "after_sem1",
          "block:ed1da717-74b0-482f-a8ee-037eb9336e14": "after_sem2",
          "block:86e46897-291a-4a59-a2ea-148aef8bb644": "after_sem2",
          "block:e8c26cd4-504c-4d65-81a5-e81734b52616": "after_sem1"
        },
        "archive_sem1": {
          "block:aa1242a3-ddbf-4d8c-b683-60b08f55f6ea": "after_sem1",
          "block:ed1da717-74b0-482f-a8ee-037eb9336e14": "after_sem2",
          "block:86e46897-291a-4a59-a2ea-148aef8bb644": "after_sem2",
          "block:e8c26cd4-504c-4d65-81a5-e81734b52616": "after_sem1"
        },
        "archive_final": {
          "block:aa1242a3-ddbf-4d8c-b683-60b08f55f6ea": "after_sem1",
          "block:ed1da717-74b0-482f-a8ee-037eb9336e14": "after_sem2",
          "block:86e46897-291a-4a59-a2ea-148aef8bb644": "after_sem2",
          "block:e8c26cd4-504c-4d65-81a5-e81734b52616": "after_sem1"
        }
      },
      "GS": {
        "subadmin": {
          "block:90ee6f42-12da-42b0-b01b-6c8aa1e5aaae": "after_sem2",
          "block:bc069a0f-8a1c-45c1-a26c-f5ade5fb5a58": "after_sem1",
          "block:5cb018ea-d8aa-4ba0-9579-da780f147fe4": "after_sem1",
          "block:fd3607c5-dea7-4ec6-b21c-dc7fd177ef34": "after_sem2"
        },
        "pdf": {
          "block:90ee6f42-12da-42b0-b01b-6c8aa1e5aaae": "after_sem2",
          "block:bc069a0f-8a1c-45c1-a26c-f5ade5fb5a58": "after_sem1",
          "block:5cb018ea-d8aa-4ba0-9579-da780f147fe4": "after_sem1",
          "block:fd3607c5-dea7-4ec6-b21c-dc7fd177ef34": "after_sem2"
        },
        "teacher": {
          "block:90ee6f42-12da-42b0-b01b-6c8aa1e5aaae": "after_sem2",
          "block:bc069a0f-8a1c-45c1-a26c-f5ade5fb5a58": "after_sem1",
          "block:5cb018ea-d8aa-4ba0-9579-da780f147fe4": "after_sem1",
          "block:fd3607c5-dea7-4ec6-b21c-dc7fd177ef34": "after_sem2"
        },
        "archive_sem1": {
          "block:90ee6f42-12da-42b0-b01b-6c8aa1e5aaae": "after_sem2",
          "block:bc069a0f-8a1c-45c1-a26c-f5ade5fb5a58": "after_sem1",
          "block:5cb018ea-d8aa-4ba0-9579-da780f147fe4": "after_sem1",
          "block:fd3607c5-dea7-4ec6-b21c-dc7fd177ef34": "after_sem2"
        },
        "archive_final": {
          "block:90ee6f42-12da-42b0-b01b-6c8aa1e5aaae": "after_sem2",
          "block:bc069a0f-8a1c-45c1-a26c-f5ade5fb5a58": "after_sem1",
          "block:5cb018ea-d8aa-4ba0-9579-da780f147fe4": "after_sem1",
          "block:fd3607c5-dea7-4ec6-b21c-dc7fd177ef34": "after_sem2"
        }
      }
    },
    "__v": 0
  }
]