[
  {
    "_id": "6998335c1312a72db9516bd4",
    "message": "Le système sera en maintenance dans 5 minutes et ne sera pas disponible pendant 5 minutes.",
    "type": "warning",
    "active": false,
    "expiresAt": "2026-02-20T10:16:40.273Z",
    "createdAt": "2026-02-20T10:11:40.274Z",
    "createdBy": "69955b918e07f416331e7f37",
    "__v": 0
  },
  {
    "_id": "6998370f1312a72db95196e7",
    "message": "Le système sera en maintenance dans 5 minutes et ne sera pas disponible pendant 5 minutes.",
    "type": "warning",
    "active": false,
    "expiresAt": "2026-02-20T10:32:27.054Z",
    "createdAt": "2026-02-20T10:27:27.055Z",
    "createdBy": "69955b918e07f416331e7f37",
    "__v": 0
  }
]