[
  {
    "_id": "6915c985bb32f55265852ff9",
    "name": "a",
    "level": "eb3",
    "schoolYearId": "6915c54a572b6d1bc8838c30",
    "__v": 0
  },
  {
    "_id": "692fd58ec6e2f27f3a0272d1",
    "name": "PS A",
    "level": "PS",
    "schoolYearId": "692fd580c6e2f27f3a0272af",
    "__v": 0
  },
  {
    "_id": "692fd58ec6e2f27f3a0272d4",
    "name": "PS B",
    "level": "PS",
    "schoolYearId": "692fd580c6e2f27f3a0272af",
    "__v": 0
  },
  {
    "_id": "692fd58ec6e2f27f3a0272d7",
    "name": "PS C",
    "level": "PS",
    "schoolYearId": "692fd580c6e2f27f3a0272af",
    "__v": 0
  },
  {
    "_id": "692fd58ec6e2f27f3a0272da",
    "name": "PS D",
    "level": "PS",
    "schoolYearId": "692fd580c6e2f27f3a0272af",
    "__v": 0
  },
  {
    "_id": "692fd58ec6e2f27f3a0272dd",
    "name": "PS E",
    "level": "PS",
    "schoolYearId": "692fd580c6e2f27f3a0272af",
    "__v": 0
  },
  {
    "_id": "692fd58fc6e2f27f3a0272e0",
    "name": "PS F",
    "level": "PS",
    "schoolYearId": "692fd580c6e2f27f3a0272af",
    "__v": 0
  },
  {
    "_id": "692fd590c6e2f27f3a0272e3",
    "name": "MS A",
    "level": "MS",
    "schoolYearId": "692fd580c6e2f27f3a0272af",
    "__v": 0
  },
  {
    "_id": "692fd590c6e2f27f3a0272e6",
    "name": "MS B",
    "level": "MS",
    "schoolYearId": "692fd580c6e2f27f3a0272af",
    "__v": 0
  },
  {
    "_id": "692fd591c6e2f27f3a0272e9",
    "name": "MS C",
    "level": "MS",
    "schoolYearId": "692fd580c6e2f27f3a0272af",
    "__v": 0
  },
  {
    "_id": "692fd591c6e2f27f3a0272ec",
    "name": "MS D",
    "level": "MS",
    "schoolYearId": "692fd580c6e2f27f3a0272af",
    "__v": 0
  },
  {
    "_id": "692fd591c6e2f27f3a0272ef",
    "name": "MS E",
    "level": "MS",
    "schoolYearId": "692fd580c6e2f27f3a0272af",
    "__v": 0
  },
  {
    "_id": "692fd591c6e2f27f3a0272f2",
    "name": "MS F",
    "level": "MS",
    "schoolYearId": "692fd580c6e2f27f3a0272af",
    "__v": 0
  },
  {
    "_id": "692fd592c6e2f27f3a0272f5",
    "name": "GS A",
    "level": "GS",
    "schoolYearId": "692fd580c6e2f27f3a0272af",
    "__v": 0
  },
  {
    "_id": "692fd592c6e2f27f3a0272f8",
    "name": "GS B",
    "level": "GS",
    "schoolYearId": "692fd580c6e2f27f3a0272af",
    "__v": 0
  },
  {
    "_id": "692fd592c6e2f27f3a0272fb",
    "name": "GS C",
    "level": "GS",
    "schoolYearId": "692fd580c6e2f27f3a0272af",
    "__v": 0
  },
  {
    "_id": "692fd592c6e2f27f3a0272fe",
    "name": "GS D",
    "level": "GS",
    "schoolYearId": "692fd580c6e2f27f3a0272af",
    "__v": 0
  },
  {
    "_id": "692fd593c6e2f27f3a027301",
    "name": "GS E",
    "level": "GS",
    "schoolYearId": "692fd580c6e2f27f3a0272af",
    "__v": 0
  },
  {
    "_id": "692fd593c6e2f27f3a027304",
    "name": "GS F",
    "level": "GS",
    "schoolYearId": "692fd580c6e2f27f3a0272af",
    "__v": 0
  },
  {
    "_id": "692ff35895b6ff073a62dd36",
    "name": "PS A",
    "level": "PS",
    "schoolYearId": "692ff35895b6ff073a62dd34",
    "__v": 0
  },
  {
    "_id": "692ff35895b6ff073a62dd37",
    "name": "MS A",
    "level": "MS",
    "schoolYearId": "692ff35895b6ff073a62dd34",
    "__v": 0
  },
  {
    "_id": "692ff35895b6ff073a62dd38",
    "name": "GS A",
    "level": "GS",
    "schoolYearId": "692ff35895b6ff073a62dd34",
    "__v": 0
  },
  {
    "_id": "692ff36b95b6ff073a62dd40",
    "name": "PS B",
    "level": "PS",
    "schoolYearId": "692ff35895b6ff073a62dd34",
    "__v": 0
  },
  {
    "_id": "692ff36b95b6ff073a62dd43",
    "name": "PS C",
    "level": "PS",
    "schoolYearId": "692ff35895b6ff073a62dd34",
    "__v": 0
  },
  {
    "_id": "692ff36b95b6ff073a62dd46",
    "name": "PS D",
    "level": "PS",
    "schoolYearId": "692ff35895b6ff073a62dd34",
    "__v": 0
  },
  {
    "_id": "692ff36c95b6ff073a62dd49",
    "name": "MS B",
    "level": "MS",
    "schoolYearId": "692ff35895b6ff073a62dd34",
    "__v": 0
  },
  {
    "_id": "692ff36c95b6ff073a62dd4c",
    "name": "MS C",
    "level": "MS",
    "schoolYearId": "692ff35895b6ff073a62dd34",
    "__v": 0
  },
  {
    "_id": "692ff37295b6ff073a62dd5b",
    "name": "GS B",
    "level": "GS",
    "schoolYearId": "692ff35895b6ff073a62dd34",
    "__v": 0
  },
  {
    "_id": "692ff37295b6ff073a62dd5e",
    "name": "GS C",
    "level": "GS",
    "schoolYearId": "692ff35895b6ff073a62dd34",
    "__v": 0
  },
  {
    "_id": "692ff37295b6ff073a62dd61",
    "name": "GS D",
    "level": "GS",
    "schoolYearId": "692ff35895b6ff073a62dd34",
    "__v": 0
  },
  {
    "_id": "692ff37295b6ff073a62dd64",
    "name": "GS E",
    "level": "GS",
    "schoolYearId": "692ff35895b6ff073a62dd34",
    "__v": 0
  },
  {
    "_id": "692ff37595b6ff073a62dd6a",
    "name": "PS A",
    "level": "PS",
    "schoolYearId": "692ff37595b6ff073a62dd68",
    "__v": 0
  },
  {
    "_id": "692ff37595b6ff073a62dd6b",
    "name": "MS A",
    "level": "MS",
    "schoolYearId": "692ff37595b6ff073a62dd68",
    "__v": 0
  },
  {
    "_id": "692ff37595b6ff073a62dd6c",
    "name": "GS A",
    "level": "GS",
    "schoolYearId": "692ff37595b6ff073a62dd68",
    "__v": 0
  },
  {
    "_id": "692ff56807bd2be8b2cc2d7d",
    "name": "PS A",
    "level": "PS",
    "schoolYearId": "692ff56507bd2be8b2cc2d75",
    "__v": 0
  },
  {
    "_id": "692ff56907bd2be8b2cc2d80",
    "name": "PS B",
    "level": "PS",
    "schoolYearId": "692ff56507bd2be8b2cc2d75",
    "__v": 0
  },
  {
    "_id": "692ff56907bd2be8b2cc2d83",
    "name": "PS C",
    "level": "PS",
    "schoolYearId": "692ff56507bd2be8b2cc2d75",
    "__v": 0
  },
  {
    "_id": "692ff56907bd2be8b2cc2d86",
    "name": "PS D",
    "level": "PS",
    "schoolYearId": "692ff56507bd2be8b2cc2d75",
    "__v": 0
  },
  {
    "_id": "692ff56907bd2be8b2cc2d89",
    "name": "PS E",
    "level": "PS",
    "schoolYearId": "692ff56507bd2be8b2cc2d75",
    "__v": 0
  },
  {
    "_id": "692ff56e07bd2be8b2cc2d96",
    "name": "MS A",
    "level": "MS",
    "schoolYearId": "692ff56507bd2be8b2cc2d75",
    "__v": 0
  },
  {
    "_id": "692ff56f07bd2be8b2cc2d99",
    "name": "MS B",
    "level": "MS",
    "schoolYearId": "692ff56507bd2be8b2cc2d75",
    "__v": 0
  },
  {
    "_id": "692ff56f07bd2be8b2cc2d9c",
    "name": "MS C",
    "level": "MS",
    "schoolYearId": "692ff56507bd2be8b2cc2d75",
    "__v": 0
  },
  {
    "_id": "692ff56f07bd2be8b2cc2d9f",
    "name": "MS D",
    "level": "MS",
    "schoolYearId": "692ff56507bd2be8b2cc2d75",
    "__v": 0
  },
  {
    "_id": "692ff56f07bd2be8b2cc2da2",
    "name": "MS E",
    "level": "MS",
    "schoolYearId": "692ff56507bd2be8b2cc2d75",
    "__v": 0
  },
  {
    "_id": "692ff57007bd2be8b2cc2da5",
    "name": "GS A",
    "level": "GS",
    "schoolYearId": "692ff56507bd2be8b2cc2d75",
    "__v": 0
  },
  {
    "_id": "692ff57007bd2be8b2cc2da8",
    "name": "GS B",
    "level": "GS",
    "schoolYearId": "692ff56507bd2be8b2cc2d75",
    "__v": 0
  },
  {
    "_id": "692ff57007bd2be8b2cc2dab",
    "name": "GS C",
    "level": "GS",
    "schoolYearId": "692ff56507bd2be8b2cc2d75",
    "__v": 0
  },
  {
    "_id": "692ff57007bd2be8b2cc2dae",
    "name": "GS D",
    "level": "GS",
    "schoolYearId": "692ff56507bd2be8b2cc2d75",
    "__v": 0
  },
  {
    "_id": "692ff57107bd2be8b2cc2db1",
    "name": "GS E",
    "level": "GS",
    "schoolYearId": "692ff56507bd2be8b2cc2d75",
    "__v": 0
  },
  {
    "_id": "692ff67807bd2be8b2cc2ee0",
    "name": "PS A",
    "level": "PS",
    "schoolYearId": "692ff67507bd2be8b2cc2ed8",
    "__v": 0
  },
  {
    "_id": "692ff67807bd2be8b2cc2ee3",
    "name": "PS B",
    "level": "PS",
    "schoolYearId": "692ff67507bd2be8b2cc2ed8",
    "__v": 0
  },
  {
    "_id": "692ff67907bd2be8b2cc2ee6",
    "name": "PS C",
    "level": "PS",
    "schoolYearId": "692ff67507bd2be8b2cc2ed8",
    "__v": 0
  },
  {
    "_id": "692ff67907bd2be8b2cc2ee9",
    "name": "PS D",
    "level": "PS",
    "schoolYearId": "692ff67507bd2be8b2cc2ed8",
    "__v": 0
  },
  {
    "_id": "692ff67907bd2be8b2cc2eec",
    "name": "PS E",
    "level": "PS",
    "schoolYearId": "692ff67507bd2be8b2cc2ed8",
    "__v": 0
  },
  {
    "_id": "692ff67d07bd2be8b2cc2ef7",
    "name": "MS A",
    "level": "MS",
    "schoolYearId": "692ff67507bd2be8b2cc2ed8",
    "__v": 0
  },
  {
    "_id": "692ff67d07bd2be8b2cc2efa",
    "name": "MS B",
    "level": "MS",
    "schoolYearId": "692ff67507bd2be8b2cc2ed8",
    "__v": 0
  },
  {
    "_id": "692ff67d07bd2be8b2cc2efd",
    "name": "MS C",
    "level": "MS",
    "schoolYearId": "692ff67507bd2be8b2cc2ed8",
    "__v": 0
  },
  {
    "_id": "692ff67d07bd2be8b2cc2f00",
    "name": "MS D",
    "level": "MS",
    "schoolYearId": "692ff67507bd2be8b2cc2ed8",
    "__v": 0
  },
  {
    "_id": "692ff67d07bd2be8b2cc2f03",
    "name": "MS E",
    "level": "MS",
    "schoolYearId": "692ff67507bd2be8b2cc2ed8",
    "__v": 0
  },
  {
    "_id": "692ff67e07bd2be8b2cc2f06",
    "name": "GS A",
    "level": "GS",
    "schoolYearId": "692ff67507bd2be8b2cc2ed8",
    "__v": 0
  },
  {
    "_id": "692ff67e07bd2be8b2cc2f09",
    "name": "GS B",
    "level": "GS",
    "schoolYearId": "692ff67507bd2be8b2cc2ed8",
    "__v": 0
  },
  {
    "_id": "692ff67e07bd2be8b2cc2f0c",
    "name": "GS C",
    "level": "GS",
    "schoolYearId": "692ff67507bd2be8b2cc2ed8",
    "__v": 0
  },
  {
    "_id": "692ff67e07bd2be8b2cc2f0f",
    "name": "GS D",
    "level": "GS",
    "schoolYearId": "692ff67507bd2be8b2cc2ed8",
    "__v": 0
  },
  {
    "_id": "692ff67f07bd2be8b2cc2f12",
    "name": "GS E",
    "level": "GS",
    "schoolYearId": "692ff67507bd2be8b2cc2ed8",
    "__v": 0
  },
  {
    "_id": "692ff70640783b2ec7d7a531",
    "name": "PS A",
    "level": "PS",
    "schoolYearId": "692ff6e007bd2be8b2cc2f3c",
    "__v": 0
  },
  {
    "_id": "692ff70640783b2ec7d7a534",
    "name": "PS B",
    "level": "PS",
    "schoolYearId": "692ff6e007bd2be8b2cc2f3c",
    "__v": 0
  },
  {
    "_id": "692ff70640783b2ec7d7a537",
    "name": "PS C",
    "level": "PS",
    "schoolYearId": "692ff6e007bd2be8b2cc2f3c",
    "__v": 0
  },
  {
    "_id": "692ff70740783b2ec7d7a53a",
    "name": "PS D",
    "level": "PS",
    "schoolYearId": "692ff6e007bd2be8b2cc2f3c",
    "__v": 0
  },
  {
    "_id": "692ff70740783b2ec7d7a53d",
    "name": "MS A",
    "level": "MS",
    "schoolYearId": "692ff6e007bd2be8b2cc2f3c",
    "__v": 0
  },
  {
    "_id": "692ff70740783b2ec7d7a540",
    "name": "MS B",
    "level": "MS",
    "schoolYearId": "692ff6e007bd2be8b2cc2f3c",
    "__v": 0
  },
  {
    "_id": "692ff70840783b2ec7d7a543",
    "name": "MS C",
    "level": "MS",
    "schoolYearId": "692ff6e007bd2be8b2cc2f3c",
    "__v": 0
  },
  {
    "_id": "692ff70840783b2ec7d7a546",
    "name": "MS D",
    "level": "MS",
    "schoolYearId": "692ff6e007bd2be8b2cc2f3c",
    "__v": 0
  },
  {
    "_id": "692ff70840783b2ec7d7a549",
    "name": "GS A",
    "level": "GS",
    "schoolYearId": "692ff6e007bd2be8b2cc2f3c",
    "__v": 0
  },
  {
    "_id": "692ff70940783b2ec7d7a54c",
    "name": "GS B",
    "level": "GS",
    "schoolYearId": "692ff6e007bd2be8b2cc2f3c",
    "__v": 0
  },
  {
    "_id": "692ff70940783b2ec7d7a54f",
    "name": "GS C",
    "level": "GS",
    "schoolYearId": "692ff6e007bd2be8b2cc2f3c",
    "__v": 0
  },
  {
    "_id": "692ff70940783b2ec7d7a552",
    "name": "GS D",
    "level": "GS",
    "schoolYearId": "692ff6e007bd2be8b2cc2f3c",
    "__v": 0
  },
  {
    "_id": "69367299b3c5bc137dac88b3",
    "name": "PS E",
    "schoolYearId": "692ff6e007bd2be8b2cc2f3c",
    "__v": 0
  },
  {
    "_id": "693fb0b1ffcb20306ba6e7f7",
    "name": "MS A",
    "level": "MS",
    "schoolYearId": "69302c8376d55a479c3b8682",
    "__v": 0
  },
  {
    "_id": "693fe179a66c8e01e1b68616",
    "name": "GS A",
    "level": "GS",
    "schoolYearId": "693fe11da66c8e01e1b682dd",
    "__v": 0
  },
  {
    "_id": "694937c7460285461fdbb66c",
    "name": "SMOKE-CLASS",
    "level": "PS",
    "schoolYearId": "694937c7460285461fdbb665",
    "__v": 0
  }
]