[
  {
    "_id": "69368a5dc170178555bbe258",
    "logicalKey": "abboud_pierre_2020-01-01",
    "firstName": "ABBOUD",
    "lastName": "Pierre",
    "dateOfBirth": "2020-01-01T00:00:00.000Z",
    "status": "active",
    "promotions": [
      {
        "schoolYearId": "692ff6e007bd2be8b2cc2f3c",
        "date": "2025-12-08T11:20:36.874Z",
        "fromLevel": "MS",
        "toLevel": "GS",
        "promotedBy": "6931377e1b2fe24a727c21e2",
        "_id": "6936b484de4c12f40b286141"
      }
    ],
    "__v": 0,
    "nextLevel": "GS"
  },
  {
    "_id": "69368a5dc170178555bbe261",
    "logicalKey": "abboud_sophia_2020-01-01",
    "firstName": "ABBOUD",
    "lastName": "Sophia",
    "dateOfBirth": "2020-01-01T00:00:00.000Z",
    "status": "active",
    "promotions": [],
    "__v": 0
  },
  {
    "_id": "69368a5dc170178555bbe26c",
    "logicalKey": "abboud_yasmina_2020-01-01",
    "firstName": "ABBOUD",
    "lastName": "Yasmina",
    "dateOfBirth": "2020-01-01T00:00:00.000Z",
    "status": "active",
    "promotions": [],
    "__v": 0
  },
  {
    "_id": "69368a5dc170178555bbe277",
    "logicalKey": "abdallah_charbel_2020-01-01",
    "firstName": "ABDALLAH",
    "lastName": "Charbel",
    "dateOfBirth": "2020-01-01T00:00:00.000Z",
    "status": "active",
    "promotions": [],
    "__v": 0
  },
  {
    "_id": "69368a5dc170178555bbe282",
    "logicalKey": "abdallah_eliya_2020-01-01",
    "firstName": "ABDALLAH",
    "lastName": "Eliya",
    "dateOfBirth": "2020-01-01T00:00:00.000Z",
    "status": "active",
    "promotions": [],
    "__v": 0
  },
  {
    "_id": "69368a5dc170178555bbe28d",
    "logicalKey": "abdallah_kevin_2020-01-01",
    "firstName": "ABDALLAH",
    "lastName": "Kevin",
    "dateOfBirth": "2020-01-01T00:00:00.000Z",
    "status": "active",
    "promotions": [],
    "__v": 0
  },
  {
    "_id": "69368a5dc170178555bbe298",
    "logicalKey": "abdallah_sara_2020-01-01",
    "firstName": "ABDALLAH",
    "lastName": "Sara",
    "dateOfBirth": "2020-01-01T00:00:00.000Z",
    "status": "active",
    "promotions": [],
    "__v": 0
  },
  {
    "_id": "69368a5dc170178555bbe2a3",
    "logicalKey": "abdallah_séréna_2020-01-01",
    "firstName": "ABDALLAH",
    "lastName": "Séréna",
    "dateOfBirth": "2020-01-01T00:00:00.000Z",
    "status": "active",
    "promotions": [],
    "__v": 0
  },
  {
    "_id": "69368a5dc170178555bbe2ae",
    "logicalKey": "abdallah_theana_2020-01-01",
    "firstName": "ABDALLAH",
    "lastName": "Theana",
    "dateOfBirth": "2020-01-01T00:00:00.000Z",
    "status": "active",
    "promotions": [],
    "__v": 0
  },
  {
    "_id": "69368a5dc170178555bbe2b9",
    "logicalKey": "abdallah abi nader_carel_2020-01-01",
    "firstName": "ABDALLAH ABI NADER",
    "lastName": "Carel",
    "dateOfBirth": "2020-01-01T00:00:00.000Z",
    "status": "active",
    "promotions": [],
    "__v": 0
  },
  {
    "_id": "69368a5dc170178555bbe2c4",
    "logicalKey": "abdallah abi nader_karl_2020-01-01",
    "firstName": "ABDALLAH ABI NADER",
    "lastName": "Karl",
    "dateOfBirth": "2020-01-01T00:00:00.000Z",
    "status": "active",
    "promotions": [],
    "__v": 0
  },
  {
    "_id": "69368a5dc170178555bbe2cf",
    "logicalKey": "abdallah abi nader_katy_2020-01-01",
    "firstName": "ABDALLAH ABI NADER",
    "lastName": "Katy",
    "dateOfBirth": "2020-01-01T00:00:00.000Z",
    "status": "active",
    "promotions": [],
    "__v": 0
  },
  {
    "_id": "69368a5dc170178555bbe2da",
    "logicalKey": "abdel ahad_chris_2020-01-01",
    "firstName": "ABDEL AHAD",
    "lastName": "Chris",
    "dateOfBirth": "2020-01-01T00:00:00.000Z",
    "status": "active",
    "promotions": [],
    "__v": 0
  },
  {
    "_id": "69368a5dc170178555bbe2e5",
    "logicalKey": "abdel ahad_christie_2020-01-01",
    "firstName": "ABDEL AHAD",
    "lastName": "Christie",
    "dateOfBirth": "2020-01-01T00:00:00.000Z",
    "status": "active",
    "promotions": [],
    "__v": 0
  },
  {
    "_id": "69368a5dc170178555bbe2f0",
    "logicalKey": "abdel ahad_joey_2020-01-01",
    "firstName": "ABDEL AHAD",
    "lastName": "Joey",
    "dateOfBirth": "2020-01-01T00:00:00.000Z",
    "status": "active",
    "promotions": [],
    "__v": 0
  },
  {
    "_id": "69368a5dc170178555bbe2fb",
    "logicalKey": "abdel ahad_kely_2020-01-01",
    "firstName": "ABDEL AHAD",
    "lastName": "Kely",
    "dateOfBirth": "2020-01-01T00:00:00.000Z",
    "status": "active",
    "promotions": [],
    "__v": 0
  },
  {
    "_id": "69368a5dc170178555bbe306",
    "logicalKey": "abdel ahad_mila_2020-01-01",
    "firstName": "ABDEL AHAD",
    "lastName": "Mila",
    "dateOfBirth": "2020-01-01T00:00:00.000Z",
    "status": "active",
    "promotions": [],
    "__v": 0
  },
  {
    "_id": "69368a5dc170178555bbe311",
    "logicalKey": "abdel massih_charbel_2020-01-01",
    "firstName": "ABDEL MASSIH",
    "lastName": "Charbel",
    "dateOfBirth": "2020-01-01T00:00:00.000Z",
    "status": "active",
    "promotions": [],
    "__v": 0
  },
  {
    "_id": "69368a5dc170178555bbe31c",
    "logicalKey": "abdel massih_christy_2020-01-01",
    "firstName": "ABDEL MASSIH",
    "lastName": "Christy",
    "dateOfBirth": "2020-01-01T00:00:00.000Z",
    "status": "active",
    "promotions": [],
    "__v": 0
  },
  {
    "_id": "69368a5dc170178555bbe327",
    "logicalKey": "abdelkarim_michael_2020-01-01",
    "firstName": "ABDELKARIM",
    "lastName": "Michael",
    "dateOfBirth": "2020-01-01T00:00:00.000Z",
    "status": "active",
    "promotions": [],
    "__v": 0
  },
  {
    "_id": "69368a5dc170178555bbe332",
    "logicalKey": "abdelmassih_marcelino_2020-01-01",
    "firstName": "ABDELMASSIH",
    "lastName": "Marcelino",
    "dateOfBirth": "2020-01-01T00:00:00.000Z",
    "status": "active",
    "promotions": [],
    "__v": 0
  },
  {
    "_id": "69368a5dc170178555bbe33d",
    "logicalKey": "abdelmassih_ralph_2020-01-01",
    "firstName": "ABDELMASSIH",
    "lastName": "Ralph",
    "dateOfBirth": "2020-01-01T00:00:00.000Z",
    "status": "active",
    "promotions": [],
    "__v": 0
  },
  {
    "_id": "69368a5dc170178555bbe348",
    "logicalKey": "abdelnour_clarita_2020-01-01",
    "firstName": "ABDELNOUR",
    "lastName": "Clarita",
    "dateOfBirth": "2020-01-01T00:00:00.000Z",
    "status": "active",
    "promotions": [],
    "__v": 0
  },
  {
    "_id": "69368a5dc170178555bbe353",
    "logicalKey": "abdelnour_jay_2020-01-01",
    "firstName": "ABDELNOUR",
    "lastName": "Jay",
    "dateOfBirth": "2020-01-01T00:00:00.000Z",
    "status": "active",
    "promotions": [],
    "__v": 0
  },
  {
    "_id": "69368a5dc170178555bbe35e",
    "logicalKey": "abdelnour_roudy_2020-01-01",
    "firstName": "ABDELNOUR",
    "lastName": "Roudy",
    "dateOfBirth": "2020-01-01T00:00:00.000Z",
    "status": "active",
    "promotions": [],
    "__v": 0
  },
  {
    "_id": "69368a5dc170178555bbe369",
    "logicalKey": "abdelnour_sara_2020-01-01",
    "firstName": "ABDELNOUR",
    "lastName": "Sara",
    "dateOfBirth": "2020-01-01T00:00:00.000Z",
    "status": "active",
    "promotions": [],
    "__v": 0
  },
  {
    "_id": "69368a5dc170178555bbe374",
    "logicalKey": "abdelsater_najib_2020-01-01",
    "firstName": "ABDELSATER",
    "lastName": "Najib",
    "dateOfBirth": "2020-01-01T00:00:00.000Z",
    "status": "active",
    "promotions": [],
    "__v": 0
  },
  {
    "_id": "69368a5dc170178555bbe37f",
    "logicalKey": "abdo_kevin_2020-01-01",
    "firstName": "ABDO",
    "lastName": "Kevin",
    "dateOfBirth": "2020-01-01T00:00:00.000Z",
    "status": "active",
    "promotions": [],
    "__v": 0
  },
  {
    "_id": "69368a5dc170178555bbe38a",
    "logicalKey": "abdou_marielle_2020-01-01",
    "firstName": "ABDOU",
    "lastName": "Marielle",
    "dateOfBirth": "2020-01-01T00:00:00.000Z",
    "status": "active",
    "promotions": [],
    "__v": 0
  },
  {
    "_id": "69368a5dc170178555bbe395",
    "logicalKey": "abdou_rafael_2020-01-01",
    "firstName": "ABDOU",
    "lastName": "Rafael",
    "dateOfBirth": "2020-01-01T00:00:00.000Z",
    "status": "active",
    "promotions": [],
    "__v": 0
  },
  {
    "_id": "69368a5dc170178555bbe3a0",
    "logicalKey": "abed (al)_chris roger_2020-01-01",
    "firstName": "ABED (AL)",
    "lastName": "Chris Roger",
    "dateOfBirth": "2020-01-01T00:00:00.000Z",
    "status": "active",
    "promotions": [],
    "__v": 0
  },
  {
    "_id": "69368a5dc170178555bbe3ab",
    "logicalKey": "abed (al)_maria_2020-01-01",
    "firstName": "ABED (AL)",
    "lastName": "Maria",
    "dateOfBirth": "2020-01-01T00:00:00.000Z",
    "status": "active",
    "promotions": [],
    "__v": 0
  },
  {
    "_id": "69368a5dc170178555bbe3b6",
    "logicalKey": "abi aad_christopher_2020-01-01",
    "firstName": "ABI AAD",
    "lastName": "Christopher",
    "dateOfBirth": "2020-01-01T00:00:00.000Z",
    "status": "active",
    "promotions": [],
    "__v": 0
  },
  {
    "_id": "69368a5dc170178555bbe3c1",
    "logicalKey": "abi aad_elias_2020-01-01",
    "firstName": "ABI AAD",
    "lastName": "Elias",
    "dateOfBirth": "2020-01-01T00:00:00.000Z",
    "status": "active",
    "promotions": [],
    "__v": 0
  },
  {
    "_id": "69368a5dc170178555bbe3cc",
    "logicalKey": "abi aad_elio_2020-01-01",
    "firstName": "ABI AAD",
    "lastName": "Elio",
    "dateOfBirth": "2020-01-01T00:00:00.000Z",
    "status": "active",
    "promotions": [],
    "__v": 0
  },
  {
    "_id": "69368a5dc170178555bbe3d7",
    "logicalKey": "abi aad_lorenzo_2020-01-01",
    "firstName": "ABI AAD",
    "lastName": "Lorenzo",
    "dateOfBirth": "2020-01-01T00:00:00.000Z",
    "status": "active",
    "promotions": [],
    "__v": 0
  },
  {
    "_id": "69368a5dc170178555bbe3e2",
    "logicalKey": "abi aad_mary jane_2020-01-01",
    "firstName": "ABI AAD",
    "lastName": "Mary Jane",
    "dateOfBirth": "2020-01-01T00:00:00.000Z",
    "status": "active",
    "promotions": [],
    "__v": 0
  },
  {
    "_id": "69368a5dc170178555bbe3ed",
    "logicalKey": "abi aad_matteo_2020-01-01",
    "firstName": "ABI AAD",
    "lastName": "Matteo",
    "dateOfBirth": "2020-01-01T00:00:00.000Z",
    "status": "active",
    "promotions": [],
    "__v": 0
  },
  {
    "_id": "69368a5dc170178555bbe3f8",
    "logicalKey": "abi abdallah_chanelle_2020-01-01",
    "firstName": "ABI ABDALLAH",
    "lastName": "Chanelle",
    "dateOfBirth": "2020-01-01T00:00:00.000Z",
    "status": "active",
    "promotions": [],
    "__v": 0
  },
  {
    "_id": "69368a5dc170178555bbe403",
    "logicalKey": "abi abdallah_charlize_2020-01-01",
    "firstName": "ABI ABDALLAH",
    "lastName": "Charlize",
    "dateOfBirth": "2020-01-01T00:00:00.000Z",
    "status": "active",
    "promotions": [],
    "__v": 0
  },
  {
    "_id": "69368a5dc170178555bbe40e",
    "logicalKey": "abi abdallah_mark anthony_2020-01-01",
    "firstName": "ABI ABDALLAH",
    "lastName": "Mark Anthony",
    "dateOfBirth": "2020-01-01T00:00:00.000Z",
    "status": "active",
    "promotions": [],
    "__v": 0
  },
  {
    "_id": "69368a5dc170178555bbe419",
    "logicalKey": "abi akar_marita_2020-01-01",
    "firstName": "ABI AKAR",
    "lastName": "Marita",
    "dateOfBirth": "2020-01-01T00:00:00.000Z",
    "status": "active",
    "promotions": [],
    "__v": 0
  },
  {
    "_id": "69368a5dc170178555bbe424",
    "logicalKey": "abi assal_carlos_2020-01-01",
    "firstName": "ABI ASSAL",
    "lastName": "Carlos",
    "dateOfBirth": "2020-01-01T00:00:00.000Z",
    "status": "active",
    "promotions": [],
    "__v": 0
  },
  {
    "_id": "69368a5dc170178555bbe42f",
    "logicalKey": "abi atallah_yara_2020-01-01",
    "firstName": "ABI ATALLAH",
    "lastName": "Yara",
    "dateOfBirth": "2020-01-01T00:00:00.000Z",
    "status": "active",
    "promotions": [],
    "__v": 0
  },
  {
    "_id": "69368a5dc170178555bbe43a",
    "logicalKey": "abi azar_céline_2020-01-01",
    "firstName": "ABI AZAR",
    "lastName": "Céline",
    "dateOfBirth": "2020-01-01T00:00:00.000Z",
    "status": "active",
    "promotions": [],
    "__v": 0
  },
  {
    "_id": "69368a5dc170178555bbe445",
    "logicalKey": "abi azar_thea_2020-01-01",
    "firstName": "ABI AZAR",
    "lastName": "Thea",
    "dateOfBirth": "2020-01-01T00:00:00.000Z",
    "status": "active",
    "promotions": [],
    "__v": 0
  },
  {
    "_id": "69368a5dc170178555bbe450",
    "logicalKey": "abi chacra._christina_2020-01-01",
    "firstName": "ABI CHACRA.",
    "lastName": "Christina",
    "dateOfBirth": "2020-01-01T00:00:00.000Z",
    "status": "active",
    "promotions": [],
    "__v": 0
  },
  {
    "_id": "69368a5dc170178555bbe45b",
    "logicalKey": "abi chacra._maria_2020-01-01",
    "firstName": "ABI CHACRA.",
    "lastName": "Maria",
    "dateOfBirth": "2020-01-01T00:00:00.000Z",
    "status": "active",
    "promotions": [],
    "__v": 0
  },
  {
    "_id": "69368a5dc170178555bbe466",
    "logicalKey": "abi chahine_joe_2020-01-01",
    "firstName": "ABI CHAHINE",
    "lastName": "Joe",
    "dateOfBirth": "2020-01-01T00:00:00.000Z",
    "status": "active",
    "promotions": [],
    "__v": 0
  },
  {
    "_id": "69368a5dc170178555bbe471",
    "logicalKey": "abi chahine_sienna_2020-01-01",
    "firstName": "ABI CHAHINE",
    "lastName": "Sienna",
    "dateOfBirth": "2020-01-01T00:00:00.000Z",
    "status": "active",
    "promotions": [],
    "__v": 0
  },
  {
    "_id": "69368a5dc170178555bbe47c",
    "logicalKey": "abi chahla_yara_2020-01-01",
    "firstName": "ABI CHAHLA",
    "lastName": "Yara",
    "dateOfBirth": "2020-01-01T00:00:00.000Z",
    "status": "active",
    "promotions": [],
    "__v": 0
  },
  {
    "_id": "69368a5dc170178555bbe487",
    "logicalKey": "abi chedid_carlo_2020-01-01",
    "firstName": "ABI CHEDID",
    "lastName": "Carlo",
    "dateOfBirth": "2020-01-01T00:00:00.000Z",
    "status": "active",
    "promotions": [],
    "__v": 0
  },
  {
    "_id": "69368a5dc170178555bbe492",
    "logicalKey": "abi doumeth_carel_2020-01-01",
    "firstName": "ABI DOUMETH",
    "lastName": "Carel",
    "dateOfBirth": "2020-01-01T00:00:00.000Z",
    "status": "active",
    "promotions": [],
    "__v": 0
  },
  {
    "_id": "69368a5dc170178555bbe49d",
    "logicalKey": "abi doumeth_clara_2020-01-01",
    "firstName": "ABI DOUMETH",
    "lastName": "Clara",
    "dateOfBirth": "2020-01-01T00:00:00.000Z",
    "status": "active",
    "promotions": [],
    "__v": 0
  },
  {
    "_id": "69368a5dc170178555bbe4a8",
    "logicalKey": "abi gerges_james_2020-01-01",
    "firstName": "ABI GERGES",
    "lastName": "James",
    "dateOfBirth": "2020-01-01T00:00:00.000Z",
    "status": "active",
    "promotions": [],
    "__v": 0
  },
  {
    "_id": "69368a5dc170178555bbe4b3",
    "logicalKey": "abi haila._charbel_2020-01-01",
    "firstName": "ABI HAILA.",
    "lastName": "Charbel",
    "dateOfBirth": "2020-01-01T00:00:00.000Z",
    "status": "active",
    "promotions": [],
    "__v": 0
  },
  {
    "_id": "69368a5dc170178555bbe4be",
    "logicalKey": "abi karam_chris charbel_2020-01-01",
    "firstName": "ABI KARAM",
    "lastName": "Chris Charbel",
    "dateOfBirth": "2020-01-01T00:00:00.000Z",
    "status": "active",
    "promotions": [],
    "__v": 0
  },
  {
    "_id": "69368a5dc170178555bbe4c9",
    "logicalKey": "abi khalil_kevin_2020-01-01",
    "firstName": "ABI KHALIL",
    "lastName": "Kevin",
    "dateOfBirth": "2020-01-01T00:00:00.000Z",
    "status": "active",
    "promotions": [],
    "__v": 0
  },
  {
    "_id": "69368a5dc170178555bbe4d4",
    "logicalKey": "abi khalil_lyanna_2020-01-01",
    "firstName": "ABI KHALIL",
    "lastName": "Lyanna",
    "dateOfBirth": "2020-01-01T00:00:00.000Z",
    "status": "active",
    "promotions": [],
    "__v": 0
  },
  {
    "_id": "69368a5dc170178555bbe4df",
    "logicalKey": "abi khalil_ryan_2020-01-01",
    "firstName": "ABI KHALIL",
    "lastName": "Ryan",
    "dateOfBirth": "2020-01-01T00:00:00.000Z",
    "status": "active",
    "promotions": [],
    "__v": 0
  },
  {
    "_id": "69368a5dc170178555bbe4ea",
    "logicalKey": "abi khalil_sama_2020-01-01",
    "firstName": "ABI KHALIL",
    "lastName": "Sama",
    "dateOfBirth": "2020-01-01T00:00:00.000Z",
    "status": "active",
    "promotions": [],
    "__v": 0
  },
  {
    "_id": "69368a5dc170178555bbe4f5",
    "logicalKey": "abi khalil_yeven_2020-01-01",
    "firstName": "ABI KHALIL",
    "lastName": "Yeven",
    "dateOfBirth": "2020-01-01T00:00:00.000Z",
    "status": "active",
    "promotions": [],
    "__v": 0
  },
  {
    "_id": "69368a5dc170178555bbe500",
    "logicalKey": "abi khalil_youssef_2020-01-01",
    "firstName": "ABI KHALIL",
    "lastName": "Youssef",
    "dateOfBirth": "2020-01-01T00:00:00.000Z",
    "status": "active",
    "promotions": [],
    "__v": 0
  },
  {
    "_id": "69368a5dc170178555bbe50b",
    "logicalKey": "abi nader_antonio_2020-01-01",
    "firstName": "ABI NADER",
    "lastName": "Antonio",
    "dateOfBirth": "2020-01-01T00:00:00.000Z",
    "status": "active",
    "promotions": [],
    "__v": 0
  },
  {
    "_id": "69368a5dc170178555bbe516",
    "logicalKey": "abi nader_charbel_2020-01-01",
    "firstName": "ABI NADER",
    "lastName": "Charbel",
    "dateOfBirth": "2020-01-01T00:00:00.000Z",
    "status": "active",
    "promotions": [],
    "__v": 0
  },
  {
    "_id": "69368a5dc170178555bbe521",
    "logicalKey": "abi nader_elie_2020-01-01",
    "firstName": "ABI NADER",
    "lastName": "Elie",
    "dateOfBirth": "2020-01-01T00:00:00.000Z",
    "status": "active",
    "promotions": [],
    "__v": 0
  },
  {
    "_id": "69368a5dc170178555bbe52c",
    "logicalKey": "abi nader_georgio_2020-01-01",
    "firstName": "ABI NADER",
    "lastName": "Georgio",
    "dateOfBirth": "2020-01-01T00:00:00.000Z",
    "status": "active",
    "promotions": [],
    "__v": 0
  },
  {
    "_id": "69368a5dc170178555bbe537",
    "logicalKey": "abi nader_lea_2020-01-01",
    "firstName": "ABI NADER",
    "lastName": "Lea",
    "dateOfBirth": "2020-01-01T00:00:00.000Z",
    "status": "active",
    "promotions": [],
    "__v": 0
  },
  {
    "_id": "69368a5dc170178555bbe542",
    "logicalKey": "abi nader_liam_2020-01-01",
    "firstName": "ABI NADER",
    "lastName": "Liam",
    "dateOfBirth": "2020-01-01T00:00:00.000Z",
    "status": "active",
    "promotions": [],
    "__v": 0
  },
  {
    "_id": "69368a5dc170178555bbe54d",
    "logicalKey": "abi nader_loana_2020-01-01",
    "firstName": "ABI NADER",
    "lastName": "Loana",
    "dateOfBirth": "2020-01-01T00:00:00.000Z",
    "status": "active",
    "promotions": [],
    "__v": 0
  },
  {
    "_id": "69368a5dc170178555bbe558",
    "logicalKey": "abi nader_marc_2020-01-01",
    "firstName": "ABI NADER",
    "lastName": "Marc",
    "dateOfBirth": "2020-01-01T00:00:00.000Z",
    "status": "active",
    "promotions": [],
    "__v": 0
  },
  {
    "_id": "69368a5dc170178555bbe563",
    "logicalKey": "abi nader_pia_2020-01-01",
    "firstName": "ABI NADER",
    "lastName": "Pia",
    "dateOfBirth": "2020-01-01T00:00:00.000Z",
    "status": "active",
    "promotions": [],
    "__v": 0
  },
  {
    "_id": "69368a5dc170178555bbe56e",
    "logicalKey": "abi nahed._joseph_2020-01-01",
    "firstName": "ABI NAHED.",
    "lastName": "Joseph",
    "dateOfBirth": "2020-01-01T00:00:00.000Z",
    "status": "active",
    "promotions": [],
    "__v": 0
  },
  {
    "_id": "69368a5dc170178555bbe579",
    "logicalKey": "abi najem_tiffany_2020-01-01",
    "firstName": "ABI NAJEM",
    "lastName": "Tiffany",
    "dateOfBirth": "2020-01-01T00:00:00.000Z",
    "status": "active",
    "promotions": [],
    "__v": 0
  },
  {
    "_id": "69368a5dc170178555bbe584",
    "logicalKey": "abi najem_valérie_2020-01-01",
    "firstName": "ABI NAJEM",
    "lastName": "Valérie",
    "dateOfBirth": "2020-01-01T00:00:00.000Z",
    "status": "active",
    "promotions": [],
    "__v": 0
  },
  {
    "_id": "69368a5dc170178555bbe58f",
    "logicalKey": "abi nakhle_albert_2020-01-01",
    "firstName": "ABI NAKHLE",
    "lastName": "Albert",
    "dateOfBirth": "2020-01-01T00:00:00.000Z",
    "status": "active",
    "promotions": [],
    "__v": 0
  },
  {
    "_id": "69368a5dc170178555bbe59a",
    "logicalKey": "abi nakhle_alex_2020-01-01",
    "firstName": "ABI NAKHLE",
    "lastName": "Alex",
    "dateOfBirth": "2020-01-01T00:00:00.000Z",
    "status": "active",
    "promotions": [],
    "__v": 0
  },
  {
    "_id": "69368a5dc170178555bbe5a5",
    "logicalKey": "abi nakhle_maëva_2020-01-01",
    "firstName": "ABI NAKHLE",
    "lastName": "Maëva",
    "dateOfBirth": "2020-01-01T00:00:00.000Z",
    "status": "active",
    "promotions": [],
    "__v": 0
  },
  {
    "_id": "69368a5dc170178555bbe5b0",
    "logicalKey": "abi nakhle_matteo_2020-01-01",
    "firstName": "ABI NAKHLE",
    "lastName": "Matteo",
    "dateOfBirth": "2020-01-01T00:00:00.000Z",
    "status": "active",
    "promotions": [],
    "__v": 0
  },
  {
    "_id": "69368a5dc170178555bbe5bb",
    "logicalKey": "abi raad_mia_2020-01-01",
    "firstName": "ABI RAAD",
    "lastName": "Mia",
    "dateOfBirth": "2020-01-01T00:00:00.000Z",
    "status": "active",
    "promotions": [],
    "__v": 0
  },
  {
    "_id": "69368a5dc170178555bbe5c6",
    "logicalKey": "abi raad (el)_joe_2020-01-01",
    "firstName": "ABI RAAD (EL)",
    "lastName": "Joe",
    "dateOfBirth": "2020-01-01T00:00:00.000Z",
    "status": "active",
    "promotions": [],
    "__v": 0
  },
  {
    "_id": "69368a5dc170178555bbe5d1",
    "logicalKey": "abi rached_gaelle_2020-01-01",
    "firstName": "ABI RACHED",
    "lastName": "Gaelle",
    "dateOfBirth": "2020-01-01T00:00:00.000Z",
    "status": "active",
    "promotions": [],
    "__v": 0
  },
  {
    "_id": "69368a5dc170178555bbe5dc",
    "logicalKey": "abi rached_raphaël_2020-01-01",
    "firstName": "ABI RACHED",
    "lastName": "Raphaël",
    "dateOfBirth": "2020-01-01T00:00:00.000Z",
    "status": "active",
    "promotions": [],
    "__v": 0
  },
  {
    "_id": "69368a5dc170178555bbe5e7",
    "logicalKey": "abi saab_christophe_2020-01-01",
    "firstName": "ABI SAAB",
    "lastName": "Christophe",
    "dateOfBirth": "2020-01-01T00:00:00.000Z",
    "status": "active",
    "promotions": [],
    "__v": 0
  },
  {
    "_id": "69368a5dc170178555bbe5f2",
    "logicalKey": "abi saab_daniel_2020-01-01",
    "firstName": "ABI SAAB",
    "lastName": "Daniel",
    "dateOfBirth": "2020-01-01T00:00:00.000Z",
    "status": "active",
    "promotions": [],
    "__v": 0
  },
  {
    "_id": "69368a5dc170178555bbe5fd",
    "logicalKey": "abi saab_matéo_2020-01-01",
    "firstName": "ABI SAAB",
    "lastName": "Matéo",
    "dateOfBirth": "2020-01-01T00:00:00.000Z",
    "status": "active",
    "promotions": [],
    "__v": 0
  },
  {
    "_id": "69368a5dc170178555bbe608",
    "logicalKey": "abi zeid_elias_2020-01-01",
    "firstName": "ABI ZEID",
    "lastName": "Elias",
    "dateOfBirth": "2020-01-01T00:00:00.000Z",
    "status": "active",
    "promotions": [],
    "__v": 0
  },
  {
    "_id": "69368a5dc170178555bbe613",
    "logicalKey": "abiad (el)_karel_2020-01-01",
    "firstName": "ABIAD (EL)",
    "lastName": "Karel",
    "dateOfBirth": "2020-01-01T00:00:00.000Z",
    "status": "active",
    "promotions": [],
    "__v": 0
  },
  {
    "_id": "69368a5dc170178555bbe61e",
    "logicalKey": "abiassal_ryan_2020-01-01",
    "firstName": "ABIASSAL",
    "lastName": "Ryan",
    "dateOfBirth": "2020-01-01T00:00:00.000Z",
    "status": "active",
    "promotions": [],
    "__v": 0
  },
  {
    "_id": "69368a5dc170178555bbe629",
    "logicalKey": "abihabib_john_2020-01-01",
    "firstName": "ABIHABIB",
    "lastName": "John",
    "dateOfBirth": "2020-01-01T00:00:00.000Z",
    "status": "active",
    "promotions": [],
    "__v": 0
  },
  {
    "_id": "69368a5dc170178555bbe634",
    "logicalKey": "abihabib_lucas_2020-01-01",
    "firstName": "ABIHABIB",
    "lastName": "Lucas",
    "dateOfBirth": "2020-01-01T00:00:00.000Z",
    "status": "active",
    "promotions": [],
    "__v": 0
  },
  {
    "_id": "69368a5dc170178555bbe63f",
    "logicalKey": "abihabib_selena_2020-01-01",
    "firstName": "ABIHABIB",
    "lastName": "Selena",
    "dateOfBirth": "2020-01-01T00:00:00.000Z",
    "status": "active",
    "promotions": [],
    "__v": 0
  },
  {
    "_id": "69368a5dc170178555bbe64a",
    "logicalKey": "abikaram_naya_2020-01-01",
    "firstName": "ABIKARAM",
    "lastName": "Naya",
    "dateOfBirth": "2020-01-01T00:00:00.000Z",
    "status": "active",
    "promotions": [
      {
        "schoolYearId": "692ff6e007bd2be8b2cc2f3c",
        "date": "2025-12-15T06:54:25.007Z",
        "fromLevel": "PS",
        "toLevel": "MS",
        "promotedBy": "69298f449e9a88ba819f9b75",
        "_id": "693fb0a1ffcb20306ba6e7d0"
      }
    ],
    "__v": 1,
    "nextLevel": "MS"
  },
  {
    "_id": "69368a5dc170178555bbe653",
    "logicalKey": "abou abdallah_eva-maria_2020-01-01",
    "firstName": "ABOU ABDALLAH",
    "lastName": "Eva-Maria",
    "dateOfBirth": "2020-01-01T00:00:00.000Z",
    "status": "active",
    "promotions": [],
    "__v": 0
  },
  {
    "_id": "69368a5dc170178555bbe65e",
    "logicalKey": "abou abdallah_joe_2020-01-01",
    "firstName": "ABOU ABDALLAH",
    "lastName": "Joe",
    "dateOfBirth": "2020-01-01T00:00:00.000Z",
    "status": "active",
    "promotions": [],
    "__v": 0
  },
  {
    "_id": "69368a5dc170178555bbe669",
    "logicalKey": "abou abdallah_joseph_2020-01-01",
    "firstName": "ABOU ABDALLAH",
    "lastName": "Joseph",
    "dateOfBirth": "2020-01-01T00:00:00.000Z",
    "status": "active",
    "promotions": [],
    "__v": 0
  },
  {
    "_id": "69368a5dc170178555bbe674",
    "logicalKey": "abou abdallah_joy_2020-01-01",
    "firstName": "ABOU ABDALLAH",
    "lastName": "Joy",
    "dateOfBirth": "2020-01-01T00:00:00.000Z",
    "status": "active",
    "promotions": [],
    "__v": 0
  },
  {
    "_id": "69368a5dc170178555bbe67f",
    "logicalKey": "abou abdallah_maria-thérésa_2020-01-01",
    "firstName": "ABOU ABDALLAH",
    "lastName": "Maria-Thérésa",
    "dateOfBirth": "2020-01-01T00:00:00.000Z",
    "status": "active",
    "promotions": [],
    "__v": 0
  },
  {
    "_id": "69368a5dc170178555bbe68a",
    "logicalKey": "abou antoun_andy_2020-01-01",
    "firstName": "ABOU ANTOUN",
    "lastName": "Andy",
    "dateOfBirth": "2020-01-01T00:00:00.000Z",
    "status": "active",
    "promotions": [],
    "__v": 0
  },
  {
    "_id": "69368a5dc170178555bbe695",
    "logicalKey": "abou antoun_charbel_2020-01-01",
    "firstName": "ABOU ANTOUN",
    "lastName": "Charbel",
    "dateOfBirth": "2020-01-01T00:00:00.000Z",
    "status": "active",
    "promotions": [],
    "__v": 0
  },
  {
    "_id": "69368a5dc170178555bbe6a0",
    "logicalKey": "abou antoun_rebecca_2020-01-01",
    "firstName": "ABOU ANTOUN",
    "lastName": "Rebecca",
    "dateOfBirth": "2020-01-01T00:00:00.000Z",
    "status": "active",
    "promotions": [],
    "__v": 0
  },
  {
    "_id": "69368a5dc170178555bbe6ab",
    "logicalKey": "abou antoun_yve_2020-01-01",
    "firstName": "ABOU ANTOUN",
    "lastName": "Yve",
    "dateOfBirth": "2020-01-01T00:00:00.000Z",
    "status": "active",
    "promotions": [],
    "__v": 0
  },
  {
    "_id": "69368a5dc170178555bbe6b6",
    "logicalKey": "abou atmeh_chloe_2020-01-01",
    "firstName": "ABOU ATMEH",
    "lastName": "Chloe",
    "dateOfBirth": "2020-01-01T00:00:00.000Z",
    "status": "active",
    "promotions": [],
    "__v": 0
  },
  {
    "_id": "69368a5dc170178555bbe6c1",
    "logicalKey": "abou chaaya_eli_2020-01-01",
    "firstName": "ABOU CHAAYA",
    "lastName": "Eli",
    "dateOfBirth": "2020-01-01T00:00:00.000Z",
    "status": "active",
    "promotions": [],
    "__v": 0
  },
  {
    "_id": "69368a5dc170178555bbe6cc",
    "logicalKey": "abou chaaya_jason_2020-01-01",
    "firstName": "ABOU CHAAYA",
    "lastName": "Jason",
    "dateOfBirth": "2020-01-01T00:00:00.000Z",
    "status": "active",
    "promotions": [],
    "__v": 0
  },
  {
    "_id": "69368a5dc170178555bbe6d7",
    "logicalKey": "abou chaaya_zoe_2020-01-01",
    "firstName": "ABOU CHAAYA",
    "lastName": "Zoe",
    "dateOfBirth": "2020-01-01T00:00:00.000Z",
    "status": "active",
    "promotions": [],
    "__v": 0
  },
  {
    "_id": "69368a5dc170178555bbe6e2",
    "logicalKey": "abou dagher_maria_2020-01-01",
    "firstName": "ABOU DAGHER",
    "lastName": "Maria",
    "dateOfBirth": "2020-01-01T00:00:00.000Z",
    "status": "active",
    "promotions": [],
    "__v": 0
  },
  {
    "_id": "69368a5dc170178555bbe6ed",
    "logicalKey": "abou dagher_sarah_2020-01-01",
    "firstName": "ABOU DAGHER",
    "lastName": "Sarah",
    "dateOfBirth": "2020-01-01T00:00:00.000Z",
    "status": "active",
    "promotions": [],
    "__v": 0
  },
  {
    "_id": "69368a5dc170178555bbe6f8",
    "logicalKey": "abou elias_matteo anthony_2020-01-01",
    "firstName": "ABOU ELIAS",
    "lastName": "Matteo Anthony",
    "dateOfBirth": "2020-01-01T00:00:00.000Z",
    "status": "active",
    "promotions": [],
    "__v": 0
  },
  {
    "_id": "69368a5dc170178555bbe703",
    "logicalKey": "abou fadel_marina_2020-01-01",
    "firstName": "ABOU FADEL",
    "lastName": "Marina",
    "dateOfBirth": "2020-01-01T00:00:00.000Z",
    "status": "active",
    "promotions": [],
    "__v": 0
  },
  {
    "_id": "69368a5dc170178555bbe70e",
    "logicalKey": "abou faissal_lynn_2020-01-01",
    "firstName": "ABOU FAISSAL",
    "lastName": "Lynn",
    "dateOfBirth": "2020-01-01T00:00:00.000Z",
    "status": "active",
    "promotions": [],
    "__v": 0
  },
  {
    "_id": "69368a5ec170178555bbe719",
    "logicalKey": "abou faissal_ryan_2020-01-01",
    "firstName": "ABOU FAISSAL",
    "lastName": "Ryan",
    "dateOfBirth": "2020-01-01T00:00:00.000Z",
    "status": "active",
    "promotions": [],
    "__v": 0
  },
  {
    "_id": "69368a5ec170178555bbe724",
    "logicalKey": "abou gebran_gebran_2020-01-01",
    "firstName": "ABOU GEBRAN",
    "lastName": "Gebran",
    "dateOfBirth": "2020-01-01T00:00:00.000Z",
    "status": "active",
    "promotions": [],
    "__v": 0
  },
  {
    "_id": "69368a5ec170178555bbe72f",
    "logicalKey": "abou hana_celine_2020-01-01",
    "firstName": "ABOU HANA",
    "lastName": "Celine",
    "dateOfBirth": "2020-01-01T00:00:00.000Z",
    "status": "active",
    "promotions": [],
    "__v": 0
  },
  {
    "_id": "69368a5ec170178555bbe73a",
    "logicalKey": "abou hana_chris_2020-01-01",
    "firstName": "ABOU HANA",
    "lastName": "Chris",
    "dateOfBirth": "2020-01-01T00:00:00.000Z",
    "status": "active",
    "promotions": [],
    "__v": 0
  },
  {
    "_id": "69368a5ec170178555bbe745",
    "logicalKey": "abou hanna_gaia_2020-01-01",
    "firstName": "ABOU HANNA",
    "lastName": "Gaia",
    "dateOfBirth": "2020-01-01T00:00:00.000Z",
    "status": "active",
    "promotions": [],
    "__v": 0
  },
  {
    "_id": "69368a5ec170178555bbe750",
    "logicalKey": "abou hanna_peter_2020-01-01",
    "firstName": "ABOU HANNA",
    "lastName": "Peter",
    "dateOfBirth": "2020-01-01T00:00:00.000Z",
    "status": "active",
    "promotions": [],
    "__v": 0
  },
  {
    "_id": "69368a5ec170178555bbe75b",
    "logicalKey": "abou ibrahim_lynn_2020-01-01",
    "firstName": "ABOU IBRAHIM",
    "lastName": "Lynn",
    "dateOfBirth": "2020-01-01T00:00:00.000Z",
    "status": "active",
    "promotions": [],
    "__v": 0
  },
  {
    "_id": "69368a5ec170178555bbe766",
    "logicalKey": "abou jaoude_ghadi_2020-01-01",
    "firstName": "ABOU JAOUDE",
    "lastName": "Ghadi",
    "dateOfBirth": "2020-01-01T00:00:00.000Z",
    "status": "active",
    "promotions": [],
    "__v": 0
  },
  {
    "_id": "69368a5ec170178555bbe771",
    "logicalKey": "abou jaoude_jad_2020-01-01",
    "firstName": "ABOU JAOUDE",
    "lastName": "Jad",
    "dateOfBirth": "2020-01-01T00:00:00.000Z",
    "status": "active",
    "promotions": [],
    "__v": 0
  },
  {
    "_id": "69368a5ec170178555bbe786",
    "logicalKey": "abou jaoude_joy_2020-01-01",
    "firstName": "ABOU JAOUDE",
    "lastName": "Joy",
    "dateOfBirth": "2020-01-01T00:00:00.000Z",
    "status": "active",
    "promotions": [],
    "__v": 0
  },
  {
    "_id": "69368a5ec170178555bbe791",
    "logicalKey": "abou jaoude_karl_2020-01-01",
    "firstName": "ABOU JAOUDE",
    "lastName": "Karl",
    "dateOfBirth": "2020-01-01T00:00:00.000Z",
    "status": "active",
    "promotions": [],
    "__v": 0
  },
  {
    "_id": "69368a5ec170178555bbe79c",
    "logicalKey": "abou jaoude_lucas_2020-01-01",
    "firstName": "ABOU JAOUDE",
    "lastName": "Lucas",
    "dateOfBirth": "2020-01-01T00:00:00.000Z",
    "status": "active",
    "promotions": [],
    "__v": 0
  },
  {
    "_id": "69368a5ec170178555bbe7a7",
    "logicalKey": "abou jaoude_maria_2020-01-01",
    "firstName": "ABOU JAOUDE",
    "lastName": "Maria",
    "dateOfBirth": "2020-01-01T00:00:00.000Z",
    "status": "active",
    "promotions": [],
    "__v": 0
  },
  {
    "_id": "69368a5ec170178555bbe7b2",
    "logicalKey": "abou jaoude_michael_2020-01-01",
    "firstName": "ABOU JAOUDE",
    "lastName": "Michael",
    "dateOfBirth": "2020-01-01T00:00:00.000Z",
    "status": "active",
    "promotions": [],
    "__v": 0
  },
  {
    "_id": "69368a5ec170178555bbe7bd",
    "logicalKey": "abou jaoude_michel_2020-01-01",
    "firstName": "ABOU JAOUDE",
    "lastName": "Michel",
    "dateOfBirth": "2020-01-01T00:00:00.000Z",
    "status": "active",
    "promotions": [],
    "__v": 0
  },
  {
    "_id": "69368a5ec170178555bbe7c8",
    "logicalKey": "abou jaoude_mila_2020-01-01",
    "firstName": "ABOU JAOUDE",
    "lastName": "Mila",
    "dateOfBirth": "2020-01-01T00:00:00.000Z",
    "status": "active",
    "promotions": [],
    "__v": 0
  },
  {
    "_id": "69368a5ec170178555bbe7d3",
    "logicalKey": "abou karam_anthony_2020-01-01",
    "firstName": "ABOU KARAM",
    "lastName": "Anthony",
    "dateOfBirth": "2020-01-01T00:00:00.000Z",
    "status": "active",
    "promotions": [],
    "__v": 0
  },
  {
    "_id": "69368a5ec170178555bbe7de",
    "logicalKey": "abou karam_elie_2020-01-01",
    "firstName": "ABOU KARAM",
    "lastName": "Elie",
    "dateOfBirth": "2020-01-01T00:00:00.000Z",
    "status": "active",
    "promotions": [],
    "__v": 0
  },
  {
    "_id": "69368a5ec170178555bbe7e9",
    "logicalKey": "abou khalil_clara_2020-01-01",
    "firstName": "ABOU KHALIL",
    "lastName": "Clara",
    "dateOfBirth": "2020-01-01T00:00:00.000Z",
    "status": "active",
    "promotions": [],
    "__v": 0
  },
  {
    "_id": "69368a5ec170178555bbe7f4",
    "logicalKey": "abou khalil_michel_2020-01-01",
    "firstName": "ABOU KHALIL",
    "lastName": "Michel",
    "dateOfBirth": "2020-01-01T00:00:00.000Z",
    "status": "active",
    "promotions": [],
    "__v": 0
  },
  {
    "_id": "69368a5ec170178555bbe7ff",
    "logicalKey": "abou khalil_ralph_2020-01-01",
    "firstName": "ABOU KHALIL",
    "lastName": "Ralph",
    "dateOfBirth": "2020-01-01T00:00:00.000Z",
    "status": "active",
    "promotions": [],
    "__v": 0
  },
  {
    "_id": "69368a5ec170178555bbe80a",
    "logicalKey": "abou khalil_talia_2020-01-01",
    "firstName": "ABOU KHALIL",
    "lastName": "Talia",
    "dateOfBirth": "2020-01-01T00:00:00.000Z",
    "status": "active",
    "promotions": [],
    "__v": 0
  },
  {
    "_id": "69368a5ec170178555bbe815",
    "logicalKey": "abou maarouf_carlos_2020-01-01",
    "firstName": "ABOU MAAROUF",
    "lastName": "Carlos",
    "dateOfBirth": "2020-01-01T00:00:00.000Z",
    "status": "active",
    "promotions": [],
    "__v": 0
  },
  {
    "_id": "69368a5ec170178555bbe820",
    "logicalKey": "abou maarouf_carmel_2020-01-01",
    "firstName": "ABOU MAAROUF",
    "lastName": "Carmel",
    "dateOfBirth": "2020-01-01T00:00:00.000Z",
    "status": "active",
    "promotions": [],
    "__v": 0
  },
  {
    "_id": "69368a5ec170178555bbe82b",
    "logicalKey": "abou mansour_charbel_2020-01-01",
    "firstName": "ABOU MANSOUR",
    "lastName": "Charbel",
    "dateOfBirth": "2020-01-01T00:00:00.000Z",
    "status": "active",
    "promotions": [],
    "__v": 0
  },
  {
    "_id": "69368a5ec170178555bbe836",
    "logicalKey": "abou naoum_emilio_2020-01-01",
    "firstName": "ABOU NAOUM",
    "lastName": "Emilio",
    "dateOfBirth": "2020-01-01T00:00:00.000Z",
    "status": "active",
    "promotions": [],
    "__v": 0
  },
  {
    "_id": "69368a5ec170178555bbe841",
    "logicalKey": "abou rjeily_clea_2020-01-01",
    "firstName": "ABOU RJEILY",
    "lastName": "Clea",
    "dateOfBirth": "2020-01-01T00:00:00.000Z",
    "status": "active",
    "promotions": [],
    "__v": 0
  },
  {
    "_id": "69368a5ec170178555bbe84c",
    "logicalKey": "abou rjeily_georges_2020-01-01",
    "firstName": "ABOU RJEILY",
    "lastName": "Georges",
    "dateOfBirth": "2020-01-01T00:00:00.000Z",
    "status": "active",
    "promotions": [],
    "__v": 0
  },
  {
    "_id": "69368a5ec170178555bbe857",
    "logicalKey": "abou rjeily_jacey_2020-01-01",
    "firstName": "ABOU RJEILY",
    "lastName": "Jacey",
    "dateOfBirth": "2020-01-01T00:00:00.000Z",
    "status": "active",
    "promotions": [],
    "__v": 0
  },
  {
    "_id": "69368a5ec170178555bbe862",
    "logicalKey": "abou rjeily_john_2020-01-01",
    "firstName": "ABOU RJEILY",
    "lastName": "John",
    "dateOfBirth": "2020-01-01T00:00:00.000Z",
    "status": "active",
    "promotions": [],
    "__v": 0
  },
  {
    "_id": "69368a5ec170178555bbe86d",
    "logicalKey": "abou rjeily_karly_2020-01-01",
    "firstName": "ABOU RJEILY",
    "lastName": "Karly",
    "dateOfBirth": "2020-01-01T00:00:00.000Z",
    "status": "active",
    "promotions": [],
    "__v": 0
  },
  {
    "_id": "69368a5ec170178555bbe878",
    "logicalKey": "abou rjeily_yanna_2020-01-01",
    "firstName": "ABOU RJEILY",
    "lastName": "Yanna",
    "dateOfBirth": "2020-01-01T00:00:00.000Z",
    "status": "active",
    "promotions": [],
    "__v": 0
  },
  {
    "_id": "69368a5ec170178555bbe883",
    "logicalKey": "abou sleiman_alex_2020-01-01",
    "firstName": "ABOU SLEIMAN",
    "lastName": "Alex",
    "dateOfBirth": "2020-01-01T00:00:00.000Z",
    "status": "active",
    "promotions": [],
    "__v": 0
  },
  {
    "_id": "69368a5ec170178555bbe88e",
    "logicalKey": "abou sleiman_alexandre_2020-01-01",
    "firstName": "ABOU SLEIMAN",
    "lastName": "Alexandre",
    "dateOfBirth": "2020-01-01T00:00:00.000Z",
    "status": "active",
    "promotions": [],
    "__v": 0
  },
  {
    "_id": "69368a5ec170178555bbe899",
    "logicalKey": "abou sleiman_georgio_2020-01-01",
    "firstName": "ABOU SLEIMAN",
    "lastName": "Georgio",
    "dateOfBirth": "2020-01-01T00:00:00.000Z",
    "status": "active",
    "promotions": [],
    "__v": 0
  },
  {
    "_id": "69368a5ec170178555bbe8a4",
    "logicalKey": "abou taan_brian_2020-01-01",
    "firstName": "ABOU TAAN",
    "lastName": "Brian",
    "dateOfBirth": "2020-01-01T00:00:00.000Z",
    "status": "active",
    "promotions": [],
    "__v": 0
  },
  {
    "_id": "69368a5ec170178555bbe8af",
    "logicalKey": "abou taan_heaven_2020-01-01",
    "firstName": "ABOU TAAN",
    "lastName": "Heaven",
    "dateOfBirth": "2020-01-01T00:00:00.000Z",
    "status": "active",
    "promotions": [],
    "__v": 0
  },
  {
    "_id": "69368a5ec170178555bbe8ba",
    "logicalKey": "abou zeid_catherina_2020-01-01",
    "firstName": "ABOU ZEID",
    "lastName": "Catherina",
    "dateOfBirth": "2020-01-01T00:00:00.000Z",
    "status": "active",
    "promotions": [],
    "__v": 0
  },
  {
    "_id": "69368a5ec170178555bbe8c5",
    "logicalKey": "abou zeid_ghady_2020-01-01",
    "firstName": "ABOU ZEID",
    "lastName": "Ghady",
    "dateOfBirth": "2020-01-01T00:00:00.000Z",
    "status": "active",
    "promotions": [],
    "__v": 0
  },
  {
    "_id": "69368a5ec170178555bbe8d0",
    "logicalKey": "abou zeid_samir_2020-01-01",
    "firstName": "ABOU ZEID",
    "lastName": "Samir",
    "dateOfBirth": "2020-01-01T00:00:00.000Z",
    "status": "active",
    "promotions": [],
    "__v": 0
  },
  {
    "_id": "69368a5ec170178555bbe8db",
    "logicalKey": "abou zogheib_john_2020-01-01",
    "firstName": "ABOU ZOGHEIB",
    "lastName": "John",
    "dateOfBirth": "2020-01-01T00:00:00.000Z",
    "status": "active",
    "promotions": [],
    "__v": 0
  },
  {
    "_id": "69368a5ec170178555bbe8e6",
    "logicalKey": "abou zogheib_joseph_2020-01-01",
    "firstName": "ABOU ZOGHEIB",
    "lastName": "Joseph",
    "dateOfBirth": "2020-01-01T00:00:00.000Z",
    "status": "active",
    "promotions": [],
    "__v": 0
  },
  {
    "_id": "69368a5ec170178555bbe8f1",
    "logicalKey": "abouhanna_maria_2020-01-01",
    "firstName": "ABOUHANNA",
    "lastName": "Maria",
    "dateOfBirth": "2020-01-01T00:00:00.000Z",
    "status": "active",
    "promotions": [],
    "__v": 0
  },
  {
    "_id": "69368a5ec170178555bbe8fc",
    "logicalKey": "aboujaoude_elaya_2020-01-01",
    "firstName": "ABOUJAOUDE",
    "lastName": "Elaya",
    "dateOfBirth": "2020-01-01T00:00:00.000Z",
    "status": "active",
    "promotions": [],
    "__v": 0
  },
  {
    "_id": "69368a5ec170178555bbe907",
    "logicalKey": "aboujaoude_elias_2020-01-01",
    "firstName": "ABOUJAOUDE",
    "lastName": "Elias",
    "dateOfBirth": "2020-01-01T00:00:00.000Z",
    "status": "active",
    "promotions": [],
    "__v": 0
  },
  {
    "_id": "69368a5ec170178555bbe912",
    "logicalKey": "aboujaoude_karl_2020-01-01",
    "firstName": "ABOUJAOUDE",
    "lastName": "Karl",
    "dateOfBirth": "2020-01-01T00:00:00.000Z",
    "status": "active",
    "promotions": [],
    "__v": 0
  },
  {
    "_id": "69368a5ec170178555bbe921",
    "logicalKey": "aboujaoude_léa_2020-01-01",
    "firstName": "ABOUJAOUDE",
    "lastName": "Léa",
    "dateOfBirth": "2020-01-01T00:00:00.000Z",
    "status": "active",
    "promotions": [],
    "__v": 0
  },
  {
    "_id": "69368a5ec170178555bbe92c",
    "logicalKey": "aboujaoude_mathieu_2020-01-01",
    "firstName": "ABOUJAOUDE",
    "lastName": "Mathieu",
    "dateOfBirth": "2020-01-01T00:00:00.000Z",
    "status": "active",
    "promotions": [],
    "__v": 0
  },
  {
    "_id": "69368a5ec170178555bbe937",
    "logicalKey": "aboujaoude_michel_2020-01-01",
    "firstName": "ABOUJAOUDE",
    "lastName": "Michel",
    "dateOfBirth": "2020-01-01T00:00:00.000Z",
    "status": "active",
    "promotions": [],
    "__v": 0
  },
  {
    "_id": "69368a5ec170178555bbe942",
    "logicalKey": "abounassif_béatrice_2020-01-01",
    "firstName": "ABOUNASSIF",
    "lastName": "Béatrice",
    "dateOfBirth": "2020-01-01T00:00:00.000Z",
    "status": "active",
    "promotions": [],
    "__v": 0
  },
  {
    "_id": "69368a5ec170178555bbe94d",
    "logicalKey": "abounassif_charbel_2020-01-01",
    "firstName": "ABOUNASSIF",
    "lastName": "Charbel",
    "dateOfBirth": "2020-01-01T00:00:00.000Z",
    "status": "active",
    "promotions": [],
    "__v": 0
  },
  {
    "_id": "69368a5ec170178555bbe958",
    "logicalKey": "abounassif_joe_2020-01-01",
    "firstName": "ABOUNASSIF",
    "lastName": "Joe",
    "dateOfBirth": "2020-01-01T00:00:00.000Z",
    "status": "active",
    "promotions": [],
    "__v": 0
  },
  {
    "_id": "69368a5ec170178555bbe963",
    "logicalKey": "abourahal_giorgio_2020-01-01",
    "firstName": "ABOURAHAL",
    "lastName": "Giorgio",
    "dateOfBirth": "2020-01-01T00:00:00.000Z",
    "status": "active",
    "promotions": [],
    "__v": 0
  },
  {
    "_id": "69368a5ec170178555bbe96e",
    "logicalKey": "abyad (el)_celine_2020-01-01",
    "firstName": "ABYAD (EL)",
    "lastName": "Celine",
    "dateOfBirth": "2020-01-01T00:00:00.000Z",
    "status": "active",
    "promotions": [],
    "__v": 0
  },
  {
    "_id": "69368a5ec170178555bbe979",
    "logicalKey": "achkar (al)_adriana_2020-01-01",
    "firstName": "ACHKAR (AL)",
    "lastName": "Adriana",
    "dateOfBirth": "2020-01-01T00:00:00.000Z",
    "status": "active",
    "promotions": [],
    "__v": 0
  },
  {
    "_id": "69368a5ec170178555bbe984",
    "logicalKey": "achkar (el)_charbel_2020-01-01",
    "firstName": "ACHKAR (EL)",
    "lastName": "Charbel",
    "dateOfBirth": "2020-01-01T00:00:00.000Z",
    "status": "active",
    "promotions": [],
    "__v": 0
  },
  {
    "_id": "69368a5ec170178555bbe98f",
    "logicalKey": "achkar (el)_elias_2020-01-01",
    "firstName": "ACHKAR (EL)",
    "lastName": "Elias",
    "dateOfBirth": "2020-01-01T00:00:00.000Z",
    "status": "active",
    "promotions": [],
    "__v": 0
  },
  {
    "_id": "69368a5ec170178555bbe99a",
    "logicalKey": "achkar (el)_gabriel_2020-01-01",
    "firstName": "ACHKAR (EL)",
    "lastName": "Gabriel",
    "dateOfBirth": "2020-01-01T00:00:00.000Z",
    "status": "active",
    "promotions": [],
    "__v": 0
  },
  {
    "_id": "69368a5ec170178555bbe9a5",
    "logicalKey": "achkar (el)_jade_2020-01-01",
    "firstName": "ACHKAR (EL)",
    "lastName": "Jade",
    "dateOfBirth": "2020-01-01T00:00:00.000Z",
    "status": "active",
    "promotions": [],
    "__v": 0
  },
  {
    "_id": "69368a5ec170178555bbe9b0",
    "logicalKey": "achkar (el)_james_2020-01-01",
    "firstName": "ACHKAR (EL)",
    "lastName": "James",
    "dateOfBirth": "2020-01-01T00:00:00.000Z",
    "status": "active",
    "promotions": [],
    "__v": 0
  },
  {
    "_id": "69368a5ec170178555bbe9bb",
    "logicalKey": "achkar (el)_jean paul_2020-01-01",
    "firstName": "ACHKAR (EL)",
    "lastName": "Jean Paul",
    "dateOfBirth": "2020-01-01T00:00:00.000Z",
    "status": "active",
    "promotions": [],
    "__v": 0,
    "avatarUrl": "/uploads/students/Maria_HAJJ-1765263427016.jpg",
    "level": "GS"
  },
  {
    "_id": "69368a5ec170178555bbe9c4",
    "logicalKey": "achkar (el)_lara_2020-01-01",
    "firstName": "ACHKAR (EL)",
    "lastName": "Lara",
    "dateOfBirth": "2020-01-01T00:00:00.000Z",
    "status": "active",
    "promotions": [],
    "__v": 0,
    "avatarUrl": "/uploads/students/Sky_Daccahe_MSA-1765263431575.jpeg"
  },
  {
    "_id": "69368a5ec170178555bbe9cf",
    "logicalKey": "achkar (el)_michael_2020-01-01",
    "firstName": "ACHKAR (EL)",
    "lastName": "Michael",
    "dateOfBirth": "2020-01-01T00:00:00.000Z",
    "status": "active",
    "promotions": [],
    "__v": 0,
    "avatarUrl": "/uploads/students/Teresa_Keyrouz_PSC-1765263439503.jpg"
  },
  {
    "_id": "69368a5ec170178555bbe9da",
    "logicalKey": "achkar (el)_ray_2020-01-01",
    "firstName": "ACHKAR (EL)",
    "lastName": "Ray",
    "dateOfBirth": "2020-01-01T00:00:00.000Z",
    "status": "active",
    "promotions": [],
    "__v": 0,
    "avatarUrl": "/uploads/students/Ciel_Halawi-1765263444749.jpeg"
  },
  {
    "_id": "69368a5ec170178555bbe9e5",
    "logicalKey": "achkar (el)_raymond_2020-01-01",
    "firstName": "ACHKAR (EL)",
    "lastName": "Raymond",
    "dateOfBirth": "2020-01-01T00:00:00.000Z",
    "status": "active",
    "promotions": [],
    "__v": 0,
    "avatarUrl": "/uploads/students/D_a_Kassem-1765263449709.jpeg"
  },
  {
    "_id": "69368a5ec170178555bbe9f0",
    "logicalKey": "achkar (el)_rita_2020-01-01",
    "firstName": "ACHKAR (EL)",
    "lastName": "Rita",
    "dateOfBirth": "2020-01-01T00:00:00.000Z",
    "status": "active",
    "promotions": [],
    "__v": 0
  },
  {
    "_id": "69368a5ec170178555bbe9fb",
    "logicalKey": "achkar (el)_ryan_2020-01-01",
    "firstName": "ACHKAR (EL)",
    "lastName": "Ryan",
    "dateOfBirth": "2020-01-01T00:00:00.000Z",
    "status": "active",
    "promotions": [],
    "__v": 0
  },
  {
    "_id": "69368a5ec170178555bbea06",
    "logicalKey": "achkar (el)_samir_2020-01-01",
    "firstName": "ACHKAR (EL)",
    "lastName": "Samir",
    "dateOfBirth": "2020-01-01T00:00:00.000Z",
    "status": "active",
    "promotions": [],
    "__v": 0
  },
  {
    "_id": "69368a5ec170178555bbea11",
    "logicalKey": "achkar (el)_thomas_2020-01-01",
    "firstName": "ACHKAR (EL)",
    "lastName": "Thomas",
    "dateOfBirth": "2020-01-01T00:00:00.000Z",
    "status": "active",
    "promotions": [],
    "__v": 0
  },
  {
    "_id": "69368a5ec170178555bbea1c",
    "logicalKey": "achkar (el)_william_2020-01-01",
    "firstName": "ACHKAR (EL)",
    "lastName": "William",
    "dateOfBirth": "2020-01-01T00:00:00.000Z",
    "status": "active",
    "promotions": [],
    "__v": 0
  },
  {
    "_id": "69368a5ec170178555bbea27",
    "logicalKey": "achkar (el)_yvan_2020-01-01",
    "firstName": "ACHKAR (EL)",
    "lastName": "Yvan",
    "dateOfBirth": "2020-01-01T00:00:00.000Z",
    "status": "active",
    "promotions": [],
    "__v": 0
  },
  {
    "_id": "69368a5ec170178555bbea32",
    "logicalKey": "achkouti_anna-maria_2020-01-01",
    "firstName": "ACHKOUTI",
    "lastName": "Anna-Maria",
    "dateOfBirth": "2020-01-01T00:00:00.000Z",
    "status": "active",
    "promotions": [],
    "__v": 0
  },
  {
    "_id": "69368a5ec170178555bbea3d",
    "logicalKey": "achkouti_christa maria_2020-01-01",
    "firstName": "ACHKOUTI",
    "lastName": "Christa Maria",
    "dateOfBirth": "2020-01-01T00:00:00.000Z",
    "status": "active",
    "promotions": [],
    "__v": 0
  },
  {
    "_id": "69368a5ec170178555bbea48",
    "logicalKey": "adaime_benoit_2020-01-01",
    "firstName": "ADAIME",
    "lastName": "Benoit",
    "dateOfBirth": "2020-01-01T00:00:00.000Z",
    "status": "active",
    "promotions": [],
    "__v": 0
  },
  {
    "_id": "69368a5ec170178555bbea53",
    "logicalKey": "adas (el)_hazel_2020-01-01",
    "firstName": "ADAS (EL)",
    "lastName": "Hazel",
    "dateOfBirth": "2020-01-01T00:00:00.000Z",
    "status": "active",
    "promotions": [],
    "__v": 0
  },
  {
    "_id": "69368a5ec170178555bbea5e",
    "logicalKey": "adas (el)_kevin_2020-01-01",
    "firstName": "ADAS (EL)",
    "lastName": "Kevin",
    "dateOfBirth": "2020-01-01T00:00:00.000Z",
    "status": "active",
    "promotions": [],
    "__v": 0
  },
  {
    "_id": "69368a5ec170178555bbea69",
    "logicalKey": "adas (el)_maria_2020-01-01",
    "firstName": "ADAS (EL)",
    "lastName": "Maria",
    "dateOfBirth": "2020-01-01T00:00:00.000Z",
    "status": "active",
    "promotions": [],
    "__v": 0
  },
  {
    "_id": "69368a5ec170178555bbea74",
    "logicalKey": "adwan_yoan_2020-01-01",
    "firstName": "ADWAN",
    "lastName": "Yoan",
    "dateOfBirth": "2020-01-01T00:00:00.000Z",
    "status": "active",
    "promotions": [],
    "__v": 0
  },
  {
    "_id": "69368a5ec170178555bbea7f",
    "logicalKey": "agha sarkissian_alik_2020-01-01",
    "firstName": "AGHA SARKISSIAN",
    "lastName": "Alik",
    "dateOfBirth": "2020-01-01T00:00:00.000Z",
    "status": "active",
    "promotions": [],
    "__v": 0
  },
  {
    "_id": "69368a5ec170178555bbea8a",
    "logicalKey": "agha sarkissian_lila_2020-01-01",
    "firstName": "AGHA SARKISSIAN",
    "lastName": "Lila",
    "dateOfBirth": "2020-01-01T00:00:00.000Z",
    "status": "active",
    "promotions": [],
    "__v": 0
  },
  {
    "_id": "69368a5ec170178555bbea95",
    "logicalKey": "agha sarkissian_mikael_2020-01-01",
    "firstName": "AGHA SARKISSIAN",
    "lastName": "Mikael",
    "dateOfBirth": "2020-01-01T00:00:00.000Z",
    "status": "active",
    "promotions": [],
    "__v": 0
  },
  {
    "_id": "69368a5ec170178555bbeaa0",
    "logicalKey": "ahmar_owen_2020-01-01",
    "firstName": "AHMAR",
    "lastName": "Owen",
    "dateOfBirth": "2020-01-01T00:00:00.000Z",
    "status": "active",
    "promotions": [],
    "__v": 0
  },
  {
    "_id": "69368a5ec170178555bbeaab",
    "logicalKey": "ajnass_angelo_2020-01-01",
    "firstName": "AJNASS",
    "lastName": "Angelo",
    "dateOfBirth": "2020-01-01T00:00:00.000Z",
    "status": "active",
    "promotions": [],
    "__v": 0
  },
  {
    "_id": "69368a5ec170178555bbeab6",
    "logicalKey": "ajnass_maria_2020-01-01",
    "firstName": "AJNASS",
    "lastName": "Maria",
    "dateOfBirth": "2020-01-01T00:00:00.000Z",
    "status": "active",
    "promotions": [],
    "__v": 0
  },
  {
    "_id": "69368a5ec170178555bbeac1",
    "logicalKey": "ajnass_rita_2020-01-01",
    "firstName": "AJNASS",
    "lastName": "Rita",
    "dateOfBirth": "2020-01-01T00:00:00.000Z",
    "status": "active",
    "promotions": [],
    "__v": 0
  },
  {
    "_id": "69368a5ec170178555bbeacc",
    "logicalKey": "akiki_angela_2020-01-01",
    "firstName": "AKIKI",
    "lastName": "Angela",
    "dateOfBirth": "2020-01-01T00:00:00.000Z",
    "status": "active",
    "promotions": [],
    "__v": 0
  },
  {
    "_id": "69368a5ec170178555bbead7",
    "logicalKey": "akiki_christelle_2020-01-01",
    "firstName": "AKIKI",
    "lastName": "Christelle",
    "dateOfBirth": "2020-01-01T00:00:00.000Z",
    "status": "active",
    "promotions": [],
    "__v": 0
  },
  {
    "_id": "69368a5ec170178555bbeae2",
    "logicalKey": "akiki_emi_2020-01-01",
    "firstName": "AKIKI",
    "lastName": "Emi",
    "dateOfBirth": "2020-01-01T00:00:00.000Z",
    "status": "active",
    "promotions": [],
    "__v": 0
  },
  {
    "_id": "69368a5ec170178555bbeaed",
    "logicalKey": "akiki_jana_2020-01-01",
    "firstName": "AKIKI",
    "lastName": "Jana",
    "dateOfBirth": "2020-01-01T00:00:00.000Z",
    "status": "active",
    "promotions": [],
    "__v": 0
  },
  {
    "_id": "69368a5ec170178555bbeaf8",
    "logicalKey": "akiki_joe_2020-01-01",
    "firstName": "AKIKI",
    "lastName": "Joe",
    "dateOfBirth": "2020-01-01T00:00:00.000Z",
    "status": "active",
    "promotions": [],
    "__v": 0
  },
  {
    "_id": "69368a5ec170178555bbeb03",
    "logicalKey": "akiki_jad_2020-01-01",
    "firstName": "AKIKI",
    "lastName": "Jad",
    "dateOfBirth": "2020-01-01T00:00:00.000Z",
    "status": "active",
    "promotions": [],
    "__v": 0
  },
  {
    "_id": "69368a5ec170178555bbeb0e",
    "logicalKey": "akiki_katelyn_2020-01-01",
    "firstName": "AKIKI",
    "lastName": "Katelyn",
    "dateOfBirth": "2020-01-01T00:00:00.000Z",
    "status": "active",
    "promotions": [],
    "__v": 0
  },
  {
    "_id": "69368a5ec170178555bbeb19",
    "logicalKey": "akiki_maria_2020-01-01",
    "firstName": "AKIKI",
    "lastName": "Maria",
    "dateOfBirth": "2020-01-01T00:00:00.000Z",
    "status": "active",
    "promotions": [],
    "__v": 0
  },
  {
    "_id": "69368a5ec170178555bbeb24",
    "logicalKey": "akkari (al)_maria_2020-01-01",
    "firstName": "AKKARI (AL)",
    "lastName": "Maria",
    "dateOfBirth": "2020-01-01T00:00:00.000Z",
    "status": "active",
    "promotions": [],
    "__v": 0
  },
  {
    "_id": "69368a5ec170178555bbeb2f",
    "logicalKey": "akl_amelia_2020-01-01",
    "firstName": "AKL",
    "lastName": "Amelia",
    "dateOfBirth": "2020-01-01T00:00:00.000Z",
    "status": "active",
    "promotions": [],
    "__v": 0
  },
  {
    "_id": "69368a5ec170178555bbeb3a",
    "logicalKey": "akl_anthony_2020-01-01",
    "firstName": "AKL",
    "lastName": "Anthony",
    "dateOfBirth": "2020-01-01T00:00:00.000Z",
    "status": "active",
    "promotions": [],
    "__v": 0
  },
  {
    "_id": "69368a5ec170178555bbeb45",
    "logicalKey": "akl_cloé_2020-01-01",
    "firstName": "AKL",
    "lastName": "Cloé",
    "dateOfBirth": "2020-01-01T00:00:00.000Z",
    "status": "active",
    "promotions": [],
    "__v": 0
  },
  {
    "_id": "69368a5ec170178555bbeb50",
    "logicalKey": "akl_gabriel_2020-01-01",
    "firstName": "AKL",
    "lastName": "Gabriel",
    "dateOfBirth": "2020-01-01T00:00:00.000Z",
    "status": "active",
    "promotions": [],
    "__v": 0
  },
  {
    "_id": "69368a5ec170178555bbeb5b",
    "logicalKey": "akl_laeticia_2020-01-01",
    "firstName": "AKL",
    "lastName": "Laeticia",
    "dateOfBirth": "2020-01-01T00:00:00.000Z",
    "status": "active",
    "promotions": [],
    "__v": 0
  },
  {
    "_id": "69368a5ec170178555bbeb66",
    "logicalKey": "akl_sacha_2020-01-01",
    "firstName": "AKL",
    "lastName": "Sacha",
    "dateOfBirth": "2020-01-01T00:00:00.000Z",
    "status": "active",
    "promotions": [],
    "__v": 0
  },
  {
    "_id": "69368a5ec170178555bbeb71",
    "logicalKey": "akl_tia_2020-01-01",
    "firstName": "AKL",
    "lastName": "Tia",
    "dateOfBirth": "2020-01-01T00:00:00.000Z",
    "status": "active",
    "promotions": [],
    "__v": 0
  },
  {
    "_id": "69368a5ec170178555bbeb7c",
    "logicalKey": "akl (al)_lynn_2020-01-01",
    "firstName": "AKL (AL)",
    "lastName": "Lynn",
    "dateOfBirth": "2020-01-01T00:00:00.000Z",
    "status": "active",
    "promotions": [],
    "__v": 0
  },
  {
    "_id": "69368a5ec170178555bbeb87",
    "logicalKey": "akl._nereya_2020-01-01",
    "firstName": "AKL.",
    "lastName": "Nereya",
    "dateOfBirth": "2020-01-01T00:00:00.000Z",
    "status": "active",
    "promotions": [],
    "__v": 0
  },
  {
    "_id": "69368a5ec170178555bbeb92",
    "logicalKey": "al freih_sasha_2020-01-01",
    "firstName": "AL FREIH",
    "lastName": "Sasha",
    "dateOfBirth": "2020-01-01T00:00:00.000Z",
    "status": "active",
    "promotions": [],
    "__v": 0
  },
  {
    "_id": "69368a5ec170178555bbeb9d",
    "logicalKey": "al manhal_karl_2020-01-01",
    "firstName": "AL MANHAL",
    "lastName": "Karl",
    "dateOfBirth": "2020-01-01T00:00:00.000Z",
    "status": "active",
    "promotions": [],
    "__v": 0
  },
  {
    "_id": "69368a5ec170178555bbeba8",
    "logicalKey": "alam_carl_2020-01-01",
    "firstName": "ALAM",
    "lastName": "Carl",
    "dateOfBirth": "2020-01-01T00:00:00.000Z",
    "status": "active",
    "promotions": [],
    "__v": 0
  },
  {
    "_id": "69368a5ec170178555bbebb3",
    "logicalKey": "alam_charbel_2020-01-01",
    "firstName": "ALAM",
    "lastName": "Charbel",
    "dateOfBirth": "2020-01-01T00:00:00.000Z",
    "status": "active",
    "promotions": [],
    "__v": 0
  },
  {
    "_id": "69368a5ec170178555bbebc2",
    "logicalKey": "alam_gio_2020-01-01",
    "firstName": "ALAM",
    "lastName": "Gio",
    "dateOfBirth": "2020-01-01T00:00:00.000Z",
    "status": "active",
    "promotions": [],
    "__v": 0
  },
  {
    "_id": "69368a5ec170178555bbebcd",
    "logicalKey": "alam_joen_2020-01-01",
    "firstName": "ALAM",
    "lastName": "Joen",
    "dateOfBirth": "2020-01-01T00:00:00.000Z",
    "status": "active",
    "promotions": [],
    "__v": 0
  },
  {
    "_id": "69368a5ec170178555bbebd8",
    "logicalKey": "alam_kevin_2020-01-01",
    "firstName": "ALAM",
    "lastName": "Kevin",
    "dateOfBirth": "2020-01-01T00:00:00.000Z",
    "status": "active",
    "promotions": [],
    "__v": 0
  },
  {
    "_id": "69368a5ec170178555bbebe3",
    "logicalKey": "alam_kozhaya_2020-01-01",
    "firstName": "ALAM",
    "lastName": "Kozhaya",
    "dateOfBirth": "2020-01-01T00:00:00.000Z",
    "status": "active",
    "promotions": [],
    "__v": 0
  },
  {
    "_id": "69368a5ec170178555bbebee",
    "logicalKey": "alam (el)_angelo_2020-01-01",
    "firstName": "ALAM (EL)",
    "lastName": "Angelo",
    "dateOfBirth": "2020-01-01T00:00:00.000Z",
    "status": "active",
    "promotions": [],
    "__v": 0
  },
  {
    "_id": "69368a5ec170178555bbebf9",
    "logicalKey": "alam (el)_chloé_2020-01-01",
    "firstName": "ALAM (EL)",
    "lastName": "Chloé",
    "dateOfBirth": "2020-01-01T00:00:00.000Z",
    "status": "active",
    "promotions": [],
    "__v": 0
  },
  {
    "_id": "69368a5ec170178555bbec04",
    "logicalKey": "alphonse_maria_2020-01-01",
    "firstName": "ALPHONSE",
    "lastName": "Maria",
    "dateOfBirth": "2020-01-01T00:00:00.000Z",
    "status": "active",
    "promotions": [],
    "__v": 0
  },
  {
    "_id": "69368a5ec170178555bbec0f",
    "logicalKey": "amine_yohana_2020-01-01",
    "firstName": "AMINE",
    "lastName": "Yohana",
    "dateOfBirth": "2020-01-01T00:00:00.000Z",
    "status": "active",
    "promotions": [],
    "__v": 0
  },
  {
    "_id": "69368a5ec170178555bbec1a",
    "logicalKey": "ammar_racha_2020-01-01",
    "firstName": "AMMAR",
    "lastName": "Racha",
    "dateOfBirth": "2020-01-01T00:00:00.000Z",
    "status": "active",
    "promotions": [],
    "__v": 0
  },
  {
    "_id": "69368a5ec170178555bbec25",
    "logicalKey": "ammar (el)_christy_2020-01-01",
    "firstName": "AMMAR (EL)",
    "lastName": "Christy",
    "dateOfBirth": "2020-01-01T00:00:00.000Z",
    "status": "active",
    "promotions": [],
    "__v": 0
  },
  {
    "_id": "69368a5ec170178555bbec30",
    "logicalKey": "ammar (el)_marie jo_2020-01-01",
    "firstName": "AMMAR (EL)",
    "lastName": "Marie Jo",
    "dateOfBirth": "2020-01-01T00:00:00.000Z",
    "status": "active",
    "promotions": [],
    "__v": 0
  },
  {
    "_id": "69368a5ec170178555bbec3b",
    "logicalKey": "ammoury (el)_imad_2020-01-01",
    "firstName": "AMMOURY (EL)",
    "lastName": "Imad",
    "dateOfBirth": "2020-01-01T00:00:00.000Z",
    "status": "active",
    "promotions": [],
    "__v": 0
  },
  {
    "_id": "69368a5ec170178555bbec46",
    "logicalKey": "andary_serena_2020-01-01",
    "firstName": "ANDARY",
    "lastName": "Serena",
    "dateOfBirth": "2020-01-01T00:00:00.000Z",
    "status": "active",
    "promotions": [],
    "__v": 0
  },
  {
    "_id": "69368a5ec170178555bbec51",
    "logicalKey": "andary_yasmina_2020-01-01",
    "firstName": "ANDARY",
    "lastName": "Yasmina",
    "dateOfBirth": "2020-01-01T00:00:00.000Z",
    "status": "active",
    "promotions": [],
    "__v": 0
  },
  {
    "_id": "69368a5ec170178555bbec5c",
    "logicalKey": "antabelian_john_2020-01-01",
    "firstName": "ANTABELIAN",
    "lastName": "John",
    "dateOfBirth": "2020-01-01T00:00:00.000Z",
    "status": "active",
    "promotions": [],
    "__v": 0
  },
  {
    "_id": "69368a5ec170178555bbec67",
    "logicalKey": "antonios_jason_2020-01-01",
    "firstName": "ANTONIOS",
    "lastName": "Jason",
    "dateOfBirth": "2020-01-01T00:00:00.000Z",
    "status": "active",
    "promotions": [],
    "__v": 0
  },
  {
    "_id": "69368a5ec170178555bbec72",
    "logicalKey": "antonios_ralf_2020-01-01",
    "firstName": "ANTONIOS",
    "lastName": "Ralf",
    "dateOfBirth": "2020-01-01T00:00:00.000Z",
    "status": "active",
    "promotions": [],
    "__v": 0
  },
  {
    "_id": "69368a5ec170178555bbec7d",
    "logicalKey": "antoun_anthony_2020-01-01",
    "firstName": "ANTOUN",
    "lastName": "Anthony",
    "dateOfBirth": "2020-01-01T00:00:00.000Z",
    "status": "active",
    "promotions": [],
    "__v": 0
  },
  {
    "_id": "69368a5ec170178555bbec88",
    "logicalKey": "antoun_chris_2020-01-01",
    "firstName": "ANTOUN",
    "lastName": "Chris",
    "dateOfBirth": "2020-01-01T00:00:00.000Z",
    "status": "active",
    "promotions": [],
    "__v": 0
  },
  {
    "_id": "69368a5ec170178555bbec93",
    "logicalKey": "antoun_elie_2020-01-01",
    "firstName": "ANTOUN",
    "lastName": "Elie",
    "dateOfBirth": "2020-01-01T00:00:00.000Z",
    "status": "active",
    "promotions": [],
    "__v": 0
  },
  {
    "_id": "69368a5ec170178555bbec9e",
    "logicalKey": "antoun_josée_2020-01-01",
    "firstName": "ANTOUN",
    "lastName": "Josée",
    "dateOfBirth": "2020-01-01T00:00:00.000Z",
    "status": "active",
    "promotions": [],
    "__v": 0
  },
  {
    "_id": "69368a5ec170178555bbeca9",
    "logicalKey": "antoun_karen_2020-01-01",
    "firstName": "ANTOUN",
    "lastName": "Karen",
    "dateOfBirth": "2020-01-01T00:00:00.000Z",
    "status": "active",
    "promotions": [],
    "__v": 0
  },
  {
    "_id": "69368a5ec170178555bbecb4",
    "logicalKey": "antoun_krystel_2020-01-01",
    "firstName": "ANTOUN",
    "lastName": "Krystel",
    "dateOfBirth": "2020-01-01T00:00:00.000Z",
    "status": "active",
    "promotions": [],
    "__v": 0
  },
  {
    "_id": "69368a5ec170178555bbecbf",
    "logicalKey": "antoun_lyne_2020-01-01",
    "firstName": "ANTOUN",
    "lastName": "Lyne",
    "dateOfBirth": "2020-01-01T00:00:00.000Z",
    "status": "active",
    "promotions": [],
    "__v": 0
  },
  {
    "_id": "69368a5ec170178555bbecca",
    "logicalKey": "antoun_yara_2020-01-01",
    "firstName": "ANTOUN",
    "lastName": "Yara",
    "dateOfBirth": "2020-01-01T00:00:00.000Z",
    "status": "active",
    "promotions": [],
    "__v": 0
  },
  {
    "_id": "69368a5ec170178555bbecd5",
    "logicalKey": "antoun abou jaoude_gaya_2020-01-01",
    "firstName": "ANTOUN ABOU JAOUDE",
    "lastName": "Gaya",
    "dateOfBirth": "2020-01-01T00:00:00.000Z",
    "status": "active",
    "promotions": [],
    "__v": 0
  },
  {
    "_id": "69368a5ec170178555bbece0",
    "logicalKey": "antoun abou jaoude_sarah_2020-01-01",
    "firstName": "ANTOUN ABOU JAOUDE",
    "lastName": "Sarah",
    "dateOfBirth": "2020-01-01T00:00:00.000Z",
    "status": "active",
    "promotions": [],
    "__v": 0
  },
  {
    "_id": "69368a5ec170178555bbeceb",
    "logicalKey": "aouad_christelle_2020-01-01",
    "firstName": "AOUAD",
    "lastName": "Christelle",
    "dateOfBirth": "2020-01-01T00:00:00.000Z",
    "status": "active",
    "promotions": [],
    "__v": 0
  },
  {
    "_id": "69368a5ec170178555bbecf6",
    "logicalKey": "aouad_christopher_2020-01-01",
    "firstName": "AOUAD",
    "lastName": "Christopher",
    "dateOfBirth": "2020-01-01T00:00:00.000Z",
    "status": "active",
    "promotions": [],
    "__v": 0
  },
  {
    "_id": "69368a5ec170178555bbed01",
    "logicalKey": "aouad_ella_2020-01-01",
    "firstName": "AOUAD",
    "lastName": "Ella",
    "dateOfBirth": "2020-01-01T00:00:00.000Z",
    "status": "active",
    "promotions": [],
    "__v": 0
  },
  {
    "_id": "69368a5ec170178555bbed0c",
    "logicalKey": "aouad_gina_2020-01-01",
    "firstName": "AOUAD",
    "lastName": "Gina",
    "dateOfBirth": "2020-01-01T00:00:00.000Z",
    "status": "active",
    "promotions": [],
    "__v": 0
  },
  {
    "_id": "69368a5ec170178555bbed17",
    "logicalKey": "aouad_karim_2020-01-01",
    "firstName": "AOUAD",
    "lastName": "Karim",
    "dateOfBirth": "2020-01-01T00:00:00.000Z",
    "status": "active",
    "promotions": [],
    "__v": 0
  },
  {
    "_id": "69368a5ec170178555bbed22",
    "logicalKey": "aouad_lara_2020-01-01",
    "firstName": "AOUAD",
    "lastName": "Lara",
    "dateOfBirth": "2020-01-01T00:00:00.000Z",
    "status": "active",
    "promotions": [],
    "__v": 0
  },
  {
    "_id": "69368a5ec170178555bbed2d",
    "logicalKey": "aouad_oliver_2020-01-01",
    "firstName": "AOUAD",
    "lastName": "Oliver",
    "dateOfBirth": "2020-01-01T00:00:00.000Z",
    "status": "active",
    "promotions": [],
    "__v": 0
  },
  {
    "_id": "69368a5ec170178555bbed38",
    "logicalKey": "aouad_pio charbel_2020-01-01",
    "firstName": "AOUAD",
    "lastName": "Pio Charbel",
    "dateOfBirth": "2020-01-01T00:00:00.000Z",
    "status": "active",
    "promotions": [],
    "__v": 0
  },
  {
    "_id": "69368a5ec170178555bbed43",
    "logicalKey": "aouad_sarah_2020-01-01",
    "firstName": "AOUAD",
    "lastName": "Sarah",
    "dateOfBirth": "2020-01-01T00:00:00.000Z",
    "status": "active",
    "promotions": [],
    "__v": 0
  },
  {
    "_id": "69368a5ec170178555bbed4e",
    "logicalKey": "aouad_théa_2020-01-01",
    "firstName": "AOUAD",
    "lastName": "Théa",
    "dateOfBirth": "2020-01-01T00:00:00.000Z",
    "status": "active",
    "promotions": [],
    "__v": 0
  },
  {
    "_id": "69368a5ec170178555bbed59",
    "logicalKey": "aouad_veronica_2020-01-01",
    "firstName": "AOUAD",
    "lastName": "Veronica",
    "dateOfBirth": "2020-01-01T00:00:00.000Z",
    "status": "active",
    "promotions": [],
    "__v": 0
  },
  {
    "_id": "69368a5ec170178555bbed64",
    "logicalKey": "aouad_vincent_2020-01-01",
    "firstName": "AOUAD",
    "lastName": "Vincent",
    "dateOfBirth": "2020-01-01T00:00:00.000Z",
    "status": "active",
    "promotions": [],
    "__v": 0
  },
  {
    "_id": "69368a5ec170178555bbed6f",
    "logicalKey": "aoun_alex_2020-01-01",
    "firstName": "AOUN",
    "lastName": "Alex",
    "dateOfBirth": "2020-01-01T00:00:00.000Z",
    "status": "active",
    "promotions": [],
    "__v": 0
  },
  {
    "_id": "69368a5ec170178555bbed7a",
    "logicalKey": "aoun_anna_2020-01-01",
    "firstName": "AOUN",
    "lastName": "Anna",
    "dateOfBirth": "2020-01-01T00:00:00.000Z",
    "status": "active",
    "promotions": [],
    "__v": 0
  },
  {
    "_id": "69368a5ec170178555bbed85",
    "logicalKey": "aoun_antonio_2020-01-01",
    "firstName": "AOUN",
    "lastName": "Antonio",
    "dateOfBirth": "2020-01-01T00:00:00.000Z",
    "status": "active",
    "promotions": [],
    "__v": 0
  },
  {
    "_id": "69368a5ec170178555bbed90",
    "logicalKey": "aoun_charbel_2020-01-01",
    "firstName": "AOUN",
    "lastName": "Charbel",
    "dateOfBirth": "2020-01-01T00:00:00.000Z",
    "status": "active",
    "promotions": [],
    "__v": 0
  },
  {
    "_id": "69368a5ec170178555bbeda7",
    "logicalKey": "aoun_chloé_2020-01-01",
    "firstName": "AOUN",
    "lastName": "Chloé",
    "dateOfBirth": "2020-01-01T00:00:00.000Z",
    "status": "active",
    "promotions": [],
    "__v": 0
  },
  {
    "_id": "69368a5ec170178555bbedb2",
    "logicalKey": "aoun_christelle_2020-01-01",
    "firstName": "AOUN",
    "lastName": "Christelle",
    "dateOfBirth": "2020-01-01T00:00:00.000Z",
    "status": "active",
    "promotions": [],
    "__v": 0
  },
  {
    "_id": "69368a5ec170178555bbedbd",
    "logicalKey": "aoun_elias_2020-01-01",
    "firstName": "AOUN",
    "lastName": "Elias",
    "dateOfBirth": "2020-01-01T00:00:00.000Z",
    "status": "active",
    "promotions": [],
    "__v": 0
  },
  {
    "_id": "69368a5ec170178555bbedc8",
    "logicalKey": "aoun_gabriela_2020-01-01",
    "firstName": "AOUN",
    "lastName": "Gabriela",
    "dateOfBirth": "2020-01-01T00:00:00.000Z",
    "status": "active",
    "promotions": [],
    "__v": 0
  },
  {
    "_id": "69368a5ec170178555bbedd3",
    "logicalKey": "aoun_georges_2020-01-01",
    "firstName": "AOUN",
    "lastName": "Georges",
    "dateOfBirth": "2020-01-01T00:00:00.000Z",
    "status": "active",
    "promotions": [],
    "__v": 0
  },
  {
    "_id": "69368a5ec170178555bbedde",
    "logicalKey": "aoun_georgio_2020-01-01",
    "firstName": "AOUN",
    "lastName": "Georgio",
    "dateOfBirth": "2020-01-01T00:00:00.000Z",
    "status": "active",
    "promotions": [],
    "__v": 0
  },
  {
    "_id": "69368a5ec170178555bbede9",
    "logicalKey": "aoun_gia_2020-01-01",
    "firstName": "AOUN",
    "lastName": "Gia",
    "dateOfBirth": "2020-01-01T00:00:00.000Z",
    "status": "active",
    "promotions": [],
    "__v": 0
  },
  {
    "_id": "69368a5ec170178555bbedf4",
    "logicalKey": "aoun_jad_2020-01-01",
    "firstName": "AOUN",
    "lastName": "Jad",
    "dateOfBirth": "2020-01-01T00:00:00.000Z",
    "status": "active",
    "promotions": [],
    "__v": 0
  },
  {
    "_id": "69368a5ec170178555bbedff",
    "logicalKey": "aoun_jean-paul_2020-01-01",
    "firstName": "AOUN",
    "lastName": "Jean-Paul",
    "dateOfBirth": "2020-01-01T00:00:00.000Z",
    "status": "active",
    "promotions": [],
    "__v": 0
  },
  {
    "_id": "69368a5ec170178555bbee0a",
    "logicalKey": "aoun_joseph_2020-01-01",
    "firstName": "AOUN",
    "lastName": "Joseph",
    "dateOfBirth": "2020-01-01T00:00:00.000Z",
    "status": "active",
    "promotions": [],
    "__v": 0
  },
  {
    "_id": "69368a5ec170178555bbee15",
    "logicalKey": "aoun_katelyn_2020-01-01",
    "firstName": "AOUN",
    "lastName": "Katelyn",
    "dateOfBirth": "2020-01-01T00:00:00.000Z",
    "status": "active",
    "promotions": [],
    "__v": 0
  },
  {
    "_id": "69368a5ec170178555bbee20",
    "logicalKey": "aoun_lucas_2020-01-01",
    "firstName": "AOUN",
    "lastName": "Lucas",
    "dateOfBirth": "2020-01-01T00:00:00.000Z",
    "status": "active",
    "promotions": [],
    "__v": 0
  },
  {
    "_id": "69368a5ec170178555bbee2f",
    "logicalKey": "aoun_marc_2020-01-01",
    "firstName": "AOUN",
    "lastName": "Marc",
    "dateOfBirth": "2020-01-01T00:00:00.000Z",
    "status": "active",
    "promotions": [],
    "__v": 0
  },
  {
    "_id": "69368a5ec170178555bbee3a",
    "logicalKey": "aoun_marie-lynn_2020-01-01",
    "firstName": "AOUN",
    "lastName": "Marie-Lynn",
    "dateOfBirth": "2020-01-01T00:00:00.000Z",
    "status": "active",
    "promotions": [],
    "__v": 0
  },
  {
    "_id": "69368a5ec170178555bbee45",
    "logicalKey": "aoun_maroun_2020-01-01",
    "firstName": "AOUN",
    "lastName": "Maroun",
    "dateOfBirth": "2020-01-01T00:00:00.000Z",
    "status": "active",
    "promotions": [],
    "__v": 0
  },
  {
    "_id": "69368a5ec170178555bbee50",
    "logicalKey": "aoun_michael_2020-01-01",
    "firstName": "AOUN",
    "lastName": "Michael",
    "dateOfBirth": "2020-01-01T00:00:00.000Z",
    "status": "active",
    "promotions": [],
    "__v": 0
  },
  {
    "_id": "69368a5ec170178555bbee5b",
    "logicalKey": "aoun_michel_2020-01-01",
    "firstName": "AOUN",
    "lastName": "Michel",
    "dateOfBirth": "2020-01-01T00:00:00.000Z",
    "status": "active",
    "promotions": [],
    "__v": 0
  },
  {
    "_id": "69368a5ec170178555bbee66",
    "logicalKey": "aoun_peter_2020-01-01",
    "firstName": "AOUN",
    "lastName": "Peter",
    "dateOfBirth": "2020-01-01T00:00:00.000Z",
    "status": "active",
    "promotions": [],
    "__v": 0
  },
  {
    "_id": "69368a5ec170178555bbee75",
    "logicalKey": "aoun_rana_2020-01-01",
    "firstName": "AOUN",
    "lastName": "Rana",
    "dateOfBirth": "2020-01-01T00:00:00.000Z",
    "status": "active",
    "promotions": [],
    "__v": 0
  },
  {
    "_id": "69368a5ec170178555bbee80",
    "logicalKey": "aoun_rita_2020-01-01",
    "firstName": "AOUN",
    "lastName": "Rita",
    "dateOfBirth": "2020-01-01T00:00:00.000Z",
    "status": "active",
    "promotions": [],
    "__v": 0
  },
  {
    "_id": "69368a5ec170178555bbee8b",
    "logicalKey": "aoun_thalia_2020-01-01",
    "firstName": "AOUN",
    "lastName": "Thalia",
    "dateOfBirth": "2020-01-01T00:00:00.000Z",
    "status": "active",
    "promotions": [],
    "__v": 0
  },
  {
    "_id": "69368a5ec170178555bbee96",
    "logicalKey": "aoun_yasmina_2020-01-01",
    "firstName": "AOUN",
    "lastName": "Yasmina",
    "dateOfBirth": "2020-01-01T00:00:00.000Z",
    "status": "active",
    "promotions": [],
    "__v": 0
  },
  {
    "_id": "69368a5ec170178555bbeea5",
    "logicalKey": "aprahamian_séréna_2020-01-01",
    "firstName": "APRAHAMIAN",
    "lastName": "Séréna",
    "dateOfBirth": "2020-01-01T00:00:00.000Z",
    "status": "active",
    "promotions": [],
    "__v": 0
  },
  {
    "_id": "69368a5ec170178555bbeeb0",
    "logicalKey": "arab_stacy_2020-01-01",
    "firstName": "ARAB",
    "lastName": "Stacy",
    "dateOfBirth": "2020-01-01T00:00:00.000Z",
    "status": "active",
    "promotions": [],
    "__v": 0
  },
  {
    "_id": "69368a5ec170178555bbeebb",
    "logicalKey": "arida_jude_2020-01-01",
    "firstName": "ARIDA",
    "lastName": "Jude",
    "dateOfBirth": "2020-01-01T00:00:00.000Z",
    "status": "active",
    "promotions": [],
    "__v": 0
  },
  {
    "_id": "69368a5ec170178555bbeec6",
    "logicalKey": "arslanian_alex_2020-01-01",
    "firstName": "ARSLANIAN",
    "lastName": "Alex",
    "dateOfBirth": "2020-01-01T00:00:00.000Z",
    "status": "active",
    "promotions": [],
    "__v": 0
  },
  {
    "_id": "69368a5ec170178555bbeed1",
    "logicalKey": "asdourian_jacob_2020-01-01",
    "firstName": "ASDOURIAN",
    "lastName": "Jacob",
    "dateOfBirth": "2020-01-01T00:00:00.000Z",
    "status": "active",
    "promotions": [],
    "__v": 0
  },
  {
    "_id": "69368a5ec170178555bbeedc",
    "logicalKey": "asmar_ruben_2020-01-01",
    "firstName": "ASMAR",
    "lastName": "Ruben",
    "dateOfBirth": "2020-01-01T00:00:00.000Z",
    "status": "active",
    "promotions": [],
    "__v": 0
  },
  {
    "_id": "69368a5ec170178555bbeee7",
    "logicalKey": "asmar (el)_ivan_2020-01-01",
    "firstName": "ASMAR (EL)",
    "lastName": "Ivan",
    "dateOfBirth": "2020-01-01T00:00:00.000Z",
    "status": "active",
    "promotions": [],
    "__v": 0
  },
  {
    "_id": "69368a5ec170178555bbeef2",
    "logicalKey": "asmar (el)_jason_2020-01-01",
    "firstName": "ASMAR (EL)",
    "lastName": "Jason",
    "dateOfBirth": "2020-01-01T00:00:00.000Z",
    "status": "active",
    "promotions": [],
    "__v": 0
  },
  {
    "_id": "69368a5ec170178555bbeefd",
    "logicalKey": "asmar (el)_jovanni_2020-01-01",
    "firstName": "ASMAR (EL)",
    "lastName": "Jovanni",
    "dateOfBirth": "2020-01-01T00:00:00.000Z",
    "status": "active",
    "promotions": [],
    "__v": 0
  },
  {
    "_id": "69368a5ec170178555bbef08",
    "logicalKey": "asmar (el)_kate_2020-01-01",
    "firstName": "ASMAR (EL)",
    "lastName": "Kate",
    "dateOfBirth": "2020-01-01T00:00:00.000Z",
    "status": "active",
    "promotions": [],
    "__v": 0
  },
  {
    "_id": "69368a5ec170178555bbef13",
    "logicalKey": "asmar (el)_peter_2020-01-01",
    "firstName": "ASMAR (EL)",
    "lastName": "Peter",
    "dateOfBirth": "2020-01-01T00:00:00.000Z",
    "status": "active",
    "promotions": [],
    "__v": 0
  },
  {
    "_id": "69368a5ec170178555bbef1e",
    "logicalKey": "asmar (el)_pio_2020-01-01",
    "firstName": "ASMAR (EL)",
    "lastName": "Pio",
    "dateOfBirth": "2020-01-01T00:00:00.000Z",
    "status": "active",
    "promotions": [],
    "__v": 0
  },
  {
    "_id": "69368a5ec170178555bbef29",
    "logicalKey": "asmar (el)_ryan_2020-01-01",
    "firstName": "ASMAR (EL)",
    "lastName": "Ryan",
    "dateOfBirth": "2020-01-01T00:00:00.000Z",
    "status": "active",
    "promotions": [],
    "__v": 0
  },
  {
    "_id": "69368a5ec170178555bbef34",
    "logicalKey": "asmar (el)_sophie_2020-01-01",
    "firstName": "ASMAR (EL)",
    "lastName": "Sophie",
    "dateOfBirth": "2020-01-01T00:00:00.000Z",
    "status": "active",
    "promotions": [],
    "__v": 0
  },
  {
    "_id": "69368a5ec170178555bbef3f",
    "logicalKey": "assaad_joelle_2020-01-01",
    "firstName": "ASSAAD",
    "lastName": "Joelle",
    "dateOfBirth": "2020-01-01T00:00:00.000Z",
    "status": "active",
    "promotions": [],
    "__v": 0
  },
  {
    "_id": "69368a5ec170178555bbef4a",
    "logicalKey": "assaad_katy_2020-01-01",
    "firstName": "ASSAAD",
    "lastName": "Katy",
    "dateOfBirth": "2020-01-01T00:00:00.000Z",
    "status": "active",
    "promotions": [],
    "__v": 0
  },
  {
    "_id": "69368a5ec170178555bbef55",
    "logicalKey": "assaad (al)_sarah_2020-01-01",
    "firstName": "ASSAAD (AL)",
    "lastName": "Sarah",
    "dateOfBirth": "2020-01-01T00:00:00.000Z",
    "status": "active",
    "promotions": [],
    "__v": 0
  },
  {
    "_id": "69368a5ec170178555bbef60",
    "logicalKey": "assaad (el)_joey_2020-01-01",
    "firstName": "ASSAAD (EL)",
    "lastName": "Joey",
    "dateOfBirth": "2020-01-01T00:00:00.000Z",
    "status": "active",
    "promotions": [],
    "__v": 0
  },
  {
    "_id": "69368a5ec170178555bbef6b",
    "logicalKey": "assaad boutros_martin_2020-01-01",
    "firstName": "ASSAAD BOUTROS",
    "lastName": "Martin",
    "dateOfBirth": "2020-01-01T00:00:00.000Z",
    "status": "active",
    "promotions": [],
    "__v": 0
  },
  {
    "_id": "69368a5ec170178555bbef76",
    "logicalKey": "assaad boutros_miguel_2020-01-01",
    "firstName": "ASSAAD BOUTROS",
    "lastName": "Miguel",
    "dateOfBirth": "2020-01-01T00:00:00.000Z",
    "status": "active",
    "promotions": [],
    "__v": 0
  },
  {
    "_id": "69368a5ec170178555bbef81",
    "logicalKey": "assaf_alexa_2020-01-01",
    "firstName": "ASSAF",
    "lastName": "Alexa",
    "dateOfBirth": "2020-01-01T00:00:00.000Z",
    "status": "active",
    "promotions": [],
    "__v": 0
  },
  {
    "_id": "69368a5ec170178555bbef8c",
    "logicalKey": "assaf_chris_2020-01-01",
    "firstName": "ASSAF",
    "lastName": "Chris",
    "dateOfBirth": "2020-01-01T00:00:00.000Z",
    "status": "active",
    "promotions": [],
    "__v": 0
  },
  {
    "_id": "69368a5ec170178555bbef97",
    "logicalKey": "assaf_christina_2020-01-01",
    "firstName": "ASSAF",
    "lastName": "Christina",
    "dateOfBirth": "2020-01-01T00:00:00.000Z",
    "status": "active",
    "promotions": [],
    "__v": 0
  },
  {
    "_id": "69368a5ec170178555bbefa2",
    "logicalKey": "assaf_elie_2020-01-01",
    "firstName": "ASSAF",
    "lastName": "Elie",
    "dateOfBirth": "2020-01-01T00:00:00.000Z",
    "status": "active",
    "promotions": [],
    "__v": 0
  },
  {
    "_id": "69368a5ec170178555bbefad",
    "logicalKey": "assaf_ralph angelo_2020-01-01",
    "firstName": "ASSAF",
    "lastName": "Ralph Angelo",
    "dateOfBirth": "2020-01-01T00:00:00.000Z",
    "status": "active",
    "promotions": [],
    "__v": 0
  },
  {
    "_id": "69368a5ec170178555bbefb4",
    "logicalKey": "assaf_samir_2020-01-01",
    "firstName": "ASSAF",
    "lastName": "Samir",
    "dateOfBirth": "2020-01-01T00:00:00.000Z",
    "status": "active",
    "promotions": [],
    "__v": 0
  },
  {
    "_id": "69368a5ec170178555bbefbb",
    "logicalKey": "assaf_sarah_2020-01-01",
    "firstName": "ASSAF",
    "lastName": "Sarah",
    "dateOfBirth": "2020-01-01T00:00:00.000Z",
    "status": "active",
    "promotions": [],
    "__v": 0
  },
  {
    "_id": "69368a5ec170178555bbefc2",
    "logicalKey": "assaf_stephanie_2020-01-01",
    "firstName": "ASSAF",
    "lastName": "Stephanie",
    "dateOfBirth": "2020-01-01T00:00:00.000Z",
    "status": "active",
    "promotions": [],
    "__v": 0
  },
  {
    "_id": "69368a5ec170178555bbefc9",
    "logicalKey": "assaker_jason_2020-01-01",
    "firstName": "ASSAKER",
    "lastName": "Jason",
    "dateOfBirth": "2020-01-01T00:00:00.000Z",
    "status": "active",
    "promotions": [],
    "__v": 0
  },
  {
    "_id": "69368a5ec170178555bbefd0",
    "logicalKey": "assaker_joe_2020-01-01",
    "firstName": "ASSAKER",
    "lastName": "Joe",
    "dateOfBirth": "2020-01-01T00:00:00.000Z",
    "status": "active",
    "promotions": [],
    "__v": 0
  },
  {
    "_id": "69368a5ec170178555bbefd7",
    "logicalKey": "assi_marilyn_2020-01-01",
    "firstName": "ASSI",
    "lastName": "Marilyn",
    "dateOfBirth": "2020-01-01T00:00:00.000Z",
    "status": "active",
    "promotions": [],
    "__v": 0
  },
  {
    "_id": "69368a5ec170178555bbefde",
    "logicalKey": "assi_michael_2020-01-01",
    "firstName": "ASSI",
    "lastName": "Michael",
    "dateOfBirth": "2020-01-01T00:00:00.000Z",
    "status": "active",
    "promotions": [],
    "__v": 0
  },
  {
    "_id": "69368a5ec170178555bbefe5",
    "logicalKey": "assouad_vladimir_2020-01-01",
    "firstName": "ASSOUAD",
    "lastName": "Vladimir",
    "dateOfBirth": "2020-01-01T00:00:00.000Z",
    "status": "active",
    "promotions": [],
    "__v": 0
  },
  {
    "_id": "69368a5ec170178555bbefec",
    "logicalKey": "assouad (el)_paola_2020-01-01",
    "firstName": "ASSOUAD (EL)",
    "lastName": "Paola",
    "dateOfBirth": "2020-01-01T00:00:00.000Z",
    "status": "active",
    "promotions": [],
    "__v": 0
  },
  {
    "_id": "69368a5ec170178555bbeff3",
    "logicalKey": "atallah_chloé_2020-01-01",
    "firstName": "ATALLAH",
    "lastName": "Chloé",
    "dateOfBirth": "2020-01-01T00:00:00.000Z",
    "status": "active",
    "promotions": [],
    "__v": 0
  },
  {
    "_id": "69368a5ec170178555bbeffa",
    "logicalKey": "atallah_daniel_2020-01-01",
    "firstName": "ATALLAH",
    "lastName": "Daniel",
    "dateOfBirth": "2020-01-01T00:00:00.000Z",
    "status": "active",
    "promotions": [],
    "__v": 0
  },
  {
    "_id": "69368a5ec170178555bbf001",
    "logicalKey": "atallah_emilio_2020-01-01",
    "firstName": "ATALLAH",
    "lastName": "Emilio",
    "dateOfBirth": "2020-01-01T00:00:00.000Z",
    "status": "active",
    "promotions": [],
    "__v": 0
  },
  {
    "_id": "69368a5ec170178555bbf008",
    "logicalKey": "atallah_gaïa_2020-01-01",
    "firstName": "ATALLAH",
    "lastName": "Gaïa",
    "dateOfBirth": "2020-01-01T00:00:00.000Z",
    "status": "active",
    "promotions": [],
    "__v": 0
  },
  {
    "_id": "69368a5ec170178555bbf00f",
    "logicalKey": "atallah_jad_2020-01-01",
    "firstName": "ATALLAH",
    "lastName": "Jad",
    "dateOfBirth": "2020-01-01T00:00:00.000Z",
    "status": "active",
    "promotions": [],
    "__v": 0
  },
  {
    "_id": "69368a5ec170178555bbf016",
    "logicalKey": "atallah_joey_2020-01-01",
    "firstName": "ATALLAH",
    "lastName": "Joey",
    "dateOfBirth": "2020-01-01T00:00:00.000Z",
    "status": "active",
    "promotions": [],
    "__v": 0
  },
  {
    "_id": "69368a5ec170178555bbf01d",
    "logicalKey": "atallah_john_2020-01-01",
    "firstName": "ATALLAH",
    "lastName": "John",
    "dateOfBirth": "2020-01-01T00:00:00.000Z",
    "status": "active",
    "promotions": [],
    "__v": 0
  },
  {
    "_id": "69368a5ec170178555bbf024",
    "logicalKey": "atallah_joud_2020-01-01",
    "firstName": "ATALLAH",
    "lastName": "Joud",
    "dateOfBirth": "2020-01-01T00:00:00.000Z",
    "status": "active",
    "promotions": [],
    "__v": 0
  },
  {
    "_id": "69368a5ec170178555bbf02b",
    "logicalKey": "atallah_lucas_2020-01-01",
    "firstName": "ATALLAH",
    "lastName": "Lucas",
    "dateOfBirth": "2020-01-01T00:00:00.000Z",
    "status": "active",
    "promotions": [],
    "__v": 0
  },
  {
    "_id": "69368a5ec170178555bbf032",
    "logicalKey": "atallah_lynn_2020-01-01",
    "firstName": "ATALLAH",
    "lastName": "Lynn",
    "dateOfBirth": "2020-01-01T00:00:00.000Z",
    "status": "active",
    "promotions": [],
    "__v": 0
  },
  {
    "_id": "69368a5ec170178555bbf039",
    "logicalKey": "atallah_michael_2020-01-01",
    "firstName": "ATALLAH",
    "lastName": "Michael",
    "dateOfBirth": "2020-01-01T00:00:00.000Z",
    "status": "active",
    "promotions": [],
    "__v": 0
  },
  {
    "_id": "69368a5ec170178555bbf040",
    "logicalKey": "atallah_oliver_2020-01-01",
    "firstName": "ATALLAH",
    "lastName": "Oliver",
    "dateOfBirth": "2020-01-01T00:00:00.000Z",
    "status": "active",
    "promotions": [],
    "__v": 0
  },
  {
    "_id": "69368a5ec170178555bbf047",
    "logicalKey": "atallah_tala_2020-01-01",
    "firstName": "ATALLAH",
    "lastName": "Tala",
    "dateOfBirth": "2020-01-01T00:00:00.000Z",
    "status": "active",
    "promotions": [],
    "__v": 0
  },
  {
    "_id": "69368a5ec170178555bbf04e",
    "logicalKey": "atallah_thea_2020-01-01",
    "firstName": "ATALLAH",
    "lastName": "Thea",
    "dateOfBirth": "2020-01-01T00:00:00.000Z",
    "status": "active",
    "promotions": [],
    "__v": 0
  },
  {
    "_id": "69368a5ec170178555bbf055",
    "logicalKey": "atie_carel_2020-01-01",
    "firstName": "ATIE",
    "lastName": "Carel",
    "dateOfBirth": "2020-01-01T00:00:00.000Z",
    "status": "active",
    "promotions": [],
    "__v": 0
  },
  {
    "_id": "69368a5ec170178555bbf05c",
    "logicalKey": "atie_lynn_2020-01-01",
    "firstName": "ATIE",
    "lastName": "Lynn",
    "dateOfBirth": "2020-01-01T00:00:00.000Z",
    "status": "active",
    "promotions": [],
    "__v": 0
  },
  {
    "_id": "69368a5ec170178555bbf063",
    "logicalKey": "atie_rita_2020-01-01",
    "firstName": "ATIE",
    "lastName": "Rita",
    "dateOfBirth": "2020-01-01T00:00:00.000Z",
    "status": "active",
    "promotions": [],
    "__v": 0
  },
  {
    "_id": "693fb1ebffcb20306ba6ecdd",
    "logicalKey": "aaa_aaa_2000-01-01",
    "firstName": "aaa",
    "lastName": "aaa",
    "dateOfBirth": "2000-01-01T00:00:00.000Z",
    "status": "active",
    "promotions": [
      {
        "schoolYearId": "692ff6e007bd2be8b2cc2f3c",
        "date": "2025-12-15T07:02:03.402Z",
        "fromLevel": "PS",
        "toLevel": "MS",
        "promotedBy": "69298f449e9a88ba819f9b75",
        "_id": "693fb26bffcb20306ba6f657"
      }
    ],
    "__v": 1,
    "nextLevel": "MS"
  },
  {
    "_id": "693fb970dbe2e8ad0cc74a27",
    "logicalKey": "abc_abc_2000-01-01",
    "firstName": "abc",
    "lastName": "abc",
    "dateOfBirth": "2000-01-01T00:00:00.000Z",
    "status": "active",
    "promotions": [
      {
        "schoolYearId": "692ff6e007bd2be8b2cc2f3c",
        "date": "2025-12-15T07:36:31.244Z",
        "fromLevel": "PS",
        "toLevel": "MS",
        "promotedBy": "69298f449e9a88ba819f9b75",
        "_id": "693fba7fdbe2e8ad0cc7545f"
      },
      {
        "schoolYearId": "69302c8376d55a479c3b8682",
        "date": "2025-12-17T11:44:29.426Z",
        "fromLevel": "MS",
        "toLevel": "GS",
        "promotedBy": "69298f449e9a88ba819f9b75",
        "_id": "6942979da1ad50794fcb22d8"
      }
    ],
    "__v": 2,
    "nextLevel": "GS"
  },
  {
    "_id": "693fbf1567f6b846b9434639",
    "logicalKey": "maybe_maybe_2000-01-01",
    "firstName": "maybe",
    "lastName": "maybe",
    "dateOfBirth": "2000-01-01T00:00:00.000Z",
    "status": "active",
    "promotions": [
      {
        "schoolYearId": "692ff6e007bd2be8b2cc2f3c",
        "date": "2025-12-15T07:58:26.673Z",
        "fromLevel": "PS",
        "toLevel": "MS",
        "promotedBy": "69298f449e9a88ba819f9b75",
        "_id": "693fbfa267f6b846b9434fb7"
      }
    ],
    "__v": 1,
    "nextLevel": "MS"
  },
  {
    "_id": "693fc170c9b3aa535e310612",
    "logicalKey": "oldi_oldi_2000-01-01",
    "firstName": "oldi",
    "lastName": "oldi",
    "dateOfBirth": "2000-01-01T00:00:00.000Z",
    "status": "active",
    "promotions": [
      {
        "schoolYearId": "692ff6e007bd2be8b2cc2f3c",
        "date": "2025-12-15T08:11:27.937Z",
        "fromLevel": "PS",
        "toLevel": "MS",
        "promotedBy": "69298f449e9a88ba819f9b75",
        "_id": "693fc2afc9b3aa535e310f88"
      },
      {
        "schoolYearId": "69302c8376d55a479c3b8682",
        "date": "2025-12-15T10:22:34.523Z",
        "fromLevel": "MS",
        "toLevel": "GS",
        "promotedBy": "69298f449e9a88ba819f9b75",
        "_id": "693fe16aa66c8e01e1b685f1"
      }
    ],
    "__v": 2,
    "nextLevel": "GS"
  },
  {
    "_id": "693fe073a66c8e01e1b675d5",
    "logicalKey": "ohwell_ohwell_2000-01-01",
    "firstName": "ohwell",
    "lastName": "ohwell",
    "dateOfBirth": "2000-01-01T00:00:00.000Z",
    "status": "active",
    "promotions": [
      {
        "schoolYearId": "692ff6e007bd2be8b2cc2f3c",
        "date": "2025-12-15T10:20:17.564Z",
        "fromLevel": "PS",
        "toLevel": "MS",
        "promotedBy": "69298f449e9a88ba819f9b75",
        "_id": "693fe0e1a66c8e01e1b67fef"
      }
    ],
    "__v": 1,
    "nextLevel": "MS"
  },
  {
    "_id": "693fe959a66c8e01e1b68a7e",
    "logicalKey": "finally_finally_2000-01-01",
    "firstName": "finally",
    "lastName": "finally",
    "dateOfBirth": "2000-01-01T00:00:00.000Z",
    "status": "active",
    "promotions": [],
    "__v": 0
  },
  {
    "_id": "693fea11a66c8e01e1b68e8c",
    "logicalKey": "jjj_jjj_2000-01-01",
    "firstName": "jjj",
    "lastName": "jjj",
    "dateOfBirth": "2000-01-01T00:00:00.000Z",
    "status": "active",
    "promotions": [],
    "__v": 0
  },
  {
    "_id": "69410b10a8ec89a9f835697a",
    "logicalKey": "isfinal_isfinal_2000-01-01",
    "firstName": "isfinal",
    "lastName": "isfinal",
    "dateOfBirth": "2000-01-01T00:00:00.000Z",
    "status": "active",
    "promotions": [
      {
        "schoolYearId": "692ff6e007bd2be8b2cc2f3c",
        "date": "2025-12-16T07:48:36.311Z",
        "fromLevel": "PS",
        "toLevel": "MS",
        "promotedBy": "69298f449e9a88ba819f9b75",
        "_id": "69410ed4a8ec89a9f8358ff8"
      }
    ],
    "__v": 1,
    "nextLevel": "MS"
  },
  {
    "_id": "694276ca5945d6938d02a2f5",
    "logicalKey": "ly_ly_2000-01-01",
    "firstName": "ly",
    "lastName": "ly",
    "dateOfBirth": "2000-01-01T00:00:00.000Z",
    "status": "active",
    "promotions": [
      {
        "schoolYearId": "692ff6e007bd2be8b2cc2f3c",
        "date": "2025-12-17T09:41:54.647Z",
        "fromLevel": "PS",
        "toLevel": "MS",
        "promotedBy": "69298f449e9a88ba819f9b75",
        "_id": "69427ae25945d6938d02a9fe"
      }
    ],
    "__v": 1,
    "nextLevel": "MS"
  },
  {
    "_id": "694282d3a0eb0c0b2f732fd2",
    "logicalKey": "again_again_2000-01-01",
    "firstName": "again",
    "lastName": "again",
    "dateOfBirth": "2000-01-01T00:00:00.000Z",
    "status": "active",
    "promotions": [
      {
        "schoolYearId": "692ff6e007bd2be8b2cc2f3c",
        "date": "2025-12-17T10:18:16.199Z",
        "fromLevel": "PS",
        "toLevel": "MS",
        "promotedBy": "69298f449e9a88ba819f9b75",
        "_id": "69428368a0eb0c0b2f733691"
      }
    ],
    "__v": 1,
    "nextLevel": "MS"
  },
  {
    "_id": "69428741f3c6974f62e44b26",
    "logicalKey": "testagain_testagain_2000-01-01",
    "firstName": "TESTAGAIN",
    "lastName": "TESTAGAIN",
    "dateOfBirth": "2000-01-01T00:00:00.000Z",
    "status": "active",
    "promotions": [],
    "__v": 0
  },
  {
    "_id": "69429edc3d288cd12fec485a",
    "logicalKey": "gb_gb_2000-01-01",
    "firstName": "gb",
    "lastName": "gb",
    "dateOfBirth": "2000-01-01T00:00:00.000Z",
    "status": "active",
    "promotions": [
      {
        "schoolYearId": "692ff6e007bd2be8b2cc2f3c",
        "date": "2025-12-17T12:17:05.658Z",
        "fromLevel": "PS",
        "toLevel": "MS",
        "promotedBy": "69298f449e9a88ba819f9b75",
        "_id": "69429f413d288cd12fec4eb4"
      }
    ],
    "__v": 1,
    "nextLevel": "MS"
  },
  {
    "_id": "6942a481234da7de490741b8",
    "logicalKey": "gb2_gb2_2000-01-01",
    "firstName": "gb2",
    "lastName": "gb2",
    "dateOfBirth": "2000-01-01T00:00:00.000Z",
    "status": "active",
    "promotions": [
      {
        "schoolYearId": "692ff6e007bd2be8b2cc2f3c",
        "date": "2025-12-17T12:41:05.973Z",
        "fromLevel": "PS",
        "toLevel": "MS",
        "promotedBy": "69298f449e9a88ba819f9b75",
        "_id": "6942a4e1234da7de490748c0"
      }
    ],
    "__v": 1,
    "nextLevel": "MS"
  },
  {
    "_id": "6942a54b1bc15ad5a2203dba",
    "logicalKey": "gb3_gb3_2000-01-01",
    "firstName": "gb3",
    "lastName": "gb3",
    "dateOfBirth": "2000-01-01T00:00:00.000Z",
    "status": "active",
    "promotions": [
      {
        "schoolYearId": "692ff6e007bd2be8b2cc2f3c",
        "date": "2025-12-17T12:44:14.781Z",
        "fromLevel": "PS",
        "toLevel": "MS",
        "promotedBy": "69298f449e9a88ba819f9b75",
        "_id": "6942a59e1bc15ad5a220440c"
      }
    ],
    "__v": 1,
    "nextLevel": "MS"
  },
  {
    "_id": "6942aa6a23538b734163b58a",
    "logicalKey": "gb4_gb4_2000-01-01",
    "firstName": "gb4",
    "lastName": "gb4",
    "dateOfBirth": "2000-01-01T00:00:00.000Z",
    "status": "active",
    "promotions": [
      {
        "schoolYearId": "692ff6e007bd2be8b2cc2f3c",
        "date": "2025-12-17T13:06:14.363Z",
        "fromLevel": "PS",
        "toLevel": "MS",
        "promotedBy": "69298f449e9a88ba819f9b75",
        "_id": "6942aac623538b734163b8e5"
      }
    ],
    "__v": 1,
    "nextLevel": "MS"
  },
  {
    "_id": "69439f6aa6edc3cdca46d6ec",
    "logicalKey": "pat_bou_2000-01-01",
    "firstName": "pat",
    "lastName": "bou",
    "dateOfBirth": "2000-01-01T00:00:00.000Z",
    "status": "active",
    "promotions": [
      {
        "schoolYearId": "692ff6e007bd2be8b2cc2f3c",
        "date": "2025-12-18T07:07:05.501Z",
        "fromLevel": "PS",
        "toLevel": "MS",
        "promotedBy": "69298f449e9a88ba819f9b75",
        "_id": "6943a819a6edc3cdca46e188"
      }
    ],
    "__v": 1,
    "nextLevel": "MS"
  },
  {
    "_id": "694911ee5c4ffb501eb742bd",
    "logicalKey": "gilbert_gilbert_2000-01-01",
    "firstName": "gilbert",
    "lastName": "gilbert",
    "dateOfBirth": "2000-01-01T00:00:00.000Z",
    "status": "active",
    "promotions": [
      {
        "schoolYearId": "692ff6e007bd2be8b2cc2f3c",
        "date": "2025-12-22T11:09:39.203Z",
        "fromLevel": "PS",
        "toLevel": "MS",
        "promotedBy": "69298f449e9a88ba819f9b75",
        "_id": "694926f3213cf45fd2ed13da"
      }
    ],
    "__v": 0,
    "nextLevel": "MS"
  },
  {
    "_id": "69493051bc7dae13876af165",
    "logicalKey": "testaaa_testaaa_2000-01-01",
    "firstName": "testaaa",
    "lastName": "testaaa",
    "dateOfBirth": "2000-01-01T00:00:00.000Z",
    "status": "active",
    "promotions": [],
    "__v": 0
  },
  {
    "_id": "6949305fbc7dae13876af17c",
    "logicalKey": "eeeeeeeeee_eeeeeeeeee_2000-01-01",
    "firstName": "eeeeeeeeee",
    "lastName": "eeeeeeeeee",
    "dateOfBirth": "2000-01-01T00:00:00.000Z",
    "status": "active",
    "promotions": [
      {
        "schoolYearId": "692ff6e007bd2be8b2cc2f3c",
        "date": "2025-12-22T11:50:37.264Z",
        "fromLevel": "PS",
        "toLevel": "MS",
        "promotedBy": "69298f449e9a88ba819f9b75",
        "_id": "6949308dbc7dae13876af3e7"
      }
    ],
    "__v": 0,
    "nextLevel": "MS"
  },
  {
    "_id": "694937c7460285461fdbb673",
    "logicalKey": "SMOKE1",
    "firstName": "SMOKE",
    "lastName": "PROMOTE",
    "dateOfBirth": "2018-02-05T00:00:00.000Z",
    "status": "active",
    "promotions": [
      {
        "schoolYearId": "694937c7460285461fdbb665",
        "date": "2025-12-22T12:21:27.163Z",
        "fromLevel": "PS",
        "toLevel": "MS",
        "promotedBy": "694937c7460285461fdbb65a",
        "_id": "694937c7460285461fdbb688"
      }
    ],
    "__v": 0,
    "nextLevel": "MS"
  }
]