[
  {
    "_id": "69298f7d339c1972782312c8",
    "teacherId": "69298f359e9a88ba819f9b71",
    "subAdminId": "69298f449e9a88ba819f9b75",
    "__v": 0,
    "assignedAt": "2025-12-08T08:24:08.310Z",
    "assignedBy": "69312ea31b2fe24a727c20d3"
  },
  {
    "_id": "692fdae80fcac806835f9c90",
    "teacherId": "692fd7d1c6e2f27f3a0273b3",
    "subAdminId": "69298f449e9a88ba819f9b75",
    "__v": 0,
    "assignedAt": "2025-12-08T08:22:24.382Z",
    "assignedBy": "69312ea31b2fe24a727c20d3"
  },
  {
    "_id": "693697017a9696e143d6de04",
    "subAdminId": "69327f0d616213b7062f1e5c",
    "teacherId": "69298f359e9a88ba819f9b71",
    "__v": 0,
    "assignedAt": "2025-12-08T09:14:45.126Z",
    "assignedBy": "69312ea31b2fe24a727c20d3"
  },
  {
    "_id": "693697037a9696e143d6de06",
    "subAdminId": "69327f0d616213b7062f1e5c",
    "teacherId": "692fd7d1c6e2f27f3a0273b3",
    "__v": 0,
    "assignedAt": "2025-12-08T09:14:43.627Z",
    "assignedBy": "69312ea31b2fe24a727c20d3"
  },
  {
    "_id": "69492a0f3dbbe1f8c0838fb3",
    "subAdminId": "69492a0f3dbbe1f8c0838fa6",
    "teacherId": "69492a0f3dbbe1f8c0838fa9",
    "assignedBy": "69492a0f3dbbe1f8c0838fa6",
    "assignedAt": "2025-12-22T11:22:55.099Z",
    "__v": 0
  },
  {
    "_id": "69492a6cff59fbc4ebb9c7c8",
    "subAdminId": "69492a6cff59fbc4ebb9c7b5",
    "teacherId": "69492a6cff59fbc4ebb9c7b9",
    "assignedBy": "69492a6cff59fbc4ebb9c7b5",
    "assignedAt": "2025-12-22T11:24:28.594Z",
    "__v": 0
  },
  {
    "_id": "69492b8dcb6a263c02db774d",
    "subAdminId": "69492b8dcb6a263c02db7739",
    "teacherId": "69492b8dcb6a263c02db773e",
    "assignedBy": "69492b8dcb6a263c02db7739",
    "assignedAt": "2025-12-22T11:29:17.073Z",
    "__v": 0
  },
  {
    "_id": "694937c7460285461fdbb671",
    "subAdminId": "694937c7460285461fdbb65a",
    "teacherId": "694937c7460285461fdbb660",
    "assignedBy": "694937c7460285461fdbb65a",
    "assignedAt": "2025-12-22T12:21:27.136Z",
    "__v": 0
  }
]