[
  {
    "_id": "692fdf1fc6e2f27f3a027c7b",
    "subAdminId": "69298f449e9a88ba819f9b75",
    "templateId": "69270db77cb95dd7ea636324",
    "pageIndex": 1,
    "blockIndex": 1,
    "originalText": "Chers Parents,\nCe cahier de progrès et de réussite a été réalisé en cohérence avec les nouveaux programmes du 24 juin 2021. Il sera mis en place dès l’entrée de l’élève à l’école maternelle et sera complété progressivement lors de son parcours au premier cycle.\nIl vous permettra d’observer les progrès et les réussites de votre enfant de la petite section (PS) à la grande section (GS).\nVous y trouverez des vignettes correspondant aux compétences travaillées systématiquement lors du processus d’apprentissage sur les trois niveaux du premier cycle. Vous y trouverez aussi des bilans permettant de faire le point sur l’évolution des acquis de votre enfant.\nSachant que les élèves ne progressent pas tous de la même façon et n’ont pas le même rythme de travail, les cases seront cochées au fur et à mesure des apprentissages et dès que les compétences seront acquises.\nL’ensemble du cahier sera donc complété à la fin de la grande section.\nIl est important de lire et de commenter ce cahier fréquemment avec votre enfant : il / elle sera fier.e de vous montrer ses progrès.\n\nLes cases cochées en Bleu : Petite Section;\nLes cases cochées en Turquoise : Moyenne Section;\nLes cases cochées en Violet : Grande Section.\n\nLes drapeaux représentent la langue dans laquelle la compétence a été évaluée.\n\nLa Direction",
    "suggestedText": " progressivement lors de son parcours au premier cycle. Il vous permettra d’observer les progrès et les réussites de votre enfant de la petite section (PS) à la grande section (GS). Vous y trouverez des vignettes correspondant aux compétences travaillées systématiquement lors du processus d’apprentissage sur les trois niveaux du premier cycle. Vous y trouverez aussi des bilans permettant de faire le point sur l’évolution des acquis de votre enfant. Sachant que les élèves ne progressent pas tous de la même façon et n’ont pas le même rythme de travail, les cases seront cochées au fur et à mesure des apprentissages et dès que les compétences seront acquises. L’ensemble du cahier sera donc complété à la fin de la grande section. Il est important de lire et de commenter ce cahier fréquemment avec votre enfant : il / elle sera fier.e de vous montrer ses progrès. Les cases cochées en Bleu : Petite Section; Les cases cochées en Turquoise : Moyenne Section; Les cases cochées en Violet : Grande Section. Les drapeaux représentent la langue dans la",
    "status": "pending",
    "createdAt": "2025-12-03T06:56:31.469Z",
    "updatedAt": "2025-12-03T06:56:31.469Z",
    "__v": 0
  },
  {
    "_id": "6937fbd32e4ae08ce138894f",
    "subAdminId": "69298f449e9a88ba819f9b75",
    "templateId": "693666cfb3c5bc137dac4ee0",
    "pageIndex": 2,
    "blockIndex": 3,
    "originalText": "Respecter les règles de la vie en collectivité.",
    "suggestedText": "bla",
    "status": "pending",
    "createdAt": "2025-12-09T10:37:07.207Z",
    "updatedAt": "2025-12-09T10:37:07.207Z",
    "__v": 0
  },
  {
    "_id": "69414a4ac7d75653a5e5fea2",
    "subAdminId": "69298f449e9a88ba819f9b75",
    "templateId": "693bac8cd5c6d548c2493ead",
    "pageIndex": 2,
    "blockIndex": 3,
    "originalText": "Respecter les règles de la vie en collectivité.",
    "suggestedText": "L\n",
    "status": "pending",
    "createdAt": "2025-12-16T12:02:18.022Z",
    "updatedAt": "2025-12-16T12:02:18.022Z",
    "__v": 0
  }
]