[
  {
    "_id": "694948656a1052133968b6a3",
    "userId": "69312ea31b2fe24a727c20d3",
    "userName": "Gilbert KHOUEIRY",
    "userRole": "ADMIN",
    "action": "START_IMPERSONATION",
    "details": {
      "targetUserId": "694947da6a1052133968b40e",
      "targetUserEmail": "POLY",
      "targetUserRole": "TEACHER",
      "targetUserDisplayName": "POLY"
    },
    "timestamp": "2025-12-22T13:32:21.896Z",
    "ipAddress": "::1",
    "__v": 0
  },
  {
    "_id": "694948716a1052133968b6e5",
    "userId": "69312ea31b2fe24a727c20d3",
    "userName": "Gilbert KHOUEIRY",
    "userRole": "ADMIN",
    "action": "START_IMPERSONATION",
    "details": {
      "targetUserId": "694947da6a1052133968b40e",
      "targetUserEmail": "POLY",
      "targetUserRole": "TEACHER",
      "targetUserDisplayName": "POLY"
    },
    "timestamp": "2025-12-22T13:32:33.676Z",
    "ipAddress": "::1",
    "__v": 0
  },
  {
    "_id": "694948756a1052133968b742",
    "userId": "694947da6a1052133968b40e",
    "userName": "POLY",
    "userRole": "TEACHER",
    "action": "MARK_ASSIGNMENT_DONE",
    "details": {
      "assignmentId": "6949485f4d5adf6fc6b2003c",
      "semester": 1,
      "templateId": "694948136a1052133968b443",
      "templateName": "Presentation carnet 5pages + new des (Imported)",
      "studentId": "694948246a1052133968b55b",
      "studentName": "TEST TEST"
    },
    "timestamp": "2025-12-22T13:32:37.390Z",
    "ipAddress": "::1",
    "__v": 0
  },
  {
    "_id": "694948856a1052133968b795",
    "userId": "694947da6a1052133968b40e",
    "userName": "POLY",
    "userRole": "TEACHER",
    "action": "MARK_ASSIGNMENT_DONE",
    "details": {
      "assignmentId": "6949485f4d5adf6fc6b2003c",
      "semester": 2,
      "templateId": "694948136a1052133968b443",
      "templateName": "Presentation carnet 5pages + new des (Imported)",
      "studentId": "694948246a1052133968b55b",
      "studentName": "TEST TEST"
    },
    "timestamp": "2025-12-22T13:32:53.814Z",
    "ipAddress": "::1",
    "__v": 0
  },
  {
    "_id": "694948896a1052133968b7a9",
    "userId": "69312ea31b2fe24a727c20d3",
    "userName": "Gilbert KHOUEIRY",
    "userRole": "ADMIN",
    "action": "START_IMPERSONATION",
    "details": {
      "targetUserId": "694947e16a1052133968b417",
      "targetUserEmail": "ARA",
      "targetUserRole": "TEACHER",
      "targetUserDisplayName": "ARA"
    },
    "timestamp": "2025-12-22T13:32:57.069Z",
    "ipAddress": "::1",
    "__v": 0
  },
  {
    "_id": "694948906a1052133968b80f",
    "userId": "694947e16a1052133968b417",
    "userName": "ARA",
    "userRole": "TEACHER",
    "action": "MARK_ASSIGNMENT_DONE",
    "details": {
      "assignmentId": "6949485f4d5adf6fc6b2003c",
      "semester": 2,
      "templateId": "694948136a1052133968b443",
      "templateName": "Presentation carnet 5pages + new des (Imported)",
      "studentId": "694948246a1052133968b55b",
      "studentName": "TEST TEST"
    },
    "timestamp": "2025-12-22T13:33:04.607Z",
    "ipAddress": "::1",
    "__v": 0
  },
  {
    "_id": "694948926a1052133968b815",
    "userId": "69312ea31b2fe24a727c20d3",
    "userName": "Gilbert KHOUEIRY",
    "userRole": "ADMIN",
    "action": "START_IMPERSONATION",
    "details": {
      "targetUserId": "694947e86a1052133968b421",
      "targetUserEmail": "ENG",
      "targetUserRole": "TEACHER",
      "targetUserDisplayName": "ENG"
    },
    "timestamp": "2025-12-22T13:33:06.264Z",
    "ipAddress": "::1",
    "__v": 0
  },
  {
    "_id": "6949489c6a1052133968b87f",
    "userId": "694947e86a1052133968b421",
    "userName": "ENG",
    "userRole": "TEACHER",
    "action": "MARK_ASSIGNMENT_DONE",
    "details": {
      "assignmentId": "6949485f4d5adf6fc6b2003c",
      "semester": 2,
      "templateId": "694948136a1052133968b443",
      "templateName": "Presentation carnet 5pages + new des (Imported)",
      "studentId": "694948246a1052133968b55b",
      "studentName": "TEST TEST"
    },
    "timestamp": "2025-12-22T13:33:16.502Z",
    "ipAddress": "::1",
    "__v": 0
  },
  {
    "_id": "6949489e6a1052133968b886",
    "userId": "69312ea31b2fe24a727c20d3",
    "userName": "Gilbert KHOUEIRY",
    "userRole": "ADMIN",
    "action": "START_IMPERSONATION",
    "details": {
      "targetUserId": "694947f06a1052133968b42a",
      "targetUserEmail": "PRE",
      "targetUserRole": "SUBADMIN",
      "targetUserDisplayName": "PRE"
    },
    "timestamp": "2025-12-22T13:33:18.281Z",
    "ipAddress": "::1",
    "__v": 0
  },
  {
    "_id": "694948a16a1052133968b929",
    "userId": "694947f06a1052133968b42a",
    "userName": "PRE",
    "userRole": "SUBADMIN",
    "action": "SIGN_TEMPLATE",
    "details": {
      "templateId": "694948136a1052133968b443",
      "templateName": "Presentation carnet 5pages + new des (Imported)",
      "studentId": "694948246a1052133968b55b",
      "studentName": "TEST TEST",
      "type": "end_of_year"
    },
    "timestamp": "2025-12-22T13:33:21.361Z",
    "ipAddress": "::1",
    "__v": 0
  },
  {
    "_id": "694948ae6a1052133968b96c",
    "userId": "694947f06a1052133968b42a",
    "userName": "PRE",
    "userRole": "SUBADMIN",
    "action": "PROMOTE_STUDENT",
    "details": {
      "studentId": "694948246a1052133968b55b",
      "from": "PS",
      "to": "MS",
      "templateAssignmentId": "6949485f4d5adf6fc6b2003c",
      "inferredKeys": [
        "table_9d99d99d-3ecc-4ad1-8730-bfdd8aa0fda9_row_dd1e396e-3956-4e57-8681-3d3f470341a9"
      ]
    },
    "timestamp": "2025-12-22T13:33:34.084Z",
    "ipAddress": "::1",
    "__v": 0
  },
  {
    "_id": "6949490e6a1052133968bbb3",
    "userId": "69312ea31b2fe24a727c20d3",
    "userName": "Gilbert KHOUEIRY",
    "userRole": "ADMIN",
    "action": "START_IMPERSONATION",
    "details": {
      "targetUserId": "694947da6a1052133968b40e",
      "targetUserEmail": "POLY",
      "targetUserRole": "TEACHER",
      "targetUserDisplayName": "POLY"
    },
    "timestamp": "2025-12-22T13:35:10.014Z",
    "ipAddress": "::1",
    "__v": 0
  },
  {
    "_id": "694949816a1052133968bc93",
    "userId": "69312ea31b2fe24a727c20d3",
    "userName": "Gilbert KHOUEIRY",
    "userRole": "ADMIN",
    "action": "START_IMPERSONATION",
    "details": {
      "targetUserId": "694947f06a1052133968b42a",
      "targetUserEmail": "PRE",
      "targetUserRole": "SUBADMIN",
      "targetUserDisplayName": "PRE"
    },
    "timestamp": "2025-12-22T13:37:05.774Z",
    "ipAddress": "::1",
    "__v": 0
  },
  {
    "_id": "69494a596a1052133968bd5e",
    "userId": "69312ea31b2fe24a727c20d3",
    "userName": "Gilbert KHOUEIRY",
    "userRole": "ADMIN",
    "action": "START_IMPERSONATION",
    "details": {
      "targetUserId": "694947da6a1052133968b40e",
      "targetUserEmail": "POLY",
      "targetUserRole": "TEACHER",
      "targetUserDisplayName": "POLY"
    },
    "timestamp": "2025-12-22T13:40:41.846Z",
    "ipAddress": "::1",
    "__v": 0
  },
  {
    "_id": "69494a616a1052133968bdbf",
    "userId": "69312ea31b2fe24a727c20d3",
    "userName": "Gilbert KHOUEIRY",
    "userRole": "ADMIN",
    "action": "START_IMPERSONATION",
    "details": {
      "targetUserId": "694947e16a1052133968b417",
      "targetUserEmail": "ARA",
      "targetUserRole": "TEACHER",
      "targetUserDisplayName": "ARA"
    },
    "timestamp": "2025-12-22T13:40:49.962Z",
    "ipAddress": "::1",
    "__v": 0
  },
  {
    "_id": "69494a696a1052133968be22",
    "userId": "694947e16a1052133968b417",
    "userName": "ARA",
    "userRole": "TEACHER",
    "action": "MARK_ASSIGNMENT_DONE",
    "details": {
      "assignmentId": "69494a566a1052133968bd46",
      "semester": 2,
      "templateId": "694948136a1052133968b443",
      "templateName": "Presentation carnet 5pages + new des (Imported)",
      "studentId": "69494a566a1052133968bd38",
      "studentName": "TEST2 TEST2"
    },
    "timestamp": "2025-12-22T13:40:57.318Z",
    "ipAddress": "::1",
    "__v": 0
  },
  {
    "_id": "69494a6c6a1052133968be2f",
    "userId": "694947da6a1052133968b40e",
    "userName": "POLY",
    "userRole": "TEACHER",
    "action": "MARK_ASSIGNMENT_DONE",
    "details": {
      "assignmentId": "69494a566a1052133968bd46",
      "semester": 2,
      "templateId": "694948136a1052133968b443",
      "templateName": "Presentation carnet 5pages + new des (Imported)",
      "studentId": "69494a566a1052133968bd38",
      "studentName": "TEST2 TEST2"
    },
    "timestamp": "2025-12-22T13:41:00.050Z",
    "ipAddress": "::1",
    "__v": 0
  },
  {
    "_id": "69494a6d6a1052133968be35",
    "userId": "69312ea31b2fe24a727c20d3",
    "userName": "Gilbert KHOUEIRY",
    "userRole": "ADMIN",
    "action": "START_IMPERSONATION",
    "details": {
      "targetUserId": "694947e86a1052133968b421",
      "targetUserEmail": "ENG",
      "targetUserRole": "TEACHER",
      "targetUserDisplayName": "ENG"
    },
    "timestamp": "2025-12-22T13:41:01.731Z",
    "ipAddress": "::1",
    "__v": 0
  },
  {
    "_id": "69494a766a1052133968becf",
    "userId": "694947e86a1052133968b421",
    "userName": "ENG",
    "userRole": "TEACHER",
    "action": "MARK_ASSIGNMENT_DONE",
    "details": {
      "assignmentId": "69494a566a1052133968bd46",
      "semester": 2,
      "templateId": "694948136a1052133968b443",
      "templateName": "Presentation carnet 5pages + new des (Imported)",
      "studentId": "69494a566a1052133968bd38",
      "studentName": "TEST2 TEST2"
    },
    "timestamp": "2025-12-22T13:41:10.525Z",
    "ipAddress": "::1",
    "__v": 0
  },
  {
    "_id": "69494a796a1052133968bed6",
    "userId": "69312ea31b2fe24a727c20d3",
    "userName": "Gilbert KHOUEIRY",
    "userRole": "ADMIN",
    "action": "START_IMPERSONATION",
    "details": {
      "targetUserId": "694947f06a1052133968b42a",
      "targetUserEmail": "PRE",
      "targetUserRole": "SUBADMIN",
      "targetUserDisplayName": "PRE"
    },
    "timestamp": "2025-12-22T13:41:13.298Z",
    "ipAddress": "::1",
    "__v": 0
  },
  {
    "_id": "69494a7c6a1052133968bf7d",
    "userId": "694947f06a1052133968b42a",
    "userName": "PRE",
    "userRole": "SUBADMIN",
    "action": "SIGN_TEMPLATE",
    "details": {
      "templateId": "694948136a1052133968b443",
      "templateName": "Presentation carnet 5pages + new des (Imported)",
      "studentId": "69494a566a1052133968bd38",
      "studentName": "TEST2 TEST2",
      "type": "end_of_year"
    },
    "timestamp": "2025-12-22T13:41:16.754Z",
    "ipAddress": "::1",
    "__v": 0
  },
  {
    "_id": "69494a7f6a1052133968bfbd",
    "userId": "694947f06a1052133968b42a",
    "userName": "PRE",
    "userRole": "SUBADMIN",
    "action": "PROMOTE_STUDENT",
    "details": {
      "studentId": "69494a566a1052133968bd38",
      "from": "PS",
      "to": "MS",
      "templateAssignmentId": "69494a566a1052133968bd46",
      "inferredKeys": [
        "table_9d99d99d-3ecc-4ad1-8730-bfdd8aa0fda9_row_dd1e396e-3956-4e57-8681-3d3f470341a9"
      ]
    },
    "timestamp": "2025-12-22T13:41:19.235Z",
    "ipAddress": "::1",
    "__v": 0
  },
  {
    "_id": "69494a8f6a1052133968c00a",
    "userId": "69312ea31b2fe24a727c20d3",
    "userName": "Gilbert KHOUEIRY",
    "userRole": "ADMIN",
    "action": "START_IMPERSONATION",
    "details": {
      "targetUserId": "694947da6a1052133968b40e",
      "targetUserEmail": "POLY",
      "targetUserRole": "TEACHER",
      "targetUserDisplayName": "POLY"
    },
    "timestamp": "2025-12-22T13:41:35.172Z",
    "ipAddress": "::1",
    "__v": 0
  },
  {
    "_id": "69494ac6f182e09952ef6e25",
    "userId": "69312ea31b2fe24a727c20d3",
    "userName": "Gilbert KHOUEIRY",
    "userRole": "ADMIN",
    "action": "START_IMPERSONATION",
    "details": {
      "targetUserId": "694947da6a1052133968b40e",
      "targetUserEmail": "POLY",
      "targetUserRole": "TEACHER",
      "targetUserDisplayName": "POLY"
    },
    "timestamp": "2025-12-22T13:42:30.703Z",
    "ipAddress": "::1",
    "__v": 0
  },
  {
    "_id": "69494ad6f182e09952ef6ee5",
    "userId": "694947da6a1052133968b40e",
    "userName": "POLY",
    "userRole": "TEACHER",
    "action": "MARK_ASSIGNMENT_DONE",
    "details": {
      "assignmentId": "69494abbf182e09952ef6e0d",
      "semester": 2,
      "templateId": "694948136a1052133968b443",
      "templateName": "Presentation carnet 5pages + new des (Imported)",
      "studentId": "69494abbf182e09952ef6dff",
      "studentName": "TEST3 TEST3"
    },
    "timestamp": "2025-12-22T13:42:46.453Z",
    "ipAddress": "::1",
    "__v": 0
  },
  {
    "_id": "69494ad8f182e09952ef6eeb",
    "userId": "69312ea31b2fe24a727c20d3",
    "userName": "Gilbert KHOUEIRY",
    "userRole": "ADMIN",
    "action": "START_IMPERSONATION",
    "details": {
      "targetUserId": "694947e16a1052133968b417",
      "targetUserEmail": "ARA",
      "targetUserRole": "TEACHER",
      "targetUserDisplayName": "ARA"
    },
    "timestamp": "2025-12-22T13:42:48.814Z",
    "ipAddress": "::1",
    "__v": 0
  },
  {
    "_id": "69494ae3f182e09952ef6f51",
    "userId": "694947e16a1052133968b417",
    "userName": "ARA",
    "userRole": "TEACHER",
    "action": "MARK_ASSIGNMENT_DONE",
    "details": {
      "assignmentId": "69494abbf182e09952ef6e0d",
      "semester": 2,
      "templateId": "694948136a1052133968b443",
      "templateName": "Presentation carnet 5pages + new des (Imported)",
      "studentId": "69494abbf182e09952ef6dff",
      "studentName": "TEST3 TEST3"
    },
    "timestamp": "2025-12-22T13:42:59.103Z",
    "ipAddress": "::1",
    "__v": 0
  },
  {
    "_id": "69494ae4f182e09952ef6f57",
    "userId": "69312ea31b2fe24a727c20d3",
    "userName": "Gilbert KHOUEIRY",
    "userRole": "ADMIN",
    "action": "START_IMPERSONATION",
    "details": {
      "targetUserId": "694947e86a1052133968b421",
      "targetUserEmail": "ENG",
      "targetUserRole": "TEACHER",
      "targetUserDisplayName": "ENG"
    },
    "timestamp": "2025-12-22T13:43:00.911Z",
    "ipAddress": "::1",
    "__v": 0
  },
  {
    "_id": "69494aecf182e09952ef6fc2",
    "userId": "694947e86a1052133968b421",
    "userName": "ENG",
    "userRole": "TEACHER",
    "action": "MARK_ASSIGNMENT_DONE",
    "details": {
      "assignmentId": "69494abbf182e09952ef6e0d",
      "semester": 2,
      "templateId": "694948136a1052133968b443",
      "templateName": "Presentation carnet 5pages + new des (Imported)",
      "studentId": "69494abbf182e09952ef6dff",
      "studentName": "TEST3 TEST3"
    },
    "timestamp": "2025-12-22T13:43:08.325Z",
    "ipAddress": "::1",
    "__v": 0
  },
  {
    "_id": "69494aeef182e09952ef6fc8",
    "userId": "69312ea31b2fe24a727c20d3",
    "userName": "Gilbert KHOUEIRY",
    "userRole": "ADMIN",
    "action": "START_IMPERSONATION",
    "details": {
      "targetUserId": "694947f06a1052133968b42a",
      "targetUserEmail": "PRE",
      "targetUserRole": "SUBADMIN",
      "targetUserDisplayName": "PRE"
    },
    "timestamp": "2025-12-22T13:43:10.390Z",
    "ipAddress": "::1",
    "__v": 0
  },
  {
    "_id": "69494af2f182e09952ef706f",
    "userId": "694947f06a1052133968b42a",
    "userName": "PRE",
    "userRole": "SUBADMIN",
    "action": "SIGN_TEMPLATE",
    "details": {
      "templateId": "694948136a1052133968b443",
      "templateName": "Presentation carnet 5pages + new des (Imported)",
      "studentId": "69494abbf182e09952ef6dff",
      "studentName": "TEST3 TEST3",
      "type": "end_of_year"
    },
    "timestamp": "2025-12-22T13:43:14.688Z",
    "ipAddress": "::1",
    "__v": 0
  },
  {
    "_id": "69494af4f182e09952ef70b1",
    "userId": "694947f06a1052133968b42a",
    "userName": "PRE",
    "userRole": "SUBADMIN",
    "action": "PROMOTE_STUDENT",
    "details": {
      "studentId": "69494abbf182e09952ef6dff",
      "from": "PS",
      "to": "MS",
      "templateAssignmentId": "69494abbf182e09952ef6e0d",
      "inferredKeys": [
        "table_9d99d99d-3ecc-4ad1-8730-bfdd8aa0fda9_row_dd1e396e-3956-4e57-8681-3d3f470341a9"
      ]
    },
    "timestamp": "2025-12-22T13:43:16.193Z",
    "ipAddress": "::1",
    "__v": 0
  },
  {
    "_id": "69494b10f182e09952ef7109",
    "userId": "69312ea31b2fe24a727c20d3",
    "userName": "Gilbert KHOUEIRY",
    "userRole": "ADMIN",
    "action": "START_IMPERSONATION",
    "details": {
      "targetUserId": "694947da6a1052133968b40e",
      "targetUserEmail": "POLY",
      "targetUserRole": "TEACHER",
      "targetUserDisplayName": "POLY"
    },
    "timestamp": "2025-12-22T13:43:44.052Z",
    "ipAddress": "::1",
    "__v": 0
  },
  {
    "_id": "694a59144baea8707d69c91a",
    "userId": "69312ea31b2fe24a727c20d3",
    "userName": "Gilbert KHOUEIRY",
    "userRole": "ADMIN",
    "action": "LOGIN_MICROSOFT",
    "details": {
      "email": "gilbert.khoueiry@champville.edu.lb"
    },
    "timestamp": "2025-12-23T08:55:48.173Z",
    "ipAddress": "::1",
    "__v": 0
  }
]