[
  {
    "_id": "694948ad6a1052133968b952",
    "studentId": "694948246a1052133968b55b",
    "schoolYearId": "6949481c6a1052133968b53b",
    "level": "PS",
    "classId": "6949481f6a1052133968b54f",
    "templateId": "694948136a1052133968b443",
    "data": {
      "student": {
        "_id": "694948246a1052133968b55b",
        "logicalKey": "test_test_2000-01-01",
        "firstName": "TEST",
        "lastName": "TEST",
        "dateOfBirth": "2000-01-01T00:00:00.000Z",
        "status": "active",
        "promotions": [],
        "__v": 0
      },
      "enrollment": {
        "_id": "694948246a1052133968b55f",
        "studentId": "694948246a1052133968b55b",
        "classId": "6949481f6a1052133968b54f",
        "schoolYearId": "6949481c6a1052133968b53b",
        "status": "active",
        "promotionStatus": "pending",
        "__v": 0
      },
      "statuses": [],
      "assignment": {
        "_id": "6949485f4d5adf6fc6b2003c",
        "studentId": "694948246a1052133968b55b",
        "templateId": "694948136a1052133968b443",
        "completionSchoolYearId": "6949481c6a1052133968b53b",
        "__v": 0,
        "assignedAt": "2025-12-22T13:32:15.737Z",
        "assignedBy": "69312ea31b2fe24a727c20d3",
        "assignedTeachers": [
          "694947da6a1052133968b40e",
          "694947e16a1052133968b417",
          "694947e86a1052133968b421"
        ],
        "completedAt": null,
        "completedAtSem1": null,
        "completedAtSem2": "2025-12-22T13:33:16.496Z",
        "completedBy": null,
        "createdAt": "2025-12-22T13:32:15.737Z",
        "data": {
          "table_9d99d99d-3ecc-4ad1-8730-bfdd8aa0fda9_row_dd1e396e-3956-4e57-8681-3d3f470341a9": [
            {
              "code": "lb",
              "label": "Lebanese",
              "emoji": "🇱🇧",
              "active": true,
              "level": "PS"
            },
            {
              "code": "fr",
              "label": "French",
              "emoji": "🇫🇷",
              "active": true,
              "level": "PS"
            },
            {
              "code": "en",
              "label": "English",
              "emoji": "🇬🇧",
              "active": true,
              "level": "PS"
            }
          ],
          "signatures": [
            {
              "type": "end_of_year",
              "signedAt": "2025-12-22T13:33:21.349Z",
              "subAdminId": "694947f06a1052133968b42a",
              "schoolYearId": "694948186a1052133968b51d",
              "schoolYearName": "2025/2026",
              "level": "PS"
            }
          ]
        },
        "dataVersion": 2,
        "isCompleted": false,
        "isCompletedSem1": false,
        "isCompletedSem2": true,
        "status": "signed",
        "teacherCompletions": [
          {
            "teacherId": "694947da6a1052133968b40e",
            "completed": true,
            "completedAt": "2025-12-22T13:32:37.381Z",
            "completedSem1": true,
            "completedAtSem1": "2025-12-22T13:32:37.381Z",
            "completedSem2": true,
            "completedAtSem2": "2025-12-22T13:32:53.811Z",
            "_id": "694948756a1052133968b73c"
          },
          {
            "teacherId": "694947e16a1052133968b417",
            "completedSem2": true,
            "completedAtSem2": "2025-12-22T13:33:04.603Z",
            "_id": "694948906a1052133968b808"
          },
          {
            "teacherId": "694947e86a1052133968b421",
            "completedSem2": true,
            "completedAtSem2": "2025-12-22T13:33:16.496Z",
            "_id": "6949489c6a1052133968b877"
          }
        ],
        "templateVersion": 1,
        "updatedAt": "2025-12-22T13:33:21.355Z"
      },
      "className": "PS A",
      "signatures": [
        {
          "_id": "694948a16a1052133968b91d",
          "templateAssignmentId": "6949485f4d5adf6fc6b2003c",
          "subAdminId": "694947f06a1052133968b42a",
          "signedAt": "2025-12-22T13:33:21.349Z",
          "status": "signed",
          "type": "end_of_year",
          "level": "PS",
          "schoolYearId": "694948186a1052133968b51d",
          "schoolYearName": "2025/2026",
          "__v": 0
        }
      ],
      "signature": null,
      "finalSignature": {
        "_id": "694948a16a1052133968b91d",
        "templateAssignmentId": "6949485f4d5adf6fc6b2003c",
        "subAdminId": "694947f06a1052133968b42a",
        "signedAt": "2025-12-22T13:33:21.349Z",
        "status": "signed",
        "type": "end_of_year",
        "level": "PS",
        "schoolYearId": "694948186a1052133968b51d",
        "schoolYearName": "2025/2026",
        "__v": 0
      }
    },
    "createdAt": "2025-12-22T13:33:33.972Z",
    "__v": 0
  },
  {
    "_id": "69494a7f6a1052133968bfa3",
    "studentId": "69494a566a1052133968bd38",
    "schoolYearId": "6949481c6a1052133968b53b",
    "level": "PS",
    "classId": "6949481f6a1052133968b54f",
    "templateId": "694948136a1052133968b443",
    "data": {
      "student": {
        "_id": "69494a566a1052133968bd38",
        "logicalKey": "test2_test2_2000-01-01",
        "firstName": "TEST2",
        "lastName": "TEST2",
        "dateOfBirth": "2000-01-01T00:00:00.000Z",
        "status": "active",
        "promotions": [],
        "__v": 0
      },
      "enrollment": {
        "_id": "69494a566a1052133968bd3c",
        "studentId": "69494a566a1052133968bd38",
        "classId": "6949481f6a1052133968b54f",
        "schoolYearId": "6949481c6a1052133968b53b",
        "status": "active",
        "promotionStatus": "pending",
        "__v": 0
      },
      "statuses": [],
      "assignment": {
        "_id": "69494a566a1052133968bd46",
        "templateId": "694948136a1052133968b443",
        "templateVersion": 1,
        "studentId": "69494a566a1052133968bd38",
        "completionSchoolYearId": "6949481c6a1052133968b53b",
        "assignedTeachers": [
          "694947da6a1052133968b40e",
          "694947e16a1052133968b417",
          "694947e86a1052133968b421"
        ],
        "status": "signed",
        "assignedAt": "2025-12-22T13:40:38.013Z",
        "assignedBy": "69312ea31b2fe24a727c20d3",
        "isCompleted": false,
        "isCompletedSem1": false,
        "isCompletedSem2": true,
        "dataVersion": 2,
        "teacherCompletions": [
          {
            "teacherId": "694947e16a1052133968b417",
            "completedSem2": true,
            "completedAtSem2": "2025-12-22T13:40:57.314Z",
            "_id": "69494a696a1052133968be1c"
          },
          {
            "teacherId": "694947da6a1052133968b40e",
            "completedSem2": true,
            "completedAtSem2": "2025-12-22T13:41:00.043Z",
            "_id": "69494a6c6a1052133968be28"
          },
          {
            "teacherId": "694947e86a1052133968b421",
            "completedSem2": true,
            "completedAtSem2": "2025-12-22T13:41:10.519Z",
            "_id": "69494a766a1052133968bec7"
          }
        ],
        "createdAt": "2025-12-22T13:40:38.014Z",
        "updatedAt": "2025-12-22T13:41:16.749Z",
        "__v": 0,
        "data": {
          "table_9d99d99d-3ecc-4ad1-8730-bfdd8aa0fda9_row_dd1e396e-3956-4e57-8681-3d3f470341a9": [
            {
              "code": "lb",
              "label": "Lebanese",
              "emoji": "🇱🇧",
              "active": true,
              "level": "PS"
            },
            {
              "code": "fr",
              "label": "French",
              "emoji": "🇫🇷",
              "active": true,
              "level": "PS"
            },
            {
              "code": "en",
              "label": "English",
              "emoji": "🇬🇧",
              "active": true,
              "level": "PS"
            }
          ],
          "signatures": [
            {
              "type": "end_of_year",
              "signedAt": "2025-12-22T13:41:16.746Z",
              "subAdminId": "694947f06a1052133968b42a",
              "schoolYearId": "694948186a1052133968b51d",
              "schoolYearName": "2025/2026",
              "level": "PS"
            }
          ]
        },
        "completedAtSem2": "2025-12-22T13:41:10.519Z"
      },
      "className": "PS A",
      "signatures": [
        {
          "_id": "69494a7c6a1052133968bf71",
          "templateAssignmentId": "69494a566a1052133968bd46",
          "subAdminId": "694947f06a1052133968b42a",
          "signedAt": "2025-12-22T13:41:16.746Z",
          "status": "signed",
          "type": "end_of_year",
          "level": "PS",
          "schoolYearId": "694948186a1052133968b51d",
          "schoolYearName": "2025/2026",
          "__v": 0
        }
      ],
      "signature": null,
      "finalSignature": {
        "_id": "69494a7c6a1052133968bf71",
        "templateAssignmentId": "69494a566a1052133968bd46",
        "subAdminId": "694947f06a1052133968b42a",
        "signedAt": "2025-12-22T13:41:16.746Z",
        "status": "signed",
        "type": "end_of_year",
        "level": "PS",
        "schoolYearId": "694948186a1052133968b51d",
        "schoolYearName": "2025/2026",
        "__v": 0
      }
    },
    "createdAt": "2025-12-22T13:41:19.134Z",
    "__v": 0
  },
  {
    "_id": "69494af4f182e09952ef7097",
    "studentId": "69494abbf182e09952ef6dff",
    "schoolYearId": "6949481c6a1052133968b53b",
    "level": "PS",
    "classId": "6949481f6a1052133968b54f",
    "templateId": "694948136a1052133968b443",
    "data": {
      "student": {
        "_id": "69494abbf182e09952ef6dff",
        "logicalKey": "test3_test3_2000-01-01",
        "firstName": "TEST3",
        "lastName": "TEST3",
        "dateOfBirth": "2000-01-01T00:00:00.000Z",
        "status": "active",
        "promotions": [],
        "__v": 0
      },
      "enrollment": {
        "_id": "69494abbf182e09952ef6e03",
        "studentId": "69494abbf182e09952ef6dff",
        "classId": "6949481f6a1052133968b54f",
        "schoolYearId": "6949481c6a1052133968b53b",
        "status": "active",
        "promotionStatus": "pending",
        "__v": 0
      },
      "statuses": [],
      "assignment": {
        "_id": "69494abbf182e09952ef6e0d",
        "templateId": "694948136a1052133968b443",
        "templateVersion": 1,
        "studentId": "69494abbf182e09952ef6dff",
        "completionSchoolYearId": "6949481c6a1052133968b53b",
        "assignedTeachers": [
          "694947da6a1052133968b40e",
          "694947e16a1052133968b417",
          "694947e86a1052133968b421"
        ],
        "status": "signed",
        "assignedAt": "2025-12-22T13:42:19.437Z",
        "assignedBy": "69312ea31b2fe24a727c20d3",
        "isCompleted": false,
        "isCompletedSem1": false,
        "isCompletedSem2": true,
        "dataVersion": 2,
        "teacherCompletions": [
          {
            "teacherId": "694947da6a1052133968b40e",
            "completedSem2": true,
            "completedAtSem2": "2025-12-22T13:42:46.446Z",
            "_id": "69494ad6f182e09952ef6edf"
          },
          {
            "teacherId": "694947e16a1052133968b417",
            "completedSem2": true,
            "completedAtSem2": "2025-12-22T13:42:59.098Z",
            "_id": "69494ae3f182e09952ef6f4a"
          },
          {
            "teacherId": "694947e86a1052133968b421",
            "completedSem2": true,
            "completedAtSem2": "2025-12-22T13:43:08.321Z",
            "_id": "69494aecf182e09952ef6fba"
          }
        ],
        "createdAt": "2025-12-22T13:42:19.439Z",
        "updatedAt": "2025-12-22T13:43:14.683Z",
        "__v": 0,
        "data": {
          "table_9d99d99d-3ecc-4ad1-8730-bfdd8aa0fda9_row_dd1e396e-3956-4e57-8681-3d3f470341a9": [
            {
              "code": "lb",
              "label": "Lebanese",
              "emoji": "🇱🇧",
              "active": true,
              "level": "PS"
            },
            {
              "code": "fr",
              "label": "French",
              "emoji": "🇫🇷",
              "active": true,
              "level": "PS"
            },
            {
              "code": "en",
              "label": "English",
              "emoji": "🇬🇧",
              "active": true,
              "level": "PS"
            }
          ],
          "signatures": [
            {
              "type": "end_of_year",
              "signedAt": "2025-12-22T13:43:14.679Z",
              "subAdminId": "694947f06a1052133968b42a",
              "schoolYearId": "694948186a1052133968b51d",
              "schoolYearName": "2025/2026",
              "level": "PS"
            }
          ]
        },
        "completedAtSem2": "2025-12-22T13:43:08.321Z"
      },
      "className": "PS A",
      "signatures": [
        {
          "_id": "69494af2f182e09952ef7063",
          "templateAssignmentId": "69494abbf182e09952ef6e0d",
          "subAdminId": "694947f06a1052133968b42a",
          "signedAt": "2025-12-22T13:43:14.679Z",
          "status": "signed",
          "type": "end_of_year",
          "level": "PS",
          "schoolYearId": "694948186a1052133968b51d",
          "schoolYearName": "2025/2026",
          "__v": 0
        }
      ],
      "signature": null,
      "finalSignature": {
        "_id": "69494af2f182e09952ef7063",
        "templateAssignmentId": "69494abbf182e09952ef6e0d",
        "subAdminId": "694947f06a1052133968b42a",
        "signedAt": "2025-12-22T13:43:14.679Z",
        "status": "signed",
        "type": "end_of_year",
        "level": "PS",
        "schoolYearId": "694948186a1052133968b51d",
        "schoolYearName": "2025/2026",
        "__v": 0
      }
    },
    "createdAt": "2025-12-22T13:43:16.096Z",
    "__v": 0
  }
]