[
  {
    "_id": "694948186a1052133968b51d",
    "name": "2025/2026",
    "startDate": "2025-09-01T00:00:00.000Z",
    "endDate": "2026-07-01T00:00:00.000Z",
    "active": true,
    "activeSemester": 2,
    "__v": 0,
    "sequence": 2
  },
  {
    "_id": "694948186a1052133968b527",
    "name": "2026/2027",
    "startDate": "2026-09-01T00:00:00.000Z",
    "endDate": "2027-07-01T00:00:00.000Z",
    "active": false,
    "activeSemester": 1,
    "__v": 0,
    "sequence": 3
  },
  {
    "_id": "694948196a1052133968b531",
    "name": "2027/2028",
    "startDate": "2027-09-01T00:00:00.000Z",
    "endDate": "2028-07-01T00:00:00.000Z",
    "active": false,
    "activeSemester": 1,
    "__v": 0,
    "sequence": 4
  },
  {
    "_id": "6949481c6a1052133968b53b",
    "name": "2024/2025",
    "startDate": "2024-09-01T00:00:00.000Z",
    "endDate": "2025-07-01T00:00:00.000Z",
    "active": false,
    "activeSemester": 2,
    "__v": 0,
    "sequence": 1
  }
]