[
  {
    "_id": "694948246a1052133968b55b",
    "logicalKey": "test_test_2000-01-01",
    "firstName": "TEST",
    "lastName": "TEST",
    "dateOfBirth": "2000-01-01T00:00:00.000Z",
    "status": "active",
    "promotions": [
      {
        "schoolYearId": "6949481c6a1052133968b53b",
        "date": "2025-12-22T13:33:34.080Z",
        "fromLevel": "PS",
        "toLevel": "MS",
        "promotedBy": "694947f06a1052133968b42a",
        "_id": "694948ae6a1052133968b966"
      }
    ],
    "__v": 0,
    "nextLevel": "MS"
  },
  {
    "_id": "69494a566a1052133968bd38",
    "logicalKey": "test2_test2_2000-01-01",
    "firstName": "TEST2",
    "lastName": "TEST2",
    "dateOfBirth": "2000-01-01T00:00:00.000Z",
    "status": "active",
    "promotions": [
      {
        "schoolYearId": "6949481c6a1052133968b53b",
        "date": "2025-12-22T13:41:19.232Z",
        "fromLevel": "PS",
        "toLevel": "MS",
        "promotedBy": "694947f06a1052133968b42a",
        "_id": "69494a7f6a1052133968bfb7"
      }
    ],
    "__v": 0,
    "nextLevel": "MS"
  },
  {
    "_id": "69494abbf182e09952ef6dff",
    "logicalKey": "test3_test3_2000-01-01",
    "firstName": "TEST3",
    "lastName": "TEST3",
    "dateOfBirth": "2000-01-01T00:00:00.000Z",
    "status": "active",
    "promotions": [
      {
        "schoolYearId": "6949481c6a1052133968b53b",
        "date": "2025-12-22T13:43:16.188Z",
        "fromLevel": "PS",
        "toLevel": "MS",
        "promotedBy": "694947f06a1052133968b42a",
        "_id": "69494af4f182e09952ef70ab"
      }
    ],
    "__v": 0,
    "nextLevel": "MS"
  }
]