[
  {
    "_id": "694948834d5adf6fc6b2003d",
    "studentId": "694948246a1052133968b55b",
    "templateId": "694948136a1052133968b443",
    "sourceId": "dd1e396e-3956-4e57-8681-3d3f470341a9",
    "__v": 0,
    "assignmentId": "6949485f4d5adf6fc6b2003c",
    "languages": [
      "lb",
      "fr",
      "en"
    ],
    "recordedAt": "2025-12-22T13:33:14.324Z",
    "recordedBy": "694947e86a1052133968b421",
    "skillText": "Je sais reconnaitre mes enseignantes et mes copains de classe.",
    "sourceKey": "table_9d99d99d-3ecc-4ad1-8730-bfdd8aa0fda9_row_dd1e396e-3956-4e57-8681-3d3f470341a9"
  },
  {
    "_id": "69494a5f4d5adf6fc6b20043",
    "studentId": "69494a566a1052133968bd38",
    "templateId": "694948136a1052133968b443",
    "sourceId": "dd1e396e-3956-4e57-8681-3d3f470341a9",
    "__v": 0,
    "assignmentId": "69494a566a1052133968bd46",
    "languages": [
      "lb",
      "fr",
      "en"
    ],
    "recordedAt": "2025-12-22T13:41:08.033Z",
    "recordedBy": "694947e86a1052133968b421",
    "skillText": "Je sais reconnaitre mes enseignantes et mes copains de classe.",
    "sourceKey": "table_9d99d99d-3ecc-4ad1-8730-bfdd8aa0fda9_row_dd1e396e-3956-4e57-8681-3d3f470341a9"
  },
  {
    "_id": "69494ad34d5adf6fc6b20045",
    "sourceId": "dd1e396e-3956-4e57-8681-3d3f470341a9",
    "templateId": "694948136a1052133968b443",
    "studentId": "69494abbf182e09952ef6dff",
    "__v": 0,
    "assignmentId": "69494abbf182e09952ef6e0d",
    "languages": [
      "lb",
      "fr",
      "en"
    ],
    "recordedAt": "2025-12-22T13:43:06.159Z",
    "recordedBy": "694947e86a1052133968b421",
    "skillText": "Je sais reconnaitre mes enseignantes et mes copains de classe.",
    "sourceKey": "table_9d99d99d-3ecc-4ad1-8730-bfdd8aa0fda9_row_dd1e396e-3956-4e57-8681-3d3f470341a9"
  }
]