[
  {
    "_id": "694948414d5adf6fc6b20035",
    "teacherId": "694947da6a1052133968b40e",
    "classId": "6949481f6a1052133968b54f",
    "__v": 0,
    "assignedAt": "2025-12-22T13:31:45.313Z",
    "assignedBy": "69312ea31b2fe24a727c20d3",
    "isProfPolyvalent": true,
    "languages": [],
    "schoolYearId": "6949481c6a1052133968b53b"
  },
  {
    "_id": "694948494d5adf6fc6b20036",
    "teacherId": "694947e16a1052133968b417",
    "classId": "6949481f6a1052133968b54f",
    "__v": 0,
    "assignedAt": "2025-12-22T13:31:53.141Z",
    "assignedBy": "69312ea31b2fe24a727c20d3",
    "isProfPolyvalent": false,
    "languages": [
      "ar"
    ],
    "schoolYearId": "6949481c6a1052133968b53b"
  },
  {
    "_id": "694948514d5adf6fc6b20037",
    "classId": "6949481f6a1052133968b54f",
    "teacherId": "694947e86a1052133968b421",
    "__v": 0,
    "assignedAt": "2025-12-22T13:32:01.555Z",
    "assignedBy": "69312ea31b2fe24a727c20d3",
    "isProfPolyvalent": false,
    "languages": [
      "en"
    ],
    "schoolYearId": "6949481c6a1052133968b53b"
  },
  {
    "_id": "694948d74d5adf6fc6b2003f",
    "classId": "694948b56a1052133968b986",
    "teacherId": "694947da6a1052133968b40e",
    "__v": 0,
    "assignedAt": "2025-12-22T13:34:15.225Z",
    "assignedBy": "69312ea31b2fe24a727c20d3",
    "isProfPolyvalent": true,
    "languages": [],
    "schoolYearId": "694948186a1052133968b51d"
  },
  {
    "_id": "694948dc4d5adf6fc6b20040",
    "classId": "694948b56a1052133968b986",
    "teacherId": "694947e16a1052133968b417",
    "__v": 0,
    "assignedAt": "2025-12-22T13:34:20.962Z",
    "assignedBy": "69312ea31b2fe24a727c20d3",
    "isProfPolyvalent": false,
    "languages": [
      "ar"
    ],
    "schoolYearId": "694948186a1052133968b51d"
  },
  {
    "_id": "694948e14d5adf6fc6b20041",
    "classId": "694948b56a1052133968b986",
    "teacherId": "694947e86a1052133968b421",
    "__v": 0,
    "assignedAt": "2025-12-22T13:34:25.280Z",
    "assignedBy": "69312ea31b2fe24a727c20d3",
    "isProfPolyvalent": false,
    "languages": [
      "en"
    ],
    "schoolYearId": "694948186a1052133968b51d"
  }
]