[
  {
    "_id": "694948a16a1052133968b91d",
    "templateAssignmentId": "6949485f4d5adf6fc6b2003c",
    "subAdminId": "694947f06a1052133968b42a",
    "signedAt": "2025-12-22T13:33:21.349Z",
    "status": "signed",
    "type": "end_of_year",
    "level": "PS",
    "schoolYearId": "694948186a1052133968b51d",
    "schoolYearName": "2025/2026",
    "__v": 0
  },
  {
    "_id": "69494a7c6a1052133968bf71",
    "templateAssignmentId": "69494a566a1052133968bd46",
    "subAdminId": "694947f06a1052133968b42a",
    "signedAt": "2025-12-22T13:41:16.746Z",
    "status": "signed",
    "type": "end_of_year",
    "level": "PS",
    "schoolYearId": "694948186a1052133968b51d",
    "schoolYearName": "2025/2026",
    "__v": 0
  },
  {
    "_id": "69494af2f182e09952ef7063",
    "templateAssignmentId": "69494abbf182e09952ef6e0d",
    "subAdminId": "694947f06a1052133968b42a",
    "signedAt": "2025-12-22T13:43:14.679Z",
    "status": "signed",
    "type": "end_of_year",
    "level": "PS",
    "schoolYearId": "694948186a1052133968b51d",
    "schoolYearName": "2025/2026",
    "__v": 0
  }
]