[
  {
    "_id": "6949485f4d5adf6fc6b2003c",
    "studentId": "694948246a1052133968b55b",
    "templateId": "694948136a1052133968b443",
    "completionSchoolYearId": "6949481c6a1052133968b53b",
    "__v": 0,
    "assignedAt": "2025-12-22T13:32:15.737Z",
    "assignedBy": "69312ea31b2fe24a727c20d3",
    "assignedTeachers": [
      "694947da6a1052133968b40e",
      "694947e16a1052133968b417",
      "694947e86a1052133968b421"
    ],
    "completedAt": null,
    "completedAtSem1": null,
    "completedAtSem2": "2025-12-22T13:33:16.496Z",
    "completedBy": null,
    "createdAt": "2025-12-22T13:32:15.737Z",
    "data": {
      "table_9d99d99d-3ecc-4ad1-8730-bfdd8aa0fda9_row_dd1e396e-3956-4e57-8681-3d3f470341a9": [
        {
          "code": "lb",
          "label": "Lebanese",
          "emoji": "🇱🇧",
          "active": true,
          "level": "PS"
        },
        {
          "code": "fr",
          "label": "French",
          "emoji": "🇫🇷",
          "active": true,
          "level": "PS"
        },
        {
          "code": "en",
          "label": "English",
          "emoji": "🇬🇧",
          "active": true,
          "level": "PS"
        }
      ],
      "signatures": [
        {
          "type": "end_of_year",
          "signedAt": "2025-12-22T13:33:21.349Z",
          "subAdminId": "694947f06a1052133968b42a",
          "schoolYearId": "694948186a1052133968b51d",
          "schoolYearName": "2025/2026",
          "level": "PS"
        }
      ],
      "promotions": [
        {
          "from": "PS",
          "to": "MS",
          "date": "2025-12-22T13:33:34.082Z",
          "year": "2024/2025",
          "class": "PS A",
          "by": "694947f06a1052133968b42a"
        }
      ]
    },
    "dataVersion": 2,
    "isCompleted": false,
    "isCompletedSem1": false,
    "isCompletedSem2": true,
    "status": "signed",
    "teacherCompletions": [
      {
        "teacherId": "694947da6a1052133968b40e",
        "completed": true,
        "completedAt": "2025-12-22T13:32:37.381Z",
        "completedSem1": true,
        "completedAtSem1": "2025-12-22T13:32:37.381Z",
        "completedSem2": true,
        "completedAtSem2": "2025-12-22T13:32:53.811Z",
        "_id": "694948756a1052133968b73c"
      },
      {
        "teacherId": "694947e16a1052133968b417",
        "completedSem2": true,
        "completedAtSem2": "2025-12-22T13:33:04.603Z",
        "_id": "694948906a1052133968b808"
      },
      {
        "teacherId": "694947e86a1052133968b421",
        "completedSem2": true,
        "completedAtSem2": "2025-12-22T13:33:16.496Z",
        "_id": "6949489c6a1052133968b877"
      }
    ],
    "templateVersion": 1,
    "updatedAt": "2025-12-22T13:34:25.283Z"
  },
  {
    "_id": "69494a566a1052133968bd46",
    "templateId": "694948136a1052133968b443",
    "templateVersion": 1,
    "studentId": "69494a566a1052133968bd38",
    "completionSchoolYearId": "6949481c6a1052133968b53b",
    "assignedTeachers": [
      "694947da6a1052133968b40e",
      "694947e16a1052133968b417",
      "694947e86a1052133968b421"
    ],
    "status": "signed",
    "assignedAt": "2025-12-22T13:40:38.013Z",
    "assignedBy": "69312ea31b2fe24a727c20d3",
    "isCompleted": false,
    "isCompletedSem1": false,
    "isCompletedSem2": true,
    "dataVersion": 2,
    "teacherCompletions": [
      {
        "teacherId": "694947e16a1052133968b417",
        "completedSem2": true,
        "completedAtSem2": "2025-12-22T13:40:57.314Z",
        "_id": "69494a696a1052133968be1c"
      },
      {
        "teacherId": "694947da6a1052133968b40e",
        "completedSem2": true,
        "completedAtSem2": "2025-12-22T13:41:00.043Z",
        "_id": "69494a6c6a1052133968be28"
      },
      {
        "teacherId": "694947e86a1052133968b421",
        "completedSem2": true,
        "completedAtSem2": "2025-12-22T13:41:10.519Z",
        "_id": "69494a766a1052133968bec7"
      }
    ],
    "createdAt": "2025-12-22T13:40:38.014Z",
    "updatedAt": "2025-12-22T13:41:19.234Z",
    "__v": 0,
    "data": {
      "table_9d99d99d-3ecc-4ad1-8730-bfdd8aa0fda9_row_dd1e396e-3956-4e57-8681-3d3f470341a9": [
        {
          "code": "lb",
          "label": "Lebanese",
          "emoji": "🇱🇧",
          "active": true,
          "level": "PS"
        },
        {
          "code": "fr",
          "label": "French",
          "emoji": "🇫🇷",
          "active": true,
          "level": "PS"
        },
        {
          "code": "en",
          "label": "English",
          "emoji": "🇬🇧",
          "active": true,
          "level": "PS"
        }
      ],
      "signatures": [
        {
          "type": "end_of_year",
          "signedAt": "2025-12-22T13:41:16.746Z",
          "subAdminId": "694947f06a1052133968b42a",
          "schoolYearId": "694948186a1052133968b51d",
          "schoolYearName": "2025/2026",
          "level": "PS"
        }
      ],
      "promotions": [
        {
          "from": "PS",
          "to": "MS",
          "date": "2025-12-22T13:41:19.234Z",
          "year": "2024/2025",
          "class": "PS A",
          "by": "694947f06a1052133968b42a"
        }
      ]
    },
    "completedAtSem2": "2025-12-22T13:41:10.519Z"
  },
  {
    "_id": "69494abbf182e09952ef6e0d",
    "templateId": "694948136a1052133968b443",
    "templateVersion": 1,
    "studentId": "69494abbf182e09952ef6dff",
    "completionSchoolYearId": "6949481c6a1052133968b53b",
    "assignedTeachers": [
      "694947da6a1052133968b40e",
      "694947e16a1052133968b417",
      "694947e86a1052133968b421"
    ],
    "status": "signed",
    "assignedAt": "2025-12-22T13:42:19.437Z",
    "assignedBy": "69312ea31b2fe24a727c20d3",
    "isCompleted": false,
    "isCompletedSem1": false,
    "isCompletedSem2": true,
    "dataVersion": 2,
    "teacherCompletions": [
      {
        "teacherId": "694947da6a1052133968b40e",
        "completedSem2": true,
        "completedAtSem2": "2025-12-22T13:42:46.446Z",
        "_id": "69494ad6f182e09952ef6edf"
      },
      {
        "teacherId": "694947e16a1052133968b417",
        "completedSem2": true,
        "completedAtSem2": "2025-12-22T13:42:59.098Z",
        "_id": "69494ae3f182e09952ef6f4a"
      },
      {
        "teacherId": "694947e86a1052133968b421",
        "completedSem2": true,
        "completedAtSem2": "2025-12-22T13:43:08.321Z",
        "_id": "69494aecf182e09952ef6fba"
      }
    ],
    "createdAt": "2025-12-22T13:42:19.439Z",
    "updatedAt": "2025-12-22T13:43:16.191Z",
    "__v": 0,
    "data": {
      "table_9d99d99d-3ecc-4ad1-8730-bfdd8aa0fda9_row_dd1e396e-3956-4e57-8681-3d3f470341a9": [
        {
          "code": "lb",
          "label": "Lebanese",
          "emoji": "🇱🇧",
          "active": true,
          "level": "PS"
        },
        {
          "code": "fr",
          "label": "French",
          "emoji": "🇫🇷",
          "active": true,
          "level": "PS"
        },
        {
          "code": "en",
          "label": "English",
          "emoji": "🇬🇧",
          "active": true,
          "level": "PS"
        }
      ],
      "signatures": [
        {
          "type": "end_of_year",
          "signedAt": "2025-12-22T13:43:14.679Z",
          "subAdminId": "694947f06a1052133968b42a",
          "schoolYearId": "694948186a1052133968b51d",
          "schoolYearName": "2025/2026",
          "level": "PS"
        }
      ],
      "promotions": [
        {
          "from": "PS",
          "to": "MS",
          "date": "2025-12-22T13:43:16.191Z",
          "year": "2024/2025",
          "class": "PS A",
          "by": "694947f06a1052133968b42a"
        }
      ]
    },
    "completedAtSem2": "2025-12-22T13:43:08.321Z"
  }
]