[
  {
    "_id": "694948a16a1052133968b923",
    "templateAssignmentId": "6949485f4d5adf6fc6b2003c",
    "teacherId": "694947f06a1052133968b42a",
    "changeType": "signature",
    "blockIndex": -1,
    "pageIndex": -1,
    "before": [],
    "after": [
      {
        "type": "end_of_year",
        "signedAt": "2025-12-22T13:33:21.349Z",
        "subAdminId": "694947f06a1052133968b42a",
        "schoolYearId": "694948186a1052133968b51d",
        "schoolYearName": "2025/2026",
        "level": "PS"
      }
    ],
    "changeId": "mjh758p9-7xe041b",
    "dataVersion": 2,
    "userId": "694947f06a1052133968b42a",
    "timestamp": "2025-12-22T13:33:21.349Z",
    "__v": 0
  },
  {
    "_id": "69494a7c6a1052133968bf77",
    "templateAssignmentId": "69494a566a1052133968bd46",
    "teacherId": "694947f06a1052133968b42a",
    "changeType": "signature",
    "blockIndex": -1,
    "pageIndex": -1,
    "before": [],
    "after": [
      {
        "type": "end_of_year",
        "signedAt": "2025-12-22T13:41:16.746Z",
        "subAdminId": "694947f06a1052133968b42a",
        "schoolYearId": "694948186a1052133968b51d",
        "schoolYearName": "2025/2026",
        "level": "PS"
      }
    ],
    "changeId": "mjh7ffim-94sog9v",
    "dataVersion": 2,
    "userId": "694947f06a1052133968b42a",
    "timestamp": "2025-12-22T13:41:16.746Z",
    "__v": 0
  },
  {
    "_id": "69494af2f182e09952ef7069",
    "templateAssignmentId": "69494abbf182e09952ef6e0d",
    "teacherId": "694947f06a1052133968b42a",
    "changeType": "signature",
    "blockIndex": -1,
    "pageIndex": -1,
    "before": [],
    "after": [
      {
        "type": "end_of_year",
        "signedAt": "2025-12-22T13:43:14.679Z",
        "subAdminId": "694947f06a1052133968b42a",
        "schoolYearId": "694948186a1052133968b51d",
        "schoolYearName": "2025/2026",
        "level": "PS"
      }
    ],
    "changeId": "mjh7hyik-avj9qe0",
    "dataVersion": 2,
    "userId": "694947f06a1052133968b42a",
    "timestamp": "2025-12-22T13:43:14.679Z",
    "__v": 0
  }
]