[
  {
    "_id": "692f432738a760901dd95d9a",
    "studentId": "692cad2b89fca919b378b6b4",
    "schoolYearId": "692cabdf89fca919b378b62a",
    "level": "MS",
    "classId": "692cacec89fca919b378b657",
    "templateId": "6920c75853ca32933c90bdbb",
    "data": {
      "student": {
        "status": "active",
        "_id": "692cad2b89fca919b378b6b4",
        "logicalKey": "msa-e_msa-e_2000-01-01",
        "firstName": "msa-e",
        "lastName": "msa-e",
        "dateOfBirth": "2000-01-01T00:00:00.000Z",
        "promotions": [],
        "__v": 0
      },
      "enrollment": {
        "_id": "692cad2b89fca919b378b6b8",
        "studentId": "692cad2b89fca919b378b6b4",
        "classId": "692cacec89fca919b378b657",
        "schoolYearId": "692cabdf89fca919b378b62a",
        "__v": 0
      },
      "statuses": [],
      "assignment": {
        "_id": "692cad93ecb50b294466fe80",
        "studentId": "692cad2b89fca919b378b6b4",
        "templateId": "6920c75853ca32933c90bdbb",
        "__v": 0,
        "assignedAt": "2025-11-30T22:29:50.028Z",
        "assignedBy": "6920c55e53ca32933c90bd95",
        "assignedTeachers": [
          "6929e1d1e358ca0ef47a3286"
        ],
        "isCompleted": false,
        "status": "signed",
        "templateVersion": 7,
        "completedAt": null,
        "completedBy": null
      }
    },
    "createdAt": "2025-12-02T19:51:03.475Z",
    "__v": 0
  },
  {
    "_id": "692f645f5768b71d04eb24f3",
    "studentId": "692cad3b89fca919b378b6ca",
    "schoolYearId": "692cabdf89fca919b378b62a",
    "level": "GS",
    "classId": "692caced89fca919b378b666",
    "templateId": "6920c75853ca32933c90bdbb",
    "data": {
      "student": {
        "status": "active",
        "_id": "692cad3b89fca919b378b6ca",
        "logicalKey": "gsa-e_gsa-e_2000-01-01",
        "firstName": "gsa-e",
        "lastName": "gsa-e",
        "dateOfBirth": "2000-01-01T00:00:00.000Z",
        "promotions": [],
        "__v": 0
      },
      "enrollment": {
        "_id": "692cad3b89fca919b378b6ce",
        "studentId": "692cad3b89fca919b378b6ca",
        "classId": "692caced89fca919b378b666",
        "schoolYearId": "692cabdf89fca919b378b62a",
        "__v": 0
      },
      "statuses": [],
      "assignment": {
        "_id": "692cad96ecb50b294466fe82",
        "templateId": "6920c75853ca32933c90bdbb",
        "studentId": "692cad3b89fca919b378b6ca",
        "__v": 0,
        "assignedAt": "2025-11-30T22:29:52.015Z",
        "assignedBy": "6920c55e53ca32933c90bd95",
        "assignedTeachers": [
          "6929e1d1e358ca0ef47a3286"
        ],
        "data": {
          "language_toggle_0_10": [
            {
              "code": "en",
              "label": "English",
              "logo": "https://upload.wikimedia.org/wikipedia/commons/a/a4/Flag_of_the_United_States.svg",
              "active": false
            },
            {
              "code": "ar",
              "label": "العربية",
              "logo": "https://upload.wikimedia.org/wikipedia/commons/5/59/Flag_of_Lebanon.svg",
              "active": false,
              "levels": [
                "MS"
              ]
            }
          ],
          "language_toggle_0_8": [
            {
              "code": "en",
              "label": "English",
              "logo": "https://upload.wikimedia.org/wikipedia/commons/a/a4/Flag_of_the_United_States.svg",
              "active": false,
              "levels": [
                "GS"
              ]
            },
            {
              "code": "fr",
              "label": "Français",
              "logo": "https://upload.wikimedia.org/wikipedia/en/c/c3/Flag_of_France.svg",
              "active": false,
              "levels": [
                "GS"
              ]
            },
            {
              "code": "ar",
              "label": "العربية",
              "logo": "https://upload.wikimedia.org/wikipedia/commons/5/59/Flag_of_Lebanon.svg",
              "active": false,
              "levels": [
                "GS"
              ]
            }
          ],
          "language_toggle_0_19": [
            {
              "code": "en",
              "label": "English",
              "logo": "https://upload.wikimedia.org/wikipedia/commons/a/a4/Flag_of_the_United_States.svg",
              "active": false,
              "levels": [
                "MS"
              ]
            },
            {
              "code": "fr",
              "label": "Français",
              "logo": "https://upload.wikimedia.org/wikipedia/en/c/c3/Flag_of_France.svg",
              "active": true,
              "levels": [
                "GS"
              ]
            },
            {
              "code": "ar",
              "label": "العربية",
              "logo": "https://upload.wikimedia.org/wikipedia/commons/5/59/Flag_of_Lebanon.svg",
              "active": false,
              "levels": [
                "PS"
              ]
            }
          ],
          "language_toggle_0_18": [
            {
              "code": "en",
              "label": "English",
              "logo": "https://upload.wikimedia.org/wikipedia/commons/a/a4/Flag_of_the_United_States.svg",
              "active": false,
              "levels": [
                "PS"
              ]
            },
            {
              "code": "fr",
              "label": "Français",
              "logo": "https://upload.wikimedia.org/wikipedia/en/c/c3/Flag_of_France.svg",
              "active": false,
              "levels": [
                "MS"
              ]
            },
            {
              "code": "ar",
              "label": "العربية",
              "logo": "https://upload.wikimedia.org/wikipedia/commons/5/59/Flag_of_Lebanon.svg",
              "active": true,
              "levels": [
                "GS"
              ]
            }
          ]
        },
        "isCompleted": true,
        "status": "signed",
        "templateVersion": 7,
        "completedAt": "2025-12-01T22:14:07.326Z",
        "completedBy": "6929e1d1e358ca0ef47a3286"
      }
    },
    "createdAt": "2025-12-02T22:12:47.640Z",
    "__v": 0
  },
  {
    "_id": "693f065fae8c091a62e473ad",
    "studentId": "69334b79c193954c691484d6",
    "schoolYearId": "692cabdf89fca919b378b62a",
    "level": "PS",
    "classId": "692cace989fca919b378b648",
    "templateId": "6935ace250527885e27f4c51",
    "data": {
      "student": {
        "_id": "69334b79c193954c691484d6",
        "logicalKey": "dsvds_dvsdsvdvsvd_2000-01-01",
        "firstName": "dsvds",
        "lastName": "dvsdsvdvsvd",
        "dateOfBirth": "2000-01-01T00:00:00.000Z",
        "status": "active",
        "promotions": [],
        "__v": 0
      },
      "enrollment": {
        "_id": "69334b79c193954c691484da",
        "studentId": "69334b79c193954c691484d6",
        "classId": "692cace989fca919b378b648",
        "schoolYearId": "692cabdf89fca919b378b62a",
        "status": "active",
        "promotionStatus": "pending",
        "__v": 0
      },
      "statuses": [],
      "assignment": {
        "_id": "693dd28b08687cb5c9c35993",
        "templateId": "6935ace250527885e27f4c51",
        "studentId": "69334b79c193954c691484d6",
        "__v": 0,
        "assignedAt": "2025-12-14T10:40:21.044Z",
        "assignedBy": "6930bb7ce1d9875b43a0b096",
        "assignedTeachers": [
          "6937345bba6658cc2b66a553",
          "6929e1d1e358ca0ef47a3286",
          "6930b59cf7aca9a6156cd995"
        ],
        "data": {
          "table_2_19_row_0": [
            {
              "code": "lb",
              "label": "Lebanese",
              "emoji": "🇱🇧",
              "active": true
            },
            {
              "code": "lb",
              "label": "Lebanese",
              "emoji": "🇱🇧",
              "active": true
            },
            {
              "code": "lb",
              "label": "Lebanese",
              "emoji": "🇱🇧",
              "active": true
            }
          ],
          "table_2_19_row_1": [
            {
              "code": "lb",
              "label": "Lebanese",
              "emoji": "🇱🇧",
              "active": false
            },
            {
              "code": "fr",
              "label": "French",
              "emoji": "🇫🇷",
              "active": true
            },
            {
              "code": "en",
              "label": "English",
              "emoji": "🇬🇧",
              "active": false
            },
            {
              "code": "en",
              "label": "English",
              "emoji": "🇬🇧",
              "active": false
            },
            {
              "code": "lb",
              "label": "Lebanese",
              "emoji": "🇱🇧",
              "active": true
            },
            {
              "code": "ar",
              "label": "العربية",
              "emoji": "🇱🇧",
              "active": true
            }
          ],
          "table_2_16_row_0": [
            {
              "code": "lb",
              "label": "Lebanese",
              "emoji": "🇱🇧",
              "active": true
            },
            {
              "code": "fr",
              "label": "French",
              "emoji": "🇫🇷",
              "active": true
            },
            {
              "code": "en",
              "label": "English",
              "emoji": "🇬🇧",
              "active": false
            }
          ],
          "table_2_16_row_1": [
            {
              "code": "lb",
              "label": "Lebanese",
              "emoji": "🇱🇧",
              "active": true
            },
            {
              "code": "fr",
              "label": "French",
              "emoji": "🇫🇷",
              "active": false
            },
            {
              "code": "en",
              "label": "English",
              "emoji": "🇬🇧",
              "active": false
            }
          ],
          "table_2_16_row_2": [
            {
              "code": "lb",
              "label": "Lebanese",
              "emoji": "🇱🇧",
              "active": true
            },
            {
              "code": "fr",
              "label": "French",
              "emoji": "🇫🇷",
              "active": false
            },
            {
              "code": "en",
              "label": "English",
              "emoji": "🇬🇧",
              "active": false
            }
          ],
          "table_2_17_row_0": [
            {
              "code": "lb",
              "label": "Lebanese",
              "emoji": "🇱🇧",
              "active": true
            },
            {
              "code": "fr",
              "label": "French",
              "emoji": "🇫🇷",
              "active": false
            },
            {
              "code": "en",
              "label": "English",
              "emoji": "🇬🇧",
              "active": false
            },
            {
              "code": "lb",
              "label": "Lebanese",
              "emoji": "🇱🇧",
              "active": true
            },
            {
              "code": "fr",
              "label": "Français",
              "emoji": "🇫🇷",
              "active": false
            },
            {
              "code": "en",
              "label": "English",
              "emoji": "🇬🇧",
              "active": false
            },
            {
              "code": "ar",
              "label": "العربية",
              "emoji": "🇱🇧",
              "active": false
            }
          ],
          "table_2_17_row_1": [
            {
              "code": "lb",
              "label": "Lebanese",
              "emoji": "🇱🇧",
              "active": true
            },
            {
              "code": "fr",
              "label": "French",
              "emoji": "🇫🇷",
              "active": false
            },
            {
              "code": "en",
              "label": "English",
              "emoji": "🇬🇧",
              "active": false
            },
            {
              "code": "new",
              "label": "English",
              "emoji": "🇬🇧",
              "active": false
            }
          ],
          "table_2_19_row_2": [
            {
              "code": "lb",
              "label": "Lebanese",
              "emoji": "🇱🇧",
              "active": false
            },
            {
              "code": "fr",
              "label": "French",
              "emoji": "🇫🇷",
              "active": true
            },
            {
              "code": "en",
              "label": "English",
              "emoji": "🇬🇧",
              "active": false
            },
            {
              "code": "en",
              "label": "English",
              "emoji": "🇬🇧",
              "active": false
            },
            {
              "code": "lb",
              "label": "Lebanese",
              "emoji": "🇱🇧",
              "active": false
            },
            {
              "code": "ar",
              "label": "العربية",
              "emoji": "🇱🇧",
              "active": false
            }
          ]
        },
        "isCompleted": true,
        "status": "signed",
        "teacherCompletions": [
          {
            "teacherId": "6930b59cf7aca9a6156cd995",
            "completed": true,
            "completedAt": "2025-12-14T18:44:07.628Z",
            "completedSem2": true,
            "completedAtSem2": "2025-12-14T18:45:44.140Z",
            "_id": "693f057707f7a0bf795de8a1"
          },
          {
            "teacherId": "6929e1d1e358ca0ef47a3286",
            "completed": true,
            "completedAt": "2025-12-14T18:44:43.030Z",
            "completedSem2": true,
            "completedAtSem2": "2025-12-14T18:45:29.225Z",
            "_id": "693f059b07f7a0bf795deaa9"
          },
          {
            "teacherId": "6937345bba6658cc2b66a553",
            "completed": true,
            "completedAt": "2025-12-14T18:44:46.652Z",
            "completedSem2": true,
            "completedAtSem2": "2025-12-14T18:45:38.720Z",
            "_id": "693f059e07f7a0bf795deb05"
          }
        ],
        "templateVersion": 8,
        "completedAt": "2025-12-14T18:44:46.652Z",
        "completedBy": "6937345bba6658cc2b66a553",
        "isCompletedSem2": true,
        "completedAtSem2": "2025-12-14T18:45:44.140Z",
        "isCompletedSem1": false
      },
      "className": "PS A"
    },
    "createdAt": "2025-12-14T18:47:59.098Z",
    "__v": 0
  },
  {
    "_id": "693f11bc293045c7c2ae6ddc",
    "studentId": "6935fe118382df6636dc2851",
    "schoolYearId": "692cabdf89fca919b378b62a",
    "level": "PS",
    "classId": "692cace989fca919b378b648",
    "templateId": "6935ace250527885e27f4c51",
    "data": {
      "student": {
        "_id": "6935fe118382df6636dc2851",
        "logicalKey": "now2_now2_2000-01-01",
        "firstName": "now2",
        "lastName": "now2",
        "dateOfBirth": "2000-01-01T00:00:00.000Z",
        "status": "active",
        "promotions": [],
        "__v": 0
      },
      "enrollment": {
        "_id": "6935fe118382df6636dc2855",
        "studentId": "6935fe118382df6636dc2851",
        "classId": "692cace989fca919b378b648",
        "schoolYearId": "692cabdf89fca919b378b62a",
        "status": "active",
        "promotionStatus": "pending",
        "__v": 0
      },
      "statuses": [],
      "assignment": {
        "_id": "693dd28b08687cb5c9c35996",
        "studentId": "6935fe118382df6636dc2851",
        "templateId": "6935ace250527885e27f4c51",
        "__v": 0,
        "assignedAt": "2025-12-14T10:40:21.047Z",
        "assignedBy": "6930bb7ce1d9875b43a0b096",
        "assignedTeachers": [
          "6937345bba6658cc2b66a553",
          "6929e1d1e358ca0ef47a3286",
          "6930b59cf7aca9a6156cd995"
        ],
        "data": {
          "signatures": [
            {
              "type": "standard",
              "signedAt": "2025-12-14T19:34:29.908Z",
              "subAdminId": "6929e1e1e358ca0ef47a328a",
              "schoolYearId": "692cabdf89fca919b378b62a",
              "schoolYearName": "2025/2026"
            },
            {
              "type": "end_of_year",
              "signedAt": "2025-12-14T19:36:18.584Z",
              "subAdminId": "6929e1e1e358ca0ef47a328a",
              "schoolYearId": "692cabdf89fca919b378b62a",
              "schoolYearName": "2025/2026"
            }
          ]
        },
        "isCompleted": true,
        "status": "signed",
        "teacherCompletions": [
          {
            "teacherId": "6930b59cf7aca9a6156cd995",
            "completed": true,
            "completedAt": "2025-12-14T19:33:23.421Z",
            "completedSem1": true,
            "completedAtSem1": "2025-12-14T19:33:23.421Z",
            "completedSem2": true,
            "completedAtSem2": "2025-12-14T19:36:08.419Z",
            "_id": "693f1103293045c7c2ae66b3"
          },
          {
            "teacherId": "6937345bba6658cc2b66a553",
            "completed": true,
            "completedAt": "2025-12-14T19:33:41.480Z",
            "completedSem1": true,
            "completedAtSem1": "2025-12-14T19:33:41.480Z",
            "completedSem2": true,
            "completedAtSem2": "2025-12-14T19:35:57.189Z",
            "_id": "693f1115293045c7c2ae673c"
          },
          {
            "teacherId": "6929e1d1e358ca0ef47a3286",
            "completed": true,
            "completedAt": "2025-12-14T19:33:47.913Z",
            "completedSem1": true,
            "completedAtSem1": "2025-12-14T19:33:47.913Z",
            "completedSem2": true,
            "completedAtSem2": "2025-12-14T19:35:48.260Z",
            "_id": "693f111b293045c7c2ae67c9"
          }
        ],
        "templateVersion": 8,
        "isCompletedSem1": true,
        "completedAt": "2025-12-14T19:33:47.913Z",
        "completedAtSem1": "2025-12-14T19:33:47.913Z",
        "completedBy": "6929e1d1e358ca0ef47a3286",
        "isCompletedSem2": true,
        "completedAtSem2": "2025-12-14T19:36:08.419Z"
      },
      "className": "PS A"
    },
    "createdAt": "2025-12-14T19:36:28.210Z",
    "__v": 0
  },
  {
    "_id": "693f1bb1bdff1bb15af0b6f8",
    "studentId": "6935fde08382df6636dc26c6",
    "schoolYearId": "692cabdf89fca919b378b62a",
    "level": "PS",
    "classId": "692cace989fca919b378b648",
    "templateId": "6935ace250527885e27f4c51",
    "data": {
      "student": {
        "_id": "6935fde08382df6636dc26c6",
        "logicalKey": "now_now_2000-01-01",
        "firstName": "now",
        "lastName": "now",
        "dateOfBirth": "2000-01-01T00:00:00.000Z",
        "status": "active",
        "promotions": [],
        "__v": 0
      },
      "enrollment": {
        "_id": "6935fde08382df6636dc26ca",
        "studentId": "6935fde08382df6636dc26c6",
        "classId": "692cace989fca919b378b648",
        "schoolYearId": "692cabdf89fca919b378b62a",
        "status": "active",
        "promotionStatus": "pending",
        "__v": 0
      },
      "statuses": [],
      "assignment": {
        "_id": "693dd28b08687cb5c9c35995",
        "templateId": "6935ace250527885e27f4c51",
        "studentId": "6935fde08382df6636dc26c6",
        "__v": 0,
        "assignedAt": "2025-12-14T10:40:21.046Z",
        "assignedBy": "6930bb7ce1d9875b43a0b096",
        "assignedTeachers": [
          "6937345bba6658cc2b66a553",
          "6929e1d1e358ca0ef47a3286",
          "6930b59cf7aca9a6156cd995"
        ],
        "data": {
          "table_19_row_2": [
            {
              "code": "lb",
              "label": "Lebanese",
              "emoji": "🇱🇧",
              "active": true
            },
            {
              "code": "fr",
              "label": "French",
              "emoji": "🇫🇷",
              "active": true
            },
            {
              "code": "en",
              "label": "English",
              "emoji": "🇬🇧",
              "active": true
            }
          ],
          "table_19_row_1": [
            {
              "code": "lb",
              "label": "Lebanese",
              "emoji": "🇱🇧",
              "active": true
            },
            {
              "code": "fr",
              "label": "French",
              "emoji": "🇫🇷",
              "active": true
            },
            {
              "code": "en",
              "label": "English",
              "emoji": "🇬🇧",
              "active": true
            }
          ],
          "table_19_row_0": [
            {
              "code": "lb",
              "label": "Lebanese",
              "emoji": "🇱🇧",
              "active": true
            },
            {
              "code": "fr",
              "label": "French",
              "emoji": "🇫🇷",
              "active": true
            },
            {
              "code": "en",
              "label": "English",
              "emoji": "🇬🇧",
              "active": true
            }
          ],
          "table_18_row_1": [
            {
              "code": "lb",
              "label": "Lebanese",
              "emoji": "🇱🇧",
              "active": true,
              "level": "MS"
            },
            {
              "code": "fr",
              "label": "French",
              "emoji": "🇫🇷",
              "active": true,
              "level": "MS"
            },
            {
              "code": "en",
              "label": "English",
              "emoji": "🇬🇧",
              "active": true,
              "level": "MS"
            }
          ],
          "signatures": [
            {
              "type": "standard",
              "signedAt": "2025-12-14T20:10:25.399Z",
              "subAdminId": "6929e1e1e358ca0ef47a328a",
              "schoolYearId": "692cabdf89fca919b378b62a",
              "schoolYearName": "2025/2026"
            },
            {
              "type": "end_of_year",
              "signedAt": "2025-12-14T20:18:48.612Z",
              "subAdminId": "6929e1e1e358ca0ef47a328a",
              "schoolYearId": "692cabdf89fca919b378b62a",
              "schoolYearName": "2025/2026"
            }
          ]
        },
        "isCompleted": true,
        "status": "signed",
        "teacherCompletions": [
          {
            "teacherId": "6929e1d1e358ca0ef47a3286",
            "completed": true,
            "completedAt": "2025-12-14T20:09:46.088Z",
            "completedSem1": true,
            "completedAtSem1": "2025-12-14T20:09:46.088Z",
            "completedSem2": true,
            "completedAtSem2": "2025-12-14T20:18:29.107Z",
            "_id": "693f198a35c9fd989420873b"
          },
          {
            "teacherId": "6937345bba6658cc2b66a553",
            "completed": true,
            "completedAt": "2025-12-14T20:09:54.726Z",
            "completedSem1": true,
            "completedAtSem1": "2025-12-14T20:09:54.726Z",
            "completedSem2": true,
            "completedAtSem2": "2025-12-14T20:18:34.635Z",
            "_id": "693f199235c9fd9894208827"
          },
          {
            "teacherId": "6930b59cf7aca9a6156cd995",
            "completed": true,
            "completedAt": "2025-12-14T20:10:04.604Z",
            "completedSem1": true,
            "completedAtSem1": "2025-12-14T20:10:04.604Z",
            "completedSem2": true,
            "completedAtSem2": "2025-12-14T20:18:41.161Z",
            "_id": "693f199c35c9fd9894208916"
          }
        ],
        "templateVersion": 8,
        "isCompletedSem1": true,
        "completedAt": "2025-12-14T20:10:04.604Z",
        "completedAtSem1": "2025-12-14T20:10:04.604Z",
        "completedBy": "6930b59cf7aca9a6156cd995",
        "isCompletedSem2": true,
        "completedAtSem2": "2025-12-14T20:18:41.161Z"
      },
      "className": "PS A"
    },
    "createdAt": "2025-12-14T20:18:57.989Z",
    "__v": 0
  },
  {
    "_id": "693f24c3c5433bb16e9515cb",
    "studentId": "693f245dc5433bb16e95106f",
    "schoolYearId": "692cabdf89fca919b378b62a",
    "level": "PS",
    "classId": "692cace989fca919b378b648",
    "templateId": "6935ace250527885e27f4c51",
    "data": {
      "student": {
        "_id": "693f245dc5433bb16e95106f",
        "logicalKey": "signme_signme_2000-01-01",
        "firstName": "signme",
        "lastName": "signme",
        "dateOfBirth": "2000-01-01T00:00:00.000Z",
        "status": "active",
        "promotions": [],
        "__v": 0
      },
      "enrollment": {
        "_id": "693f245dc5433bb16e951073",
        "studentId": "693f245dc5433bb16e95106f",
        "classId": "692cace989fca919b378b648",
        "schoolYearId": "692cabdf89fca919b378b62a",
        "status": "active",
        "promotionStatus": "pending",
        "__v": 0
      },
      "statuses": [],
      "assignment": {
        "_id": "693f245dc5433bb16e95107b",
        "templateId": "6935ace250527885e27f4c51",
        "templateVersion": 8,
        "studentId": "693f245dc5433bb16e95106f",
        "assignedTeachers": [
          "6937345bba6658cc2b66a553",
          "6929e1d1e358ca0ef47a3286",
          "6930b59cf7aca9a6156cd995"
        ],
        "status": "signed",
        "assignedAt": "2025-12-14T20:55:57.871Z",
        "assignedBy": "6930bb7ce1d9875b43a0b096",
        "isCompleted": true,
        "isCompletedSem1": true,
        "isCompletedSem2": true,
        "teacherCompletions": [
          {
            "teacherId": "6930b59cf7aca9a6156cd995",
            "completed": true,
            "completedAt": "2025-12-14T20:56:06.182Z",
            "completedSem1": true,
            "completedAtSem1": "2025-12-14T20:56:06.182Z",
            "completedSem2": true,
            "completedAtSem2": "2025-12-14T20:57:17.692Z",
            "_id": "693f2466c5433bb16e9510d0"
          },
          {
            "teacherId": "6937345bba6658cc2b66a553",
            "completed": true,
            "completedAt": "2025-12-14T20:56:11.267Z",
            "completedSem1": true,
            "completedAtSem1": "2025-12-14T20:56:11.267Z",
            "completedSem2": true,
            "completedAtSem2": "2025-12-14T20:57:11.955Z",
            "_id": "693f246bc5433bb16e95112b"
          },
          {
            "teacherId": "6929e1d1e358ca0ef47a3286",
            "completed": true,
            "completedAt": "2025-12-14T20:56:14.544Z",
            "completedSem1": true,
            "completedAtSem1": "2025-12-14T20:56:14.544Z",
            "completedSem2": true,
            "completedAtSem2": "2025-12-14T20:57:05.068Z",
            "_id": "693f246ec5433bb16e951186"
          }
        ],
        "__v": 0,
        "completedAt": "2025-12-14T20:56:14.544Z",
        "completedAtSem1": "2025-12-14T20:56:14.544Z",
        "completedBy": "6929e1d1e358ca0ef47a3286",
        "completedAtSem2": "2025-12-14T20:57:17.692Z",
        "data": {
          "signatures": [
            {
              "type": "end_of_year",
              "signedAt": "2025-12-14T20:57:28.823Z",
              "subAdminId": "6929e1e1e358ca0ef47a328a",
              "schoolYearId": "692cabdf89fca919b378b62a",
              "schoolYearName": "2025/2026"
            }
          ]
        }
      },
      "className": "PS A"
    },
    "createdAt": "2025-12-14T20:57:39.418Z",
    "__v": 0
  },
  {
    "_id": "693f2f5e570c5baf54910833",
    "studentId": "693f2ef8570c5baf549101d1",
    "schoolYearId": "692cabdf89fca919b378b62a",
    "level": "PS",
    "classId": "692cace989fca919b378b648",
    "templateId": "6935ace250527885e27f4c51",
    "data": {
      "student": {
        "_id": "693f2ef8570c5baf549101d1",
        "logicalKey": "newtry_newtry_2000-01-01",
        "firstName": "newtry",
        "lastName": "newtry",
        "dateOfBirth": "2000-01-01T00:00:00.000Z",
        "status": "active",
        "promotions": [],
        "__v": 0
      },
      "enrollment": {
        "_id": "693f2ef8570c5baf549101d5",
        "studentId": "693f2ef8570c5baf549101d1",
        "classId": "692cace989fca919b378b648",
        "schoolYearId": "692cabdf89fca919b378b62a",
        "status": "active",
        "promotionStatus": "pending",
        "__v": 0
      },
      "statuses": [],
      "assignment": {
        "_id": "693f2ef8570c5baf549101dd",
        "templateId": "6935ace250527885e27f4c51",
        "templateVersion": 8,
        "studentId": "693f2ef8570c5baf549101d1",
        "assignedTeachers": [
          "6937345bba6658cc2b66a553",
          "6929e1d1e358ca0ef47a3286",
          "6930b59cf7aca9a6156cd995"
        ],
        "status": "signed",
        "assignedAt": "2025-12-14T21:41:12.904Z",
        "assignedBy": "6930bb7ce1d9875b43a0b096",
        "isCompleted": true,
        "isCompletedSem1": true,
        "isCompletedSem2": true,
        "teacherCompletions": [
          {
            "teacherId": "6930b59cf7aca9a6156cd995",
            "completed": true,
            "completedAt": "2025-12-14T21:41:25.469Z",
            "completedSem1": true,
            "completedAtSem1": "2025-12-14T21:41:25.469Z",
            "completedSem2": true,
            "completedAtSem2": "2025-12-14T21:42:14.772Z",
            "_id": "693f2f05570c5baf5491036d"
          },
          {
            "teacherId": "6937345bba6658cc2b66a553",
            "completed": true,
            "completedAt": "2025-12-14T21:41:29.209Z",
            "completedSem1": true,
            "completedAtSem1": "2025-12-14T21:41:29.209Z",
            "completedSem2": true,
            "completedAtSem2": "2025-12-14T21:42:18.438Z",
            "_id": "693f2f09570c5baf549103ca"
          },
          {
            "teacherId": "6929e1d1e358ca0ef47a3286",
            "completed": true,
            "completedAt": "2025-12-14T21:41:33.191Z",
            "completedSem1": true,
            "completedAtSem1": "2025-12-14T21:41:33.191Z",
            "completedSem2": true,
            "completedAtSem2": "2025-12-14T21:42:22.370Z",
            "_id": "693f2f0d570c5baf54910428"
          }
        ],
        "__v": 0,
        "completedAt": "2025-12-14T21:41:33.191Z",
        "completedAtSem1": "2025-12-14T21:41:33.191Z",
        "completedBy": "6929e1d1e358ca0ef47a3286",
        "completedAtSem2": "2025-12-14T21:42:22.370Z",
        "data": {
          "signatures": [
            {
              "type": "end_of_year",
              "signedAt": "2025-12-14T21:42:47.735Z",
              "subAdminId": "6929e1e1e358ca0ef47a328a",
              "schoolYearId": "692cabdf89fca919b378b62a",
              "schoolYearName": "2025/2026"
            }
          ]
        }
      },
      "className": "PS A"
    },
    "createdAt": "2025-12-14T21:42:54.679Z",
    "__v": 0
  },
  {
    "_id": "693f329a800ec8ca4fa92099",
    "studentId": "693f3244800ec8ca4fa91a1b",
    "schoolYearId": "692cabdf89fca919b378b62a",
    "level": "PS",
    "classId": "692cace989fca919b378b648",
    "templateId": "6935ace250527885e27f4c51",
    "data": {
      "student": {
        "_id": "693f3244800ec8ca4fa91a1b",
        "logicalKey": "again_again_2000-01-01",
        "firstName": "again",
        "lastName": "again",
        "dateOfBirth": "2000-01-01T00:00:00.000Z",
        "status": "active",
        "promotions": [],
        "__v": 0
      },
      "enrollment": {
        "_id": "693f3244800ec8ca4fa91a1f",
        "studentId": "693f3244800ec8ca4fa91a1b",
        "classId": "692cace989fca919b378b648",
        "schoolYearId": "692cabdf89fca919b378b62a",
        "status": "active",
        "promotionStatus": "pending",
        "__v": 0
      },
      "statuses": [],
      "assignment": {
        "_id": "693f3244800ec8ca4fa91a27",
        "templateId": "6935ace250527885e27f4c51",
        "templateVersion": 8,
        "studentId": "693f3244800ec8ca4fa91a1b",
        "assignedTeachers": [
          "6937345bba6658cc2b66a553",
          "6929e1d1e358ca0ef47a3286",
          "6930b59cf7aca9a6156cd995"
        ],
        "status": "signed",
        "assignedAt": "2025-12-14T21:55:16.525Z",
        "assignedBy": "6930bb7ce1d9875b43a0b096",
        "isCompleted": true,
        "isCompletedSem1": true,
        "isCompletedSem2": true,
        "teacherCompletions": [
          {
            "teacherId": "6929e1d1e358ca0ef47a3286",
            "completed": true,
            "completedAt": "2025-12-14T21:55:24.476Z",
            "completedSem1": true,
            "completedAtSem1": "2025-12-14T21:55:24.476Z",
            "completedSem2": true,
            "completedAtSem2": "2025-12-14T21:56:15.041Z",
            "_id": "693f324c800ec8ca4fa91af4"
          },
          {
            "teacherId": "6937345bba6658cc2b66a553",
            "completed": true,
            "completedAt": "2025-12-14T21:55:30.065Z",
            "completedSem1": true,
            "completedAtSem1": "2025-12-14T21:55:30.065Z",
            "completedSem2": true,
            "completedAtSem2": "2025-12-14T21:56:21.105Z",
            "_id": "693f3252800ec8ca4fa91bb7"
          },
          {
            "teacherId": "6930b59cf7aca9a6156cd995",
            "completed": true,
            "completedAt": "2025-12-14T21:55:35.449Z",
            "completedSem1": true,
            "completedAtSem1": "2025-12-14T21:55:35.449Z",
            "completedSem2": true,
            "completedAtSem2": "2025-12-14T21:56:26.207Z",
            "_id": "693f3257800ec8ca4fa91c7e"
          }
        ],
        "__v": 0,
        "completedAt": "2025-12-14T21:55:35.449Z",
        "completedAtSem1": "2025-12-14T21:55:35.449Z",
        "completedBy": "6930b59cf7aca9a6156cd995",
        "completedAtSem2": "2025-12-14T21:56:26.207Z",
        "data": {
          "signatures": [
            {
              "type": "end_of_year",
              "signedAt": "2025-12-14T21:56:37.172Z",
              "subAdminId": "6929e1e1e358ca0ef47a328a",
              "schoolYearId": "692cabdf89fca919b378b62a",
              "schoolYearName": "2025/2026"
            }
          ]
        }
      },
      "className": "PS A"
    },
    "createdAt": "2025-12-14T21:56:42.328Z",
    "__v": 0
  },
  {
    "_id": "693f35a25a4eddbac1fb92db",
    "studentId": "693f35395a4eddbac1fb8c26",
    "schoolYearId": "692cabdf89fca919b378b62a",
    "level": "PS",
    "classId": "692cace989fca919b378b648",
    "templateId": "6935ace250527885e27f4c51",
    "data": {
      "student": {
        "_id": "693f35395a4eddbac1fb8c26",
        "logicalKey": "open_open_2000-01-01",
        "firstName": "open",
        "lastName": "open",
        "dateOfBirth": "2000-01-01T00:00:00.000Z",
        "status": "active",
        "promotions": [],
        "__v": 0
      },
      "enrollment": {
        "_id": "693f35395a4eddbac1fb8c2a",
        "studentId": "693f35395a4eddbac1fb8c26",
        "classId": "692cace989fca919b378b648",
        "schoolYearId": "692cabdf89fca919b378b62a",
        "status": "active",
        "promotionStatus": "pending",
        "__v": 0
      },
      "statuses": [],
      "assignment": {
        "_id": "693f35395a4eddbac1fb8c32",
        "templateId": "6935ace250527885e27f4c51",
        "templateVersion": 8,
        "studentId": "693f35395a4eddbac1fb8c26",
        "assignedTeachers": [
          "6937345bba6658cc2b66a553",
          "6929e1d1e358ca0ef47a3286",
          "6930b59cf7aca9a6156cd995"
        ],
        "status": "signed",
        "assignedAt": "2025-12-14T22:07:53.311Z",
        "assignedBy": "6930bb7ce1d9875b43a0b096",
        "isCompleted": true,
        "isCompletedSem1": true,
        "isCompletedSem2": true,
        "teacherCompletions": [
          {
            "teacherId": "6929e1d1e358ca0ef47a3286",
            "completed": true,
            "completedAt": "2025-12-14T22:08:01.149Z",
            "completedSem1": true,
            "completedAtSem1": "2025-12-14T22:08:01.149Z",
            "completedSem2": true,
            "completedAtSem2": "2025-12-14T22:08:46.857Z",
            "_id": "693f35415a4eddbac1fb8d05"
          },
          {
            "teacherId": "6937345bba6658cc2b66a553",
            "completed": true,
            "completedAt": "2025-12-14T22:08:05.604Z",
            "completedSem1": true,
            "completedAtSem1": "2025-12-14T22:08:05.604Z",
            "completedSem2": true,
            "completedAtSem2": "2025-12-14T22:08:51.730Z",
            "_id": "693f35455a4eddbac1fb8dcb"
          },
          {
            "teacherId": "6930b59cf7aca9a6156cd995",
            "completed": true,
            "completedAt": "2025-12-14T22:08:13.685Z",
            "completedSem1": true,
            "completedAtSem1": "2025-12-14T22:08:13.685Z",
            "completedSem2": true,
            "completedAtSem2": "2025-12-14T22:08:57.222Z",
            "_id": "693f354d5a4eddbac1fb8e96"
          }
        ],
        "__v": 0,
        "completedAt": "2025-12-14T22:08:13.685Z",
        "completedAtSem1": "2025-12-14T22:08:13.685Z",
        "completedBy": "6930b59cf7aca9a6156cd995",
        "completedAtSem2": "2025-12-14T22:08:57.222Z",
        "data": {
          "signatures": [
            {
              "type": "end_of_year",
              "signedAt": "2025-12-14T22:09:05.361Z",
              "subAdminId": "6929e1e1e358ca0ef47a328a",
              "schoolYearId": "692cabdf89fca919b378b62a",
              "schoolYearName": "2025/2026"
            }
          ]
        }
      },
      "className": "PS A"
    },
    "createdAt": "2025-12-14T22:09:38.413Z",
    "__v": 0
  },
  {
    "_id": "693f3af8124d6d2322f26067",
    "studentId": "693f3a85124d6d2322f259ab",
    "schoolYearId": "692cabdf89fca919b378b62a",
    "level": "PS",
    "classId": "692cace989fca919b378b648",
    "templateId": "6935ace250527885e27f4c51",
    "data": {
      "student": {
        "_id": "693f3a85124d6d2322f259ab",
        "logicalKey": "before_before_2000-01-01",
        "firstName": "before",
        "lastName": "before",
        "dateOfBirth": "2000-01-01T00:00:00.000Z",
        "status": "active",
        "promotions": [],
        "__v": 0
      },
      "enrollment": {
        "_id": "693f3a85124d6d2322f259af",
        "studentId": "693f3a85124d6d2322f259ab",
        "classId": "692cace989fca919b378b648",
        "schoolYearId": "692cabdf89fca919b378b62a",
        "status": "active",
        "promotionStatus": "pending",
        "__v": 0
      },
      "statuses": [],
      "assignment": {
        "_id": "693f3a85124d6d2322f259b7",
        "templateId": "6935ace250527885e27f4c51",
        "templateVersion": 8,
        "studentId": "693f3a85124d6d2322f259ab",
        "assignedTeachers": [
          "6937345bba6658cc2b66a553",
          "6929e1d1e358ca0ef47a3286",
          "6930b59cf7aca9a6156cd995"
        ],
        "status": "signed",
        "assignedAt": "2025-12-14T22:30:29.165Z",
        "assignedBy": "6930bb7ce1d9875b43a0b096",
        "isCompleted": true,
        "isCompletedSem1": true,
        "isCompletedSem2": true,
        "teacherCompletions": [
          {
            "teacherId": "6929e1d1e358ca0ef47a3286",
            "completed": true,
            "completedAt": "2025-12-14T22:30:35.982Z",
            "completedSem1": true,
            "completedAtSem1": "2025-12-14T22:30:35.982Z",
            "completedSem2": true,
            "completedAtSem2": "2025-12-14T22:31:44.160Z",
            "_id": "693f3a8b124d6d2322f25a8c"
          },
          {
            "teacherId": "6937345bba6658cc2b66a553",
            "completed": true,
            "completedAt": "2025-12-14T22:30:45.999Z",
            "completedSem1": true,
            "completedAtSem1": "2025-12-14T22:30:45.999Z",
            "completedSem2": true,
            "completedAtSem2": "2025-12-14T22:31:49.485Z",
            "_id": "693f3a96124d6d2322f25b56"
          },
          {
            "teacherId": "6930b59cf7aca9a6156cd995",
            "completed": true,
            "completedAt": "2025-12-14T22:30:52.467Z",
            "completedSem1": true,
            "completedAtSem1": "2025-12-14T22:30:52.467Z",
            "completedSem2": true,
            "completedAtSem2": "2025-12-14T22:31:54.444Z",
            "_id": "693f3a9c124d6d2322f25c25"
          }
        ],
        "__v": 0,
        "completedAt": "2025-12-14T22:30:52.467Z",
        "completedAtSem1": "2025-12-14T22:30:52.467Z",
        "completedBy": "6930b59cf7aca9a6156cd995",
        "completedAtSem2": "2025-12-14T22:31:54.444Z",
        "data": {
          "signatures": [
            {
              "type": "end_of_year",
              "signedAt": "2025-12-14T22:32:01.124Z",
              "subAdminId": "6929e1e1e358ca0ef47a328a",
              "schoolYearId": "692cabdf89fca919b378b62a",
              "schoolYearName": "2025/2026"
            }
          ]
        }
      },
      "className": "PS A"
    },
    "createdAt": "2025-12-14T22:32:24.410Z",
    "__v": 0
  },
  {
    "_id": "693f4844b16d339bd625aeca",
    "studentId": "693f47f2b16d339bd625a7f2",
    "schoolYearId": "692cabdf89fca919b378b62a",
    "level": "PS",
    "classId": "692cace989fca919b378b648",
    "templateId": "6935ace250527885e27f4c51",
    "data": {
      "student": {
        "_id": "693f47f2b16d339bd625a7f2",
        "logicalKey": "cur_cur_2000-01-01",
        "firstName": "cur",
        "lastName": "cur",
        "dateOfBirth": "2000-01-01T00:00:00.000Z",
        "status": "active",
        "promotions": [],
        "__v": 0
      },
      "enrollment": {
        "_id": "693f47f2b16d339bd625a7f6",
        "studentId": "693f47f2b16d339bd625a7f2",
        "classId": "692cace989fca919b378b648",
        "schoolYearId": "692cabdf89fca919b378b62a",
        "status": "active",
        "promotionStatus": "pending",
        "__v": 0
      },
      "statuses": [],
      "assignment": {
        "_id": "693f47f2b16d339bd625a7fe",
        "templateId": "6935ace250527885e27f4c51",
        "templateVersion": 8,
        "studentId": "693f47f2b16d339bd625a7f2",
        "assignedTeachers": [
          "6937345bba6658cc2b66a553",
          "6929e1d1e358ca0ef47a3286",
          "6930b59cf7aca9a6156cd995"
        ],
        "status": "signed",
        "assignedAt": "2025-12-14T23:27:46.579Z",
        "assignedBy": "6930bb7ce1d9875b43a0b096",
        "isCompleted": true,
        "isCompletedSem1": true,
        "isCompletedSem2": true,
        "teacherCompletions": [
          {
            "teacherId": "6929e1d1e358ca0ef47a3286",
            "completed": true,
            "completedAt": "2025-12-14T23:27:54.608Z",
            "completedSem1": true,
            "completedAtSem1": "2025-12-14T23:27:54.608Z",
            "completedSem2": true,
            "completedAtSem2": "2025-12-14T23:28:43.225Z",
            "_id": "693f47fab16d339bd625a8d7"
          },
          {
            "teacherId": "6937345bba6658cc2b66a553",
            "completed": true,
            "completedAt": "2025-12-14T23:27:59.828Z",
            "completedSem1": true,
            "completedAtSem1": "2025-12-14T23:27:59.828Z",
            "completedSem2": true,
            "completedAtSem2": "2025-12-14T23:28:48.453Z",
            "_id": "693f47ffb16d339bd625a9a5"
          },
          {
            "teacherId": "6930b59cf7aca9a6156cd995",
            "completed": true,
            "completedAt": "2025-12-14T23:28:05.755Z",
            "completedSem1": true,
            "completedAtSem1": "2025-12-14T23:28:05.755Z",
            "completedSem2": true,
            "completedAtSem2": "2025-12-14T23:28:53.438Z",
            "_id": "693f4805b16d339bd625aa79"
          }
        ],
        "__v": 0,
        "completedAt": "2025-12-14T23:28:05.755Z",
        "completedAtSem1": "2025-12-14T23:28:05.755Z",
        "completedBy": "6930b59cf7aca9a6156cd995",
        "completedAtSem2": "2025-12-14T23:28:53.438Z",
        "data": {
          "signatures": [
            {
              "type": "end_of_year",
              "signedAt": "2025-12-14T23:29:01.954Z",
              "subAdminId": "6929e1e1e358ca0ef47a328a",
              "schoolYearId": "692cabdf89fca919b378b62a",
              "schoolYearName": "2025/2026",
              "level": "PS"
            }
          ]
        }
      },
      "className": "PS A"
    },
    "createdAt": "2025-12-14T23:29:08.214Z",
    "__v": 0
  },
  {
    "_id": "693f4ca45023ac09f471cb94",
    "studentId": "693f4c635023ac09f471c4ac",
    "schoolYearId": "692cabdf89fca919b378b62a",
    "level": "PS",
    "classId": "692cace989fca919b378b648",
    "templateId": "6935ace250527885e27f4c51",
    "data": {
      "student": {
        "_id": "693f4c635023ac09f471c4ac",
        "logicalKey": "trai_trai_2000-01-01",
        "firstName": "trai",
        "lastName": "trai",
        "dateOfBirth": "2000-01-01T00:00:00.000Z",
        "status": "active",
        "promotions": [],
        "__v": 0
      },
      "enrollment": {
        "_id": "693f4c635023ac09f471c4b0",
        "studentId": "693f4c635023ac09f471c4ac",
        "classId": "692cace989fca919b378b648",
        "schoolYearId": "692cabdf89fca919b378b62a",
        "status": "active",
        "promotionStatus": "pending",
        "__v": 0
      },
      "statuses": [],
      "assignment": {
        "_id": "693f4c635023ac09f471c4b8",
        "templateId": "6935ace250527885e27f4c51",
        "templateVersion": 8,
        "studentId": "693f4c635023ac09f471c4ac",
        "assignedTeachers": [
          "6937345bba6658cc2b66a553",
          "6929e1d1e358ca0ef47a3286",
          "6930b59cf7aca9a6156cd995"
        ],
        "status": "signed",
        "assignedAt": "2025-12-14T23:46:43.733Z",
        "assignedBy": "6930bb7ce1d9875b43a0b096",
        "isCompleted": true,
        "isCompletedSem1": true,
        "isCompletedSem2": true,
        "teacherCompletions": [
          {
            "teacherId": "6929e1d1e358ca0ef47a3286",
            "completed": true,
            "completedAt": "2025-12-14T23:46:51.236Z",
            "completedSem1": true,
            "completedAtSem1": "2025-12-14T23:46:51.236Z",
            "completedSem2": true,
            "completedAtSem2": "2025-12-14T23:47:30.521Z",
            "_id": "693f4c6b5023ac09f471c595"
          },
          {
            "teacherId": "6937345bba6658cc2b66a553",
            "completed": true,
            "completedAt": "2025-12-14T23:46:56.634Z",
            "completedSem1": true,
            "completedAtSem1": "2025-12-14T23:46:56.634Z",
            "completedSem2": true,
            "completedAtSem2": "2025-12-14T23:47:34.633Z",
            "_id": "693f4c705023ac09f471c667"
          },
          {
            "teacherId": "6930b59cf7aca9a6156cd995",
            "completed": true,
            "completedAt": "2025-12-14T23:47:01.349Z",
            "completedSem1": true,
            "completedAtSem1": "2025-12-14T23:47:01.349Z",
            "completedSem2": true,
            "completedAtSem2": "2025-12-14T23:47:40.377Z",
            "_id": "693f4c755023ac09f471c73e"
          }
        ],
        "__v": 0,
        "completedAt": "2025-12-14T23:47:01.349Z",
        "completedAtSem1": "2025-12-14T23:47:01.349Z",
        "completedBy": "6930b59cf7aca9a6156cd995",
        "completedAtSem2": "2025-12-14T23:47:40.377Z",
        "data": {
          "signatures": [
            {
              "type": "end_of_year",
              "signedAt": "2025-12-14T23:47:46.596Z",
              "subAdminId": "6929e1e1e358ca0ef47a328a",
              "schoolYearId": "692cabdf89fca919b378b62a",
              "schoolYearName": "2025/2026"
            }
          ]
        }
      },
      "className": "PS A"
    },
    "createdAt": "2025-12-14T23:47:48.547Z",
    "__v": 0
  },
  {
    "_id": "693f53293766d2c0e51bb69d",
    "studentId": "693f52d93766d2c0e51baf94",
    "schoolYearId": "692cabdf89fca919b378b62a",
    "level": "PS",
    "classId": "692cace989fca919b378b648",
    "templateId": "6935ace250527885e27f4c51",
    "data": {
      "student": {
        "_id": "693f52d93766d2c0e51baf94",
        "logicalKey": "aaa_aaa_2000-01-01",
        "firstName": "aaa",
        "lastName": "aaa",
        "dateOfBirth": "2000-01-01T00:00:00.000Z",
        "status": "active",
        "promotions": [],
        "__v": 0
      },
      "enrollment": {
        "_id": "693f52d93766d2c0e51baf98",
        "studentId": "693f52d93766d2c0e51baf94",
        "classId": "692cace989fca919b378b648",
        "schoolYearId": "692cabdf89fca919b378b62a",
        "status": "active",
        "promotionStatus": "pending",
        "__v": 0
      },
      "statuses": [],
      "assignment": {
        "_id": "693f52d93766d2c0e51bafa0",
        "templateId": "6935ace250527885e27f4c51",
        "templateVersion": 8,
        "studentId": "693f52d93766d2c0e51baf94",
        "assignedTeachers": [
          "6937345bba6658cc2b66a553",
          "6929e1d1e358ca0ef47a3286",
          "6930b59cf7aca9a6156cd995"
        ],
        "status": "signed",
        "assignedAt": "2025-12-15T00:14:17.915Z",
        "assignedBy": "6930bb7ce1d9875b43a0b096",
        "isCompleted": true,
        "isCompletedSem1": true,
        "isCompletedSem2": true,
        "teacherCompletions": [
          {
            "teacherId": "6929e1d1e358ca0ef47a3286",
            "completed": true,
            "completedAt": "2025-12-15T00:14:26.102Z",
            "completedSem1": true,
            "completedAtSem1": "2025-12-15T00:14:26.102Z",
            "completedSem2": true,
            "completedAtSem2": "2025-12-15T00:15:17.650Z",
            "_id": "693f52e23766d2c0e51bb081"
          },
          {
            "teacherId": "6937345bba6658cc2b66a553",
            "completed": true,
            "completedAt": "2025-12-15T00:14:31.335Z",
            "completedSem1": true,
            "completedAtSem1": "2025-12-15T00:14:31.335Z",
            "completedSem2": true,
            "completedAtSem2": "2025-12-15T00:15:23.105Z",
            "_id": "693f52e73766d2c0e51bb157"
          },
          {
            "teacherId": "6930b59cf7aca9a6156cd995",
            "completed": true,
            "completedAt": "2025-12-15T00:14:38.588Z",
            "completedSem1": true,
            "completedAtSem1": "2025-12-15T00:14:38.588Z",
            "completedSem2": true,
            "completedAtSem2": "2025-12-15T00:15:29.982Z",
            "_id": "693f52ee3766d2c0e51bb233"
          }
        ],
        "__v": 0,
        "completedAt": "2025-12-15T00:14:38.588Z",
        "completedAtSem1": "2025-12-15T00:14:38.588Z",
        "completedBy": "6930b59cf7aca9a6156cd995",
        "completedAtSem2": "2025-12-15T00:15:29.982Z",
        "data": {
          "signatures": [
            {
              "type": "end_of_year",
              "signedAt": "2025-12-15T00:15:35.178Z",
              "subAdminId": "6929e1e1e358ca0ef47a328a",
              "level": null,
              "schoolYearId": "692cabdf89fca919b378b62a",
              "schoolYearName": "2025/2026"
            }
          ]
        }
      },
      "className": "PS A"
    },
    "createdAt": "2025-12-15T00:15:37.649Z",
    "__v": 0
  },
  {
    "_id": "6941acd4a5fffce5b830579e",
    "studentId": "6941a739ec9491d30bcf4044",
    "schoolYearId": "692cabdf89fca919b378b62a",
    "level": "PS",
    "classId": "692cace989fca919b378b648",
    "templateId": "6935ace250527885e27f4c51",
    "data": {
      "student": {
        "_id": "6941a739ec9491d30bcf4044",
        "logicalKey": "after5.2_after5.2_2000-01-01",
        "firstName": "after5.2",
        "lastName": "after5.2",
        "dateOfBirth": "2000-01-01T00:00:00.000Z",
        "status": "active",
        "promotions": [],
        "__v": 0
      },
      "enrollment": {
        "_id": "6941a739ec9491d30bcf4048",
        "studentId": "6941a739ec9491d30bcf4044",
        "classId": "692cace989fca919b378b648",
        "schoolYearId": "692cabdf89fca919b378b62a",
        "status": "active",
        "promotionStatus": "pending",
        "__v": 0
      },
      "statuses": [],
      "assignment": {
        "_id": "6941a739ec9491d30bcf4051",
        "templateId": "6935ace250527885e27f4c51",
        "templateVersion": 10,
        "studentId": "6941a739ec9491d30bcf4044",
        "assignedTeachers": [
          "6937345bba6658cc2b66a553",
          "6929e1d1e358ca0ef47a3286",
          "6930b59cf7aca9a6156cd995"
        ],
        "status": "signed",
        "assignedAt": "2025-12-16T18:38:49.855Z",
        "assignedBy": "6930bb7ce1d9875b43a0b096",
        "isCompleted": true,
        "isCompletedSem1": true,
        "isCompletedSem2": true,
        "teacherCompletions": [
          {
            "teacherId": "6930b59cf7aca9a6156cd995",
            "completed": true,
            "completedAt": "2025-12-16T19:00:27.753Z",
            "completedSem1": true,
            "completedAtSem1": "2025-12-16T19:00:27.753Z",
            "completedSem2": true,
            "completedAtSem2": "2025-12-16T19:02:19.348Z",
            "_id": "6941ac4ba5fffce5b830535d"
          },
          {
            "teacherId": "6937345bba6658cc2b66a553",
            "completed": true,
            "completedAt": "2025-12-16T19:00:31.288Z",
            "completedSem1": true,
            "completedAtSem1": "2025-12-16T19:00:31.288Z",
            "completedSem2": true,
            "completedAtSem2": "2025-12-16T19:02:04.861Z",
            "_id": "6941ac4fa5fffce5b830536a"
          },
          {
            "teacherId": "6929e1d1e358ca0ef47a3286",
            "completed": true,
            "completedAt": "2025-12-16T19:00:34.638Z",
            "completedSem1": true,
            "completedAtSem1": "2025-12-16T19:00:34.638Z",
            "completedSem2": true,
            "completedAtSem2": "2025-12-16T19:01:48.073Z",
            "_id": "6941ac52a5fffce5b8305378"
          }
        ],
        "__v": 0,
        "data": {
          "table_2_16_row_2": [
            {
              "code": "lb",
              "label": "Lebanese",
              "emoji": "🇱🇧",
              "active": false
            },
            {
              "code": "fr",
              "label": "French",
              "emoji": "🇫🇷",
              "active": false
            },
            {
              "code": "en",
              "label": "English",
              "emoji": "🇬🇧",
              "active": false
            }
          ],
          "table_2_16_row_1": [
            {
              "code": "lb",
              "label": "Lebanese",
              "emoji": "🇱🇧",
              "active": false
            },
            {
              "code": "fr",
              "label": "French",
              "emoji": "🇫🇷",
              "active": false
            },
            {
              "code": "en",
              "label": "English",
              "emoji": "🇬🇧",
              "active": false
            }
          ],
          "table_2_16_row_0": [
            {
              "code": "lb",
              "label": "Lebanese",
              "emoji": "🇱🇧",
              "active": true,
              "level": "PS"
            },
            {
              "code": "fr",
              "label": "French",
              "emoji": "🇫🇷",
              "active": true,
              "level": "PS"
            },
            {
              "code": "en",
              "label": "English",
              "emoji": "🇬🇧",
              "active": true,
              "level": "PS"
            }
          ],
          "table_2_19_row_2": [
            {
              "code": "lb",
              "label": "Lebanese",
              "emoji": "🇱🇧",
              "active": false
            },
            {
              "code": "fr",
              "label": "French",
              "emoji": "🇫🇷",
              "active": false
            },
            {
              "code": "en",
              "label": "English",
              "emoji": "🇬🇧",
              "active": false
            },
            {
              "code": "en",
              "label": "English",
              "emoji": "🇬🇧",
              "active": false
            },
            {
              "code": "lb",
              "label": "Lebanese",
              "emoji": "🇱🇧",
              "active": false
            },
            {
              "code": "ar",
              "label": "العربية",
              "emoji": "🇱🇧",
              "active": false
            }
          ],
          "signatures": [
            {
              "type": "standard",
              "signedAt": "2025-12-16T19:00:51.141Z",
              "subAdminId": "6929e1e1e358ca0ef47a328a",
              "schoolYearId": "692cabdf89fca919b378b62a",
              "schoolYearName": "2025/2026",
              "level": "PS"
            },
            {
              "type": "end_of_year",
              "signedAt": "2025-12-16T19:02:36.951Z",
              "subAdminId": "6929e1e1e358ca0ef47a328a",
              "schoolYearId": "692cabdf89fca919b378b62a",
              "schoolYearName": "2025/2026",
              "level": "PS"
            }
          ]
        },
        "completedAt": "2025-12-16T19:00:34.638Z",
        "completedAtSem1": "2025-12-16T19:00:34.638Z",
        "completedBy": "6929e1d1e358ca0ef47a3286",
        "completedAtSem2": "2025-12-16T19:02:19.348Z"
      },
      "className": "PS A"
    },
    "createdAt": "2025-12-16T19:02:44.996Z",
    "__v": 0
  },
  {
    "_id": "6941adc3a5fffce5b8305d8f",
    "studentId": "6941a739ec9491d30bcf4044",
    "schoolYearId": "692cabe589fca919b378b632",
    "level": "MS",
    "classId": "69334ed9c193954c69148ffc",
    "templateId": "6935ace250527885e27f4c51",
    "data": {
      "student": {
        "_id": "6941a739ec9491d30bcf4044",
        "logicalKey": "after5.2_after5.2_2000-01-01",
        "firstName": "after5.2",
        "lastName": "after5.2",
        "dateOfBirth": "2000-01-01T00:00:00.000Z",
        "status": "active",
        "promotions": [
          {
            "schoolYearId": "692cabdf89fca919b378b62a",
            "date": "2025-12-16T19:02:44.999Z",
            "fromLevel": "PS",
            "toLevel": "MS",
            "promotedBy": "6929e1e1e358ca0ef47a328a",
            "_id": "6941acd4a5fffce5b83057a3"
          }
        ],
        "__v": 1,
        "nextLevel": "MS"
      },
      "enrollment": {
        "_id": "6941acd4a5fffce5b83057a1",
        "studentId": "6941a739ec9491d30bcf4044",
        "schoolYearId": "692cabe589fca919b378b632",
        "status": "active",
        "promotionStatus": "pending",
        "__v": 0,
        "classId": "69334ed9c193954c69148ffc"
      },
      "statuses": [],
      "assignment": {
        "_id": "6941a739ec9491d30bcf4051",
        "templateId": "6935ace250527885e27f4c51",
        "templateVersion": 10,
        "studentId": "6941a739ec9491d30bcf4044",
        "assignedTeachers": [
          "6929e1d1e358ca0ef47a3286",
          "6937345bba6658cc2b66a553",
          "6930b59cf7aca9a6156cd995"
        ],
        "status": "signed",
        "assignedAt": "2025-12-16T18:38:49.855Z",
        "assignedBy": "6930bb7ce1d9875b43a0b096",
        "isCompleted": true,
        "isCompletedSem1": true,
        "isCompletedSem2": true,
        "teacherCompletions": [
          {
            "teacherId": "6929e1d1e358ca0ef47a3286",
            "completed": true,
            "completedAt": "2025-12-16T19:03:50.722Z",
            "completedSem1": true,
            "completedAtSem1": "2025-12-16T19:03:50.722Z",
            "completedSem2": true,
            "completedAtSem2": "2025-12-16T19:05:30.668Z",
            "_id": "6941ad16a5fffce5b83058e6"
          },
          {
            "teacherId": "6937345bba6658cc2b66a553",
            "completed": true,
            "completedAt": "2025-12-16T19:04:03.136Z",
            "completedSem1": true,
            "completedAtSem1": "2025-12-16T19:04:03.136Z",
            "completedSem2": true,
            "completedAtSem2": "2025-12-16T19:05:43.814Z",
            "_id": "6941ad23a5fffce5b8305968"
          },
          {
            "teacherId": "6930b59cf7aca9a6156cd995",
            "completed": true,
            "completedAt": "2025-12-16T19:04:19.581Z",
            "completedSem1": true,
            "completedAtSem1": "2025-12-16T19:04:19.581Z",
            "completedSem2": true,
            "completedAtSem2": "2025-12-16T19:05:55.367Z",
            "_id": "6941ad33a5fffce5b83059ef"
          }
        ],
        "__v": 0,
        "data": {
          "table_2_16_row_2": [
            {
              "code": "lb",
              "label": "Lebanese",
              "emoji": "🇱🇧",
              "active": false
            },
            {
              "code": "fr",
              "label": "French",
              "emoji": "🇫🇷",
              "active": false
            },
            {
              "code": "en",
              "label": "English",
              "emoji": "🇬🇧",
              "active": false
            }
          ],
          "table_2_16_row_1": [
            {
              "code": "lb",
              "label": "Lebanese",
              "emoji": "🇱🇧",
              "active": true,
              "level": "MS"
            },
            {
              "code": "fr",
              "label": "French",
              "emoji": "🇫🇷",
              "active": true,
              "level": "MS"
            },
            {
              "code": "en",
              "label": "English",
              "emoji": "🇬🇧",
              "active": true,
              "level": "MS"
            }
          ],
          "table_2_16_row_0": [
            {
              "code": "lb",
              "label": "Lebanese",
              "emoji": "🇱🇧",
              "active": true,
              "level": "PS"
            },
            {
              "code": "fr",
              "label": "French",
              "emoji": "🇫🇷",
              "active": true,
              "level": "PS"
            },
            {
              "code": "en",
              "label": "English",
              "emoji": "🇬🇧",
              "active": true,
              "level": "PS"
            }
          ],
          "table_2_19_row_2": [
            {
              "code": "lb",
              "label": "Lebanese",
              "emoji": "🇱🇧",
              "active": false
            },
            {
              "code": "fr",
              "label": "French",
              "emoji": "🇫🇷",
              "active": false
            },
            {
              "code": "en",
              "label": "English",
              "emoji": "🇬🇧",
              "active": false
            },
            {
              "code": "en",
              "label": "English",
              "emoji": "🇬🇧",
              "active": false
            },
            {
              "code": "lb",
              "label": "Lebanese",
              "emoji": "🇱🇧",
              "active": false
            },
            {
              "code": "ar",
              "label": "العربية",
              "emoji": "🇱🇧",
              "active": false
            }
          ],
          "signatures": [
            {
              "type": "standard",
              "signedAt": "2025-12-16T19:00:51.141Z",
              "subAdminId": "6929e1e1e358ca0ef47a328a",
              "schoolYearId": "692cabdf89fca919b378b62a",
              "schoolYearName": "2025/2026",
              "level": "PS"
            },
            {
              "type": "end_of_year",
              "signedAt": "2025-12-16T19:02:36.951Z",
              "subAdminId": "6929e1e1e358ca0ef47a328a",
              "schoolYearId": "692cabdf89fca919b378b62a",
              "schoolYearName": "2025/2026",
              "level": "PS"
            },
            {
              "type": "standard",
              "signedAt": "2025-12-16T19:04:38.853Z",
              "subAdminId": "6929e1e1e358ca0ef47a328a",
              "schoolYearId": "692cabe589fca919b378b632",
              "schoolYearName": "2026/2027",
              "level": "MS"
            },
            {
              "type": "end_of_year",
              "signedAt": "2025-12-16T19:06:14.390Z",
              "subAdminId": "6929e1e1e358ca0ef47a328a",
              "schoolYearId": "692cabe589fca919b378b632",
              "schoolYearName": "2026/2027",
              "level": "MS"
            }
          ],
          "promotions": [
            {
              "from": "PS",
              "to": "MS",
              "date": "2025-12-16T19:02:45.002Z",
              "year": "2025/2026",
              "class": "PS A",
              "by": "6929e1e1e358ca0ef47a328a"
            }
          ]
        },
        "completedAt": "2025-12-16T19:04:19.581Z",
        "completedAtSem1": "2025-12-16T19:04:19.581Z",
        "completedBy": "6930b59cf7aca9a6156cd995",
        "completedAtSem2": "2025-12-16T19:05:55.367Z"
      },
      "className": "MS A"
    },
    "createdAt": "2025-12-16T19:06:43.119Z",
    "__v": 0
  },
  {
    "_id": "6941eaf87e4ffabf7be2e6bb",
    "studentId": "6930c295a242336b2697c03b",
    "schoolYearId": "692cabdf89fca919b378b62a",
    "level": "MS",
    "classId": "692cacec89fca919b378b657",
    "templateId": "6935ace250527885e27f4c51",
    "data": {
      "student": {
        "_id": "6930c295a242336b2697c03b",
        "logicalKey": "patrick_patt_2020-01-01",
        "firstName": "patrick",
        "lastName": "patt",
        "dateOfBirth": "2020-01-01T00:00:00.000Z",
        "status": "active",
        "promotions": [],
        "__v": 0
      },
      "enrollment": {
        "_id": "6930c295a242336b2697c03f",
        "studentId": "6930c295a242336b2697c03b",
        "classId": "692cacec89fca919b378b657",
        "schoolYearId": "692cabdf89fca919b378b62a",
        "status": "active",
        "promotionStatus": "pending",
        "__v": 0
      },
      "statuses": [],
      "assignment": {
        "_id": "693e941708687cb5c9c359a0",
        "templateId": "6935ace250527885e27f4c51",
        "studentId": "6930c295a242336b2697c03b",
        "__v": 0,
        "assignedAt": "2025-12-14T10:40:23.831Z",
        "assignedBy": "6930bb7ce1d9875b43a0b096",
        "assignedTeachers": [
          "6937345bba6658cc2b66a553",
          "6929e1d1e358ca0ef47a3286",
          "6930b59cf7aca9a6156cd995"
        ],
        "data": {
          "table_2_16_row_1": [
            {
              "code": "lb",
              "label": "Lebanese",
              "emoji": "🇱🇧",
              "active": true,
              "level": "MS"
            },
            {
              "code": "fr",
              "label": "French",
              "emoji": "🇫🇷",
              "active": true,
              "level": "MS"
            },
            {
              "code": "en",
              "label": "English",
              "emoji": "🇬🇧",
              "active": true,
              "level": "MS"
            }
          ],
          "signatures": [
            {
              "type": "standard",
              "signedAt": "2025-12-16T23:26:46.741Z",
              "subAdminId": "6929e1e1e358ca0ef47a328a",
              "schoolYearId": "692cabdf89fca919b378b62a",
              "schoolYearName": "2025/2026",
              "level": "MS"
            },
            {
              "type": "end_of_year",
              "signedAt": "2025-12-16T23:27:41.650Z",
              "subAdminId": "6929e1e1e358ca0ef47a328a",
              "schoolYearId": "692cabdf89fca919b378b62a",
              "schoolYearName": "2025/2026",
              "level": "MS"
            }
          ]
        },
        "isCompleted": true,
        "status": "signed",
        "teacherCompletions": [
          {
            "teacherId": "6929e1d1e358ca0ef47a3286",
            "completed": true,
            "completedAt": "2025-12-16T23:26:08.237Z",
            "completedSem1": true,
            "completedAtSem1": "2025-12-16T23:26:08.237Z",
            "completedSem2": true,
            "completedAtSem2": "2025-12-16T23:27:17.749Z",
            "_id": "6941ea907e4ffabf7be2e199"
          },
          {
            "teacherId": "6937345bba6658cc2b66a553",
            "completed": true,
            "completedAt": "2025-12-16T23:26:22.063Z",
            "completedSem1": true,
            "completedAtSem1": "2025-12-16T23:26:22.063Z",
            "completedSem2": true,
            "completedAtSem2": "2025-12-16T23:27:24.694Z",
            "_id": "6941ea9e7e4ffabf7be2e23f"
          },
          {
            "teacherId": "6930b59cf7aca9a6156cd995",
            "completed": true,
            "completedAt": "2025-12-16T23:26:36.499Z",
            "completedSem1": true,
            "completedAtSem1": "2025-12-16T23:26:36.499Z",
            "completedSem2": true,
            "completedAtSem2": "2025-12-16T23:27:30.583Z",
            "_id": "6941eaac7e4ffabf7be2e2eb"
          }
        ],
        "templateVersion": 11,
        "isCompletedSem1": true,
        "completedAt": "2025-12-16T23:26:36.499Z",
        "completedAtSem1": "2025-12-16T23:26:36.499Z",
        "completedBy": "6930b59cf7aca9a6156cd995",
        "isCompletedSem2": true,
        "completedAtSem2": "2025-12-16T23:27:30.583Z"
      },
      "className": "MS A"
    },
    "createdAt": "2025-12-16T23:27:52.756Z",
    "__v": 0
  },
  {
    "_id": "6941ec9c7e4ffabf7be2f507",
    "studentId": "6941ec237e4ffabf7be2ee6c",
    "schoolYearId": "692cabdf89fca919b378b62a",
    "level": "PS",
    "classId": "692cace989fca919b378b648",
    "templateId": "6935ace250527885e27f4c51",
    "data": {
      "student": {
        "_id": "6941ec237e4ffabf7be2ee6c",
        "logicalKey": "wtf_wtf_2000-01-01",
        "firstName": "wtf",
        "lastName": "wtf",
        "dateOfBirth": "2000-01-01T00:00:00.000Z",
        "status": "active",
        "promotions": [],
        "__v": 0
      },
      "enrollment": {
        "_id": "6941ec237e4ffabf7be2ee70",
        "studentId": "6941ec237e4ffabf7be2ee6c",
        "classId": "692cace989fca919b378b648",
        "schoolYearId": "692cabdf89fca919b378b62a",
        "status": "active",
        "promotionStatus": "pending",
        "__v": 0
      },
      "statuses": [],
      "assignment": {
        "_id": "6941ec237e4ffabf7be2ee79",
        "templateId": "6935ace250527885e27f4c51",
        "templateVersion": 11,
        "studentId": "6941ec237e4ffabf7be2ee6c",
        "assignedTeachers": [
          "6937345bba6658cc2b66a553",
          "6929e1d1e358ca0ef47a3286",
          "6930b59cf7aca9a6156cd995"
        ],
        "status": "signed",
        "assignedAt": "2025-12-16T23:32:51.061Z",
        "assignedBy": "6930bb7ce1d9875b43a0b096",
        "isCompleted": true,
        "isCompletedSem1": true,
        "isCompletedSem2": true,
        "teacherCompletions": [
          {
            "teacherId": "6929e1d1e358ca0ef47a3286",
            "completed": true,
            "completedAt": "2025-12-16T23:33:01.669Z",
            "completedSem1": true,
            "completedAtSem1": "2025-12-16T23:33:01.669Z",
            "completedSem2": true,
            "completedAtSem2": "2025-12-16T23:33:50.436Z",
            "_id": "6941ec2d7e4ffabf7be2ef1e"
          },
          {
            "teacherId": "6937345bba6658cc2b66a553",
            "completed": true,
            "completedAt": "2025-12-16T23:33:09.114Z",
            "completedSem1": true,
            "completedAtSem1": "2025-12-16T23:33:09.114Z",
            "completedSem2": true,
            "completedAtSem2": "2025-12-16T23:33:59.920Z",
            "_id": "6941ec357e4ffabf7be2efb8"
          },
          {
            "teacherId": "6930b59cf7aca9a6156cd995",
            "completed": true,
            "completedAt": "2025-12-16T23:33:14.633Z",
            "completedSem1": true,
            "completedAtSem1": "2025-12-16T23:33:14.633Z",
            "completedSem2": true,
            "completedAtSem2": "2025-12-16T23:34:08.949Z",
            "_id": "6941ec3a7e4ffabf7be2f057"
          }
        ],
        "__v": 0,
        "completedAt": "2025-12-16T23:33:14.633Z",
        "completedAtSem1": "2025-12-16T23:33:14.633Z",
        "completedBy": "6930b59cf7aca9a6156cd995",
        "completedAtSem2": "2025-12-16T23:34:08.949Z",
        "data": {
          "signatures": [
            {
              "type": "end_of_year",
              "signedAt": "2025-12-16T23:34:18.850Z",
              "subAdminId": "6929e1e1e358ca0ef47a328a",
              "schoolYearId": "692cabdf89fca919b378b62a",
              "schoolYearName": "2025/2026",
              "level": "PS"
            }
          ]
        }
      },
      "className": "PS A"
    },
    "createdAt": "2025-12-16T23:34:52.588Z",
    "__v": 0
  },
  {
    "_id": "6941ecfc7e4ffabf7be2fa8d",
    "studentId": "6941ec237e4ffabf7be2ee6c",
    "schoolYearId": "692cabe589fca919b378b632",
    "level": "MS",
    "classId": "69334ed9c193954c69148ffc",
    "templateId": "6935ace250527885e27f4c51",
    "data": {
      "student": {
        "_id": "6941ec237e4ffabf7be2ee6c",
        "logicalKey": "wtf_wtf_2000-01-01",
        "firstName": "wtf",
        "lastName": "wtf",
        "dateOfBirth": "2000-01-01T00:00:00.000Z",
        "status": "active",
        "promotions": [
          {
            "schoolYearId": "692cabdf89fca919b378b62a",
            "date": "2025-12-16T23:34:52.590Z",
            "fromLevel": "PS",
            "toLevel": "MS",
            "promotedBy": "6929e1e1e358ca0ef47a328a",
            "_id": "6941ec9c7e4ffabf7be2f50c"
          }
        ],
        "__v": 1,
        "nextLevel": "MS"
      },
      "enrollment": {
        "_id": "6941ec9c7e4ffabf7be2f50a",
        "studentId": "6941ec237e4ffabf7be2ee6c",
        "schoolYearId": "692cabe589fca919b378b632",
        "status": "active",
        "promotionStatus": "pending",
        "__v": 0,
        "classId": "69334ed9c193954c69148ffc"
      },
      "statuses": [],
      "assignment": {
        "_id": "6941ec237e4ffabf7be2ee79",
        "templateId": "6935ace250527885e27f4c51",
        "templateVersion": 11,
        "studentId": "6941ec237e4ffabf7be2ee6c",
        "assignedTeachers": [
          "6929e1d1e358ca0ef47a3286",
          "6937345bba6658cc2b66a553",
          "6930b59cf7aca9a6156cd995"
        ],
        "status": "signed",
        "assignedAt": "2025-12-16T23:32:51.061Z",
        "assignedBy": "6930bb7ce1d9875b43a0b096",
        "isCompleted": true,
        "isCompletedSem1": true,
        "isCompletedSem2": true,
        "teacherCompletions": [
          {
            "teacherId": "6929e1d1e358ca0ef47a3286",
            "completed": true,
            "completedAt": "2025-12-16T23:35:13.744Z",
            "completedSem1": true,
            "completedAtSem1": "2025-12-16T23:35:13.744Z",
            "completedSem2": true,
            "completedAtSem2": "2025-12-16T23:35:53.624Z",
            "_id": "6941ecb17e4ffabf7be2f5e2"
          },
          {
            "teacherId": "6937345bba6658cc2b66a553",
            "completed": true,
            "completedAt": "2025-12-16T23:35:21.002Z",
            "completedSem1": true,
            "completedAtSem1": "2025-12-16T23:35:21.002Z",
            "completedSem2": true,
            "completedAtSem2": "2025-12-16T23:35:59.162Z",
            "_id": "6941ecb97e4ffabf7be2f66b"
          },
          {
            "teacherId": "6930b59cf7aca9a6156cd995",
            "completed": true,
            "completedAt": "2025-12-16T23:35:28.194Z",
            "completedSem1": true,
            "completedAtSem1": "2025-12-16T23:35:28.194Z",
            "completedSem2": true,
            "completedAtSem2": "2025-12-16T23:36:06.447Z",
            "_id": "6941ecc07e4ffabf7be2f6f8"
          }
        ],
        "__v": 0,
        "completedAt": "2025-12-16T23:35:28.194Z",
        "completedAtSem1": "2025-12-16T23:35:28.194Z",
        "completedBy": "6930b59cf7aca9a6156cd995",
        "completedAtSem2": "2025-12-16T23:36:06.447Z",
        "data": {
          "signatures": [
            {
              "type": "end_of_year",
              "signedAt": "2025-12-16T23:34:18.850Z",
              "subAdminId": "6929e1e1e358ca0ef47a328a",
              "schoolYearId": "692cabdf89fca919b378b62a",
              "schoolYearName": "2025/2026",
              "level": "PS"
            },
            {
              "type": "standard",
              "signedAt": "2025-12-16T23:35:36.456Z",
              "subAdminId": "6929e1e1e358ca0ef47a328a",
              "schoolYearId": "692cabe589fca919b378b632",
              "schoolYearName": "2026/2027",
              "level": "MS"
            },
            {
              "type": "end_of_year",
              "signedAt": "2025-12-16T23:36:21.266Z",
              "subAdminId": "6929e1e1e358ca0ef47a328a",
              "schoolYearId": "692cabe589fca919b378b632",
              "schoolYearName": "2026/2027",
              "level": "MS"
            }
          ],
          "promotions": [
            {
              "from": "PS",
              "to": "MS",
              "date": "2025-12-16T23:34:52.592Z",
              "year": "2025/2026",
              "class": "PS A",
              "by": "6929e1e1e358ca0ef47a328a"
            }
          ]
        }
      },
      "className": "MS A"
    },
    "createdAt": "2025-12-16T23:36:28.634Z",
    "__v": 0
  },
  {
    "_id": "6942fd44f2c0f04e7e6e674e",
    "studentId": "6942fcaff2c0f04e7e6e611d",
    "schoolYearId": "692cabdf89fca919b378b62a",
    "level": "PS",
    "classId": "692cace989fca919b378b648",
    "templateId": "6935ace250527885e27f4c51",
    "data": {
      "student": {
        "_id": "6942fcaff2c0f04e7e6e611d",
        "logicalKey": "is?_is?_2000-01-01",
        "firstName": "is?",
        "lastName": "is?",
        "dateOfBirth": "2000-01-01T00:00:00.000Z",
        "status": "active",
        "promotions": [],
        "__v": 0
      },
      "enrollment": {
        "_id": "6942fcaff2c0f04e7e6e6121",
        "studentId": "6942fcaff2c0f04e7e6e611d",
        "classId": "692cace989fca919b378b648",
        "schoolYearId": "692cabdf89fca919b378b62a",
        "status": "active",
        "promotionStatus": "pending",
        "__v": 0
      },
      "statuses": [],
      "assignment": {
        "_id": "6942fcaff2c0f04e7e6e612a",
        "templateId": "6935ace250527885e27f4c51",
        "templateVersion": 11,
        "studentId": "6942fcaff2c0f04e7e6e611d",
        "assignedTeachers": [
          "6937345bba6658cc2b66a553",
          "6929e1d1e358ca0ef47a3286",
          "6930b59cf7aca9a6156cd995"
        ],
        "status": "signed",
        "assignedAt": "2025-12-17T18:55:43.594Z",
        "assignedBy": "6930bb7ce1d9875b43a0b096",
        "isCompleted": true,
        "isCompletedSem1": true,
        "isCompletedSem2": true,
        "teacherCompletions": [
          {
            "teacherId": "6929e1d1e358ca0ef47a3286",
            "completed": true,
            "completedAt": "2025-12-17T18:56:04.086Z",
            "completedSem1": true,
            "completedAtSem1": "2025-12-17T18:56:04.086Z",
            "completedSem2": true,
            "completedAtSem2": "2025-12-17T18:57:31.660Z",
            "_id": "6942fcc4f2c0f04e7e6e61e7"
          },
          {
            "teacherId": "6937345bba6658cc2b66a553",
            "completed": true,
            "completedAt": "2025-12-17T18:56:11.245Z",
            "completedSem1": true,
            "completedAtSem1": "2025-12-17T18:56:11.245Z",
            "completedSem2": true,
            "completedAtSem2": "2025-12-17T18:57:38.498Z",
            "_id": "6942fccbf2c0f04e7e6e6281"
          },
          {
            "teacherId": "6930b59cf7aca9a6156cd995",
            "completed": true,
            "completedAt": "2025-12-17T18:56:19.628Z",
            "completedSem1": true,
            "completedAtSem1": "2025-12-17T18:56:19.628Z",
            "completedSem2": true,
            "completedAtSem2": "2025-12-17T18:57:49.071Z",
            "_id": "6942fcd3f2c0f04e7e6e6320"
          }
        ],
        "__v": 0,
        "completedAt": "2025-12-17T18:56:19.628Z",
        "completedAtSem1": "2025-12-17T18:56:19.628Z",
        "completedBy": "6930b59cf7aca9a6156cd995",
        "data": {
          "table_2_16_row_0": [
            {
              "code": "lb",
              "label": "Lebanese",
              "emoji": "🇱🇧",
              "active": true,
              "level": "PS"
            },
            {
              "code": "fr",
              "label": "French",
              "emoji": "🇫🇷",
              "active": true,
              "level": "PS"
            },
            {
              "code": "en",
              "label": "English",
              "emoji": "🇬🇧",
              "active": true,
              "level": "PS"
            }
          ],
          "signatures": [
            {
              "type": "standard",
              "signedAt": "2025-12-17T18:57:07.882Z",
              "subAdminId": "6929e1e1e358ca0ef47a328a",
              "schoolYearId": "692cabdf89fca919b378b62a",
              "schoolYearName": "2025/2026",
              "level": "PS"
            },
            {
              "type": "end_of_year",
              "signedAt": "2025-12-17T18:57:54.107Z",
              "subAdminId": "6929e1e1e358ca0ef47a328a",
              "schoolYearId": "692cabe589fca919b378b632",
              "schoolYearName": "2026/2027",
              "level": "PS"
            }
          ]
        },
        "completedAtSem2": "2025-12-17T18:57:49.071Z"
      },
      "className": "PS A"
    },
    "createdAt": "2025-12-17T18:58:12.244Z",
    "__v": 0
  },
  {
    "_id": "6942fdd2f2c0f04e7e6e6cf5",
    "studentId": "6942fcaff2c0f04e7e6e611d",
    "schoolYearId": "692cabe589fca919b378b632",
    "level": "MS",
    "classId": "69334ed9c193954c69148ffc",
    "templateId": "6935ace250527885e27f4c51",
    "data": {
      "student": {
        "_id": "6942fcaff2c0f04e7e6e611d",
        "logicalKey": "is?_is?_2000-01-01",
        "firstName": "is?",
        "lastName": "is?",
        "dateOfBirth": "2000-01-01T00:00:00.000Z",
        "status": "active",
        "promotions": [
          {
            "schoolYearId": "692cabdf89fca919b378b62a",
            "date": "2025-12-17T18:58:12.247Z",
            "fromLevel": "PS",
            "toLevel": "MS",
            "promotedBy": "6929e1e1e358ca0ef47a328a",
            "_id": "6942fd44f2c0f04e7e6e6753"
          }
        ],
        "__v": 1,
        "nextLevel": "MS"
      },
      "enrollment": {
        "_id": "6942fd44f2c0f04e7e6e6751",
        "studentId": "6942fcaff2c0f04e7e6e611d",
        "schoolYearId": "692cabe589fca919b378b632",
        "status": "active",
        "promotionStatus": "pending",
        "__v": 0,
        "classId": "69334ed9c193954c69148ffc"
      },
      "statuses": [],
      "assignment": {
        "_id": "6942fcaff2c0f04e7e6e612a",
        "templateId": "6935ace250527885e27f4c51",
        "templateVersion": 11,
        "studentId": "6942fcaff2c0f04e7e6e611d",
        "assignedTeachers": [
          "6929e1d1e358ca0ef47a3286",
          "6937345bba6658cc2b66a553",
          "6930b59cf7aca9a6156cd995"
        ],
        "status": "signed",
        "assignedAt": "2025-12-17T18:55:43.594Z",
        "assignedBy": "6930bb7ce1d9875b43a0b096",
        "isCompleted": true,
        "isCompletedSem1": true,
        "isCompletedSem2": true,
        "teacherCompletions": [
          {
            "teacherId": "6929e1d1e358ca0ef47a3286",
            "completed": true,
            "completedAt": "2025-12-17T18:58:57.772Z",
            "completedSem1": true,
            "completedAtSem1": "2025-12-17T18:58:57.772Z",
            "completedSem2": true,
            "completedAtSem2": "2025-12-17T18:59:54.432Z",
            "_id": "6942fd71f2c0f04e7e6e6829"
          },
          {
            "teacherId": "6937345bba6658cc2b66a553",
            "completed": true,
            "completedAt": "2025-12-17T18:59:03.834Z",
            "completedSem1": true,
            "completedAtSem1": "2025-12-17T18:59:03.834Z",
            "completedSem2": true,
            "completedAtSem2": "2025-12-17T19:00:04.724Z",
            "_id": "6942fd77f2c0f04e7e6e68b1"
          },
          {
            "teacherId": "6930b59cf7aca9a6156cd995",
            "completed": true,
            "completedAt": "2025-12-17T18:59:23.558Z",
            "completedSem1": true,
            "completedAtSem1": "2025-12-17T18:59:23.558Z",
            "completedSem2": true,
            "completedAtSem2": "2025-12-17T19:00:12.256Z",
            "_id": "6942fd8bf2c0f04e7e6e6956"
          }
        ],
        "__v": 0,
        "completedAt": "2025-12-17T18:59:23.558Z",
        "completedAtSem1": "2025-12-17T18:59:23.558Z",
        "completedBy": "6930b59cf7aca9a6156cd995",
        "data": {
          "table_2_16_row_0": [
            {
              "code": "lb",
              "label": "Lebanese",
              "emoji": "🇱🇧",
              "active": true,
              "level": "PS"
            },
            {
              "code": "fr",
              "label": "French",
              "emoji": "🇫🇷",
              "active": true,
              "level": "PS"
            },
            {
              "code": "en",
              "label": "English",
              "emoji": "🇬🇧",
              "active": true,
              "level": "PS"
            }
          ],
          "signatures": [
            {
              "type": "standard",
              "signedAt": "2025-12-17T18:57:07.882Z",
              "subAdminId": "6929e1e1e358ca0ef47a328a",
              "schoolYearId": "692cabdf89fca919b378b62a",
              "schoolYearName": "2025/2026",
              "level": "PS"
            },
            {
              "type": "end_of_year",
              "signedAt": "2025-12-17T18:57:54.107Z",
              "subAdminId": "6929e1e1e358ca0ef47a328a",
              "schoolYearId": "692cabe589fca919b378b632",
              "schoolYearName": "2026/2027",
              "level": "PS"
            },
            {
              "type": "standard",
              "signedAt": "2025-12-17T18:59:40.014Z",
              "subAdminId": "6929e1e1e358ca0ef47a328a",
              "schoolYearId": "692cabe589fca919b378b632",
              "schoolYearName": "2026/2027",
              "level": "MS"
            },
            {
              "type": "end_of_year",
              "signedAt": "2025-12-17T19:00:23.699Z",
              "subAdminId": "6929e1e1e358ca0ef47a328a",
              "schoolYearId": "692cabe989fca919b378b63e",
              "schoolYearName": "2027/2028",
              "level": "MS"
            }
          ],
          "promotions": [
            {
              "from": "PS",
              "to": "MS",
              "date": "2025-12-17T18:58:12.250Z",
              "year": "2025/2026",
              "class": "PS A",
              "by": "6929e1e1e358ca0ef47a328a"
            }
          ],
          "table_2_16_row_1": [
            {
              "code": "lb",
              "label": "Lebanese",
              "emoji": "🇱🇧",
              "active": true,
              "level": "MS"
            },
            {
              "code": "fr",
              "label": "French",
              "emoji": "🇫🇷",
              "active": true,
              "level": "MS"
            },
            {
              "code": "en",
              "label": "English",
              "emoji": "🇬🇧",
              "active": true,
              "level": "MS"
            }
          ]
        },
        "completedAtSem2": "2025-12-17T19:00:12.256Z"
      },
      "className": "MS A"
    },
    "createdAt": "2025-12-17T19:00:34.028Z",
    "__v": 0
  },
  {
    "_id": "6943022192ee8d200a3a9986",
    "studentId": "694301d192ee8d200a3a934d",
    "schoolYearId": "692cabdf89fca919b378b62a",
    "level": "PS",
    "classId": "692cace989fca919b378b648",
    "templateId": "6935ace250527885e27f4c51",
    "data": {
      "student": {
        "_id": "694301d192ee8d200a3a934d",
        "logicalKey": "des_des_2000-01-01",
        "firstName": "des",
        "lastName": "des",
        "dateOfBirth": "2000-01-01T00:00:00.000Z",
        "status": "active",
        "promotions": [],
        "__v": 0
      },
      "enrollment": {
        "_id": "694301d192ee8d200a3a9351",
        "studentId": "694301d192ee8d200a3a934d",
        "classId": "692cace989fca919b378b648",
        "schoolYearId": "692cabdf89fca919b378b62a",
        "status": "active",
        "promotionStatus": "pending",
        "__v": 0
      },
      "statuses": [],
      "assignment": {
        "_id": "694301d192ee8d200a3a935a",
        "templateId": "6935ace250527885e27f4c51",
        "templateVersion": 11,
        "studentId": "694301d192ee8d200a3a934d",
        "assignedTeachers": [
          "6937345bba6658cc2b66a553",
          "6929e1d1e358ca0ef47a3286",
          "6930b59cf7aca9a6156cd995"
        ],
        "status": "signed",
        "assignedAt": "2025-12-17T19:17:37.314Z",
        "assignedBy": "6930bb7ce1d9875b43a0b096",
        "isCompleted": true,
        "isCompletedSem1": true,
        "isCompletedSem2": true,
        "teacherCompletions": [
          {
            "teacherId": "6929e1d1e358ca0ef47a3286",
            "completed": true,
            "completedAt": "2025-12-17T19:17:47.401Z",
            "completedSem1": true,
            "completedAtSem1": "2025-12-17T19:17:47.401Z",
            "completedSem2": true,
            "completedAtSem2": "2025-12-17T19:18:24.337Z",
            "_id": "694301db92ee8d200a3a93ff"
          },
          {
            "teacherId": "6937345bba6658cc2b66a553",
            "completed": true,
            "completedAt": "2025-12-17T19:17:55.300Z",
            "completedSem1": true,
            "completedAtSem1": "2025-12-17T19:17:55.300Z",
            "completedSem2": true,
            "completedAtSem2": "2025-12-17T19:18:50.478Z",
            "_id": "694301e392ee8d200a3a949a"
          },
          {
            "teacherId": "6930b59cf7aca9a6156cd995",
            "completed": true,
            "completedAt": "2025-12-17T19:18:00.649Z",
            "completedSem1": true,
            "completedAtSem1": "2025-12-17T19:18:00.649Z",
            "completedSem2": true,
            "completedAtSem2": "2025-12-17T19:18:37.344Z",
            "_id": "694301e892ee8d200a3a9539"
          }
        ],
        "__v": 0,
        "completedAt": "2025-12-17T19:18:00.649Z",
        "completedAtSem1": "2025-12-17T19:18:00.649Z",
        "completedBy": "6930b59cf7aca9a6156cd995",
        "completedAtSem2": "2025-12-17T19:18:50.478Z",
        "data": {
          "signatures": [
            {
              "type": "end_of_year",
              "signedAt": "2025-12-17T19:18:54.011Z",
              "subAdminId": "6929e1e1e358ca0ef47a328a",
              "schoolYearId": "692cabe589fca919b378b632",
              "schoolYearName": "2026/2027",
              "level": "PS"
            }
          ]
        }
      },
      "className": "PS A"
    },
    "createdAt": "2025-12-17T19:18:57.167Z",
    "__v": 0
  },
  {
    "_id": "69430b606192461a1677661b",
    "studentId": "69430b076192461a16776089",
    "schoolYearId": "692cabdf89fca919b378b62a",
    "level": "PS",
    "classId": "692cace989fca919b378b648",
    "templateId": "6935ace250527885e27f4c51",
    "data": {
      "student": {
        "_id": "69430b076192461a16776089",
        "logicalKey": "gilbert_gilbert_2000-01-01",
        "firstName": "Gilbert",
        "lastName": "Gilbert",
        "dateOfBirth": "2000-01-01T00:00:00.000Z",
        "status": "active",
        "promotions": [],
        "__v": 0
      },
      "enrollment": {
        "_id": "69430b076192461a1677608d",
        "studentId": "69430b076192461a16776089",
        "classId": "692cace989fca919b378b648",
        "schoolYearId": "692cabdf89fca919b378b62a",
        "status": "active",
        "promotionStatus": "pending",
        "__v": 0
      },
      "statuses": [],
      "assignment": {
        "_id": "69430b076192461a16776096",
        "templateId": "6935ace250527885e27f4c51",
        "templateVersion": 11,
        "studentId": "69430b076192461a16776089",
        "assignedTeachers": [
          "6937345bba6658cc2b66a553",
          "6929e1d1e358ca0ef47a3286",
          "6930b59cf7aca9a6156cd995"
        ],
        "status": "signed",
        "assignedAt": "2025-12-17T19:56:55.110Z",
        "assignedBy": "6930bb7ce1d9875b43a0b096",
        "isCompleted": true,
        "isCompletedSem1": true,
        "isCompletedSem2": true,
        "teacherCompletions": [
          {
            "teacherId": "6929e1d1e358ca0ef47a3286",
            "completed": true,
            "completedAt": "2025-12-17T19:57:04.862Z",
            "completedSem1": true,
            "completedAtSem1": "2025-12-17T19:57:04.862Z",
            "completedSem2": true,
            "completedAtSem2": "2025-12-17T19:57:53.229Z",
            "_id": "69430b106192461a167760e4"
          },
          {
            "teacherId": "6937345bba6658cc2b66a553",
            "completed": true,
            "completedAt": "2025-12-17T19:57:17.194Z",
            "completedSem1": true,
            "completedAtSem1": "2025-12-17T19:57:17.194Z",
            "completedSem2": true,
            "completedAtSem2": "2025-12-17T19:57:58.893Z",
            "_id": "69430b1d6192461a1677618c"
          },
          {
            "teacherId": "6930b59cf7aca9a6156cd995",
            "completed": true,
            "completedAt": "2025-12-17T19:57:22.355Z",
            "completedSem1": true,
            "completedAtSem1": "2025-12-17T19:57:22.355Z",
            "completedSem2": true,
            "completedAtSem2": "2025-12-17T19:58:04.514Z",
            "_id": "69430b226192461a1677622c"
          }
        ],
        "__v": 0,
        "completedAt": "2025-12-17T19:57:22.355Z",
        "completedAtSem1": "2025-12-17T19:57:22.355Z",
        "completedBy": "6930b59cf7aca9a6156cd995",
        "completedAtSem2": "2025-12-17T19:58:04.514Z",
        "data": {
          "signatures": [
            {
              "type": "end_of_year",
              "signedAt": "2025-12-17T19:58:22.185Z",
              "subAdminId": "6929e1e1e358ca0ef47a328a",
              "schoolYearId": "692cabe589fca919b378b632",
              "schoolYearName": "2026/2027",
              "level": "PS"
            }
          ]
        }
      },
      "className": "PS A"
    },
    "createdAt": "2025-12-17T19:58:24.887Z",
    "__v": 0
  },
  {
    "_id": "69430e2d6192461a16776b8d",
    "studentId": "69430dd56192461a1677687a",
    "schoolYearId": "692cabdf89fca919b378b62a",
    "level": "PS",
    "classId": "692cace989fca919b378b648",
    "templateId": "6935ace250527885e27f4c51",
    "data": {
      "student": {
        "_id": "69430dd56192461a1677687a",
        "logicalKey": "data_data_2000-01-01",
        "firstName": "data",
        "lastName": "data",
        "dateOfBirth": "2000-01-01T00:00:00.000Z",
        "status": "active",
        "promotions": [],
        "__v": 0
      },
      "enrollment": {
        "_id": "69430dd56192461a1677687e",
        "studentId": "69430dd56192461a1677687a",
        "classId": "692cace989fca919b378b648",
        "schoolYearId": "692cabdf89fca919b378b62a",
        "status": "active",
        "promotionStatus": "pending",
        "__v": 0
      },
      "statuses": [],
      "assignment": {
        "_id": "69430dd56192461a16776887",
        "templateId": "6935ace250527885e27f4c51",
        "templateVersion": 11,
        "studentId": "69430dd56192461a1677687a",
        "assignedTeachers": [
          "6937345bba6658cc2b66a553",
          "6929e1d1e358ca0ef47a3286",
          "6930b59cf7aca9a6156cd995"
        ],
        "status": "signed",
        "assignedAt": "2025-12-17T20:08:53.760Z",
        "assignedBy": "6930bb7ce1d9875b43a0b096",
        "isCompleted": false,
        "isCompletedSem1": false,
        "isCompletedSem2": true,
        "teacherCompletions": [
          {
            "teacherId": "6930b59cf7aca9a6156cd995",
            "completedSem2": true,
            "completedAtSem2": "2025-12-17T20:09:52.953Z",
            "_id": "69430e106192461a16776a6d"
          },
          {
            "teacherId": "6937345bba6658cc2b66a553",
            "completedSem2": true,
            "completedAtSem2": "2025-12-17T20:09:55.956Z",
            "_id": "69430e136192461a16776a7a"
          },
          {
            "teacherId": "6929e1d1e358ca0ef47a3286",
            "completedSem2": true,
            "completedAtSem2": "2025-12-17T20:09:58.567Z",
            "_id": "69430e166192461a16776a88"
          }
        ],
        "__v": 0,
        "data": {
          "table_2_16_row_0": [
            {
              "code": "lb",
              "label": "Lebanese",
              "emoji": "🇱🇧",
              "active": true,
              "level": "PS"
            },
            {
              "code": "fr",
              "label": "French",
              "emoji": "🇫🇷",
              "active": true,
              "level": "PS"
            },
            {
              "code": "en",
              "label": "English",
              "emoji": "🇬🇧",
              "active": true,
              "level": "PS"
            }
          ],
          "signatures": [
            {
              "type": "end_of_year",
              "signedAt": "2025-12-17T20:10:18.104Z",
              "subAdminId": "6929e1e1e358ca0ef47a328a",
              "schoolYearId": "692cabe589fca919b378b632",
              "schoolYearName": "2026/2027",
              "level": "PS"
            }
          ]
        },
        "completedAtSem2": "2025-12-17T20:09:58.567Z"
      },
      "className": "PS A"
    },
    "createdAt": "2025-12-17T20:10:21.977Z",
    "__v": 0
  }
]