[
  {
    "_id": "69955c6e8e07f416331e86b5",
    "addedCount": 131,
    "updatedCount": 0,
    "errorCount": 0,
    "reportJson": "[{\"status\":\"added\",\"studentId\":\"69955c6a8e07f416331e8006\",\"classId\":\"69955c6a8e07f416331e8009\"},{\"status\":\"added\",\"studentId\":\"69955c6a8e07f416331e8013\",\"classId\":\"69955c6a8e07f416331e8016\"},{\"status\":\"added\",\"studentId\":\"69955c6a8e07f416331e8022\",\"classId\":\"69955c6a8e07f416331e8016\"},{\"status\":\"added\",\"studentId\":\"69955c6a8e07f416331e802f\",\"classId\":\"69955c6a8e07f416331e8032\"},{\"status\":\"added\",\"studentId\":\"69955c6a8e07f416331e803e\",\"classId\":\"69955c6a8e07f416331e8041\"},{\"status\":\"added\",\"studentId\":\"69955c6a8e07f416331e804d\",\"classId\":\"69955c6a8e07f416331e8041\"},{\"status\":\"added\",\"studentId\":\"69955c6a8e07f416331e805a\",\"classId\":\"69955c6a8e07f416331e8009\"},{\"status\":\"added\",\"studentId\":\"69955c6a8e07f416331e8067\",\"classId\":\"69955c6a8e07f416331e806a\"},{\"status\":\"added\",\"studentId\":\"69955c6a8e07f416331e8076\",\"classId\":\"69955c6a8e07f416331e806a\"},{\"status\":\"added\",\"studentId\":\"69955c6a8e07f416331e8083\",\"classId\":\"69955c6a8e07f416331e8009\"},{\"status\":\"added\",\"studentId\":\"69955c6a8e07f416331e8090\",\"classId\":\"69955c6a8e07f416331e8093\"},{\"status\":\"added\",\"studentId\":\"69955c6b8e07f416331e809f\",\"classId\":\"69955c6a8e07f416331e8041\"},{\"status\":\"added\",\"studentId\":\"69955c6b8e07f416331e80ac\",\"classId\":\"69955c6a8e07f416331e8016\"},{\"status\":\"added\",\"studentId\":\"69955c6b8e07f416331e80b9\",\"classId\":\"69955c6a8e07f416331e8016\"},{\"status\":\"added\",\"studentId\":\"69955c6b8e07f416331e80c6\",\"classId\":\"69955c6a8e07f416331e8032\"},{\"status\":\"added\",\"studentId\":\"69955c6b8e07f416331e80d3\",\"classId\":\"69955c6a8e07f416331e8009\"},{\"status\":\"added\",\"studentId\":\"69955c6b8e07f416331e80e0\",\"classId\":\"69955c6a8e07f416331e8032\"},{\"status\":\"added\",\"studentId\":\"69955c6b8e07f416331e80ed\",\"classId\":\"69955c6a8e07f416331e8041\"},{\"status\":\"added\",\"studentId\":\"69955c6b8e07f416331e80fa\",\"classId\":\"69955c6a8e07f416331e806a\"},{\"status\":\"added\",\"studentId\":\"69955c6b8e07f416331e8107\",\"classId\":\"69955c6a8e07f416331e806a\"},{\"status\":\"added\",\"studentId\":\"69955c6b8e07f416331e8114\",\"classId\":\"69955c6a8e07f416331e8009\"},{\"status\":\"added\",\"studentId\":\"69955c6b8e07f416331e8121\",\"classId\":\"69955c6a8e07f416331e8009\"},{\"status\":\"added\",\"studentId\":\"69955c6b8e07f416331e812e\",\"classId\":\"69955c6a8e07f416331e8041\"},{\"status\":\"added\",\"studentId\":\"69955c6b8e07f416331e813b\",\"classId\":\"69955c6a8e07f416331e8093\"},{\"status\":\"added\",\"studentId\":\"69955c6b8e07f416331e8148\",\"classId\":\"69955c6a8e07f416331e8032\"},{\"status\":\"added\",\"studentId\":\"69955c6b8e07f416331e8155\",\"classId\":\"69955c6a8e07f416331e8032\"},{\"status\":\"added\",\"studentId\":\"69955c6b8e07f416331e8162\",\"classId\":\"69955c6a8e07f416331e8093\"},{\"status\":\"added\",\"studentId\":\"69955c6b8e07f416331e816f\",\"classId\":\"69955c6a8e07f416331e8032\"},{\"status\":\"added\",\"studentId\":\"69955c6b8e07f416331e817c\",\"classId\":\"69955c6a8e07f416331e806a\"},{\"status\":\"added\",\"studentId\":\"69955c6b8e07f416331e8189\",\"classId\":\"69955c6a8e07f416331e8041\"},{\"status\":\"added\",\"studentId\":\"69955c6b8e07f416331e8196\",\"classId\":\"69955c6a8e07f416331e8032\"},{\"status\":\"added\",\"studentId\":\"69955c6b8e07f416331e81a3\",\"classId\":\"69955c6a8e07f416331e8041\"},{\"status\":\"added\",\"studentId\":\"69955c6b8e07f416331e81b0\",\"classId\":\"69955c6a8e07f416331e8093\"},{\"status\":\"added\",\"studentId\":\"69955c6b8e07f416331e81bd\",\"classId\":\"69955c6a8e07f416331e806a\"},{\"status\":\"added\",\"studentId\":\"69955c6b8e07f416331e81ca\",\"classId\":\"69955c6a8e07f416331e8041\"},{\"status\":\"added\",\"studentId\":\"69955c6b8e07f416331e81d7\",\"classId\":\"69955c6a8e07f416331e8041\"},{\"status\":\"added\",\"studentId\":\"69955c6b8e07f416331e81e4\",\"classId\":\"69955c6a8e07f416331e8009\"},{\"status\":\"added\",\"studentId\":\"69955c6b8e07f416331e81f1\",\"classId\":\"69955c6a8e07f416331e8093\"},{\"status\":\"added\",\"studentId\":\"69955c6b8e07f416331e81fe\",\"classId\":\"69955c6a8e07f416331e8032\"},{\"status\":\"added\",\"studentId\":\"69955c6b8e07f416331e820b\",\"classId\":\"69955c6a8e07f416331e8041\"},{\"status\":\"added\",\"studentId\":\"69955c6b8e07f416331e8218\",\"classId\":\"69955c6a8e07f416331e806a\"},{\"status\":\"added\",\"studentId\":\"69955c6b8e07f416331e8225\",\"classId\":\"69955c6a8e07f416331e806a\"},{\"status\":\"added\",\"studentId\":\"69955c6b8e07f416331e8232\",\"classId\":\"69955c6a8e07f416331e806a\"},{\"status\":\"added\",\"studentId\":\"69955c6b8e07f416331e823f\",\"classId\":\"69955c6a8e07f416331e806a\"},{\"status\":\"added\",\"studentId\":\"69955c6b8e07f416331e824c\",\"classId\":\"69955c6a8e07f416331e8032\"},{\"status\":\"added\",\"studentId\":\"69955c6c8e07f416331e8259\",\"classId\":\"69955c6a8e07f416331e8093\"},{\"status\":\"added\",\"studentId\":\"69955c6c8e07f416331e8266\",\"classId\":\"69955c6a8e07f416331e8093\"},{\"status\":\"added\",\"studentId\":\"69955c6c8e07f416331e8273\",\"classId\":\"69955c6a8e07f416331e8032\"},{\"status\":\"added\",\"studentId\":\"69955c6c8e07f416331e8280\",\"classId\":\"69955c6a8e07f416331e806a\"},{\"status\":\"added\",\"studentId\":\"69955c6c8e07f416331e828d\",\"classId\":\"69955c6a8e07f416331e8032\"},{\"status\":\"added\",\"studentId\":\"69955c6c8e07f416331e829a\",\"classId\":\"69955c6a8e07f416331e8093\"},{\"status\":\"added\",\"studentId\":\"69955c6c8e07f416331e82a7\",\"classId\":\"69955c6a8e07f416331e8032\"},{\"status\":\"added\",\"studentId\":\"69955c6c8e07f416331e82b4\",\"classId\":\"69955c6a8e07f416331e806a\"},{\"status\":\"added\",\"studentId\":\"69955c6c8e07f416331e82c1\",\"classId\":\"69955c6a8e07f416331e8041\"},{\"status\":\"added\",\"studentId\":\"69955c6c8e07f416331e82ce\",\"classId\":\"69955c6a8e07f416331e8016\"},{\"status\":\"added\",\"studentId\":\"69955c6c8e07f416331e82db\",\"classId\":\"69955c6a8e07f416331e8016\"},{\"status\":\"added\",\"studentId\":\"69955c6c8e07f416331e82e8\",\"classId\":\"69955c6a8e07f416331e8041\"},{\"status\":\"added\",\"studentId\":\"69955c6c8e07f416331e82f5\",\"classId\":\"69955c6a8e07f416331e806a\"},{\"status\":\"added\",\"studentId\":\"69955c6c8e07f416331e8302\",\"classId\":\"69955c6a8e07f416331e8032\"},{\"status\":\"added\",\"studentId\":\"69955c6c8e07f416331e830f\",\"classId\":\"69955c6a8e07f416331e8041\"},{\"status\":\"added\",\"studentId\":\"69955c6c8e07f416331e831c\",\"classId\":\"69955c6a8e07f416331e8016\"},{\"status\":\"added\",\"studentId\":\"69955c6c8e07f416331e8329\",\"classId\":\"69955c6a8e07f416331e8016\"},{\"status\":\"added\",\"studentId\":\"69955c6c8e07f416331e8336\",\"classId\":\"69955c6a8e07f416331e8009\"},{\"status\":\"added\",\"studentId\":\"69955c6c8e07f416331e8343\",\"classId\":\"69955c6a8e07f416331e8093\"},{\"status\":\"added\",\"studentId\":\"69955c6c8e07f416331e8350\",\"classId\":\"69955c6a8e07f416331e8016\"},{\"status\":\"added\",\"studentId\":\"69955c6c8e07f416331e835d\",\"classId\":\"69955c6a8e07f416331e8016\"},{\"status\":\"added\",\"studentId\":\"69955c6c8e07f416331e836a\",\"classId\":\"69955c6a8e07f416331e8009\"},{\"status\":\"added\",\"studentId\":\"69955c6c8e07f416331e8377\",\"classId\":\"69955c6a8e07f416331e8041\"},{\"status\":\"added\",\"studentId\":\"69955c6c8e07f416331e8384\",\"classId\":\"69955c6a8e07f416331e8093\"},{\"status\":\"added\",\"studentId\":\"69955c6c8e07f416331e8391\",\"classId\":\"69955c6a8e07f416331e806a\"},{\"status\":\"added\",\"studentId\":\"69955c6c8e07f416331e839e\",\"classId\":\"69955c6a8e07f416331e8032\"},{\"status\":\"added\",\"studentId\":\"69955c6c8e07f416331e83ab\",\"classId\":\"69955c6a8e07f416331e806a\"},{\"status\":\"added\",\"studentId\":\"69955c6c8e07f416331e83b8\",\"classId\":\"69955c6a8e07f416331e8009\"},{\"status\":\"added\",\"studentId\":\"69955c6c8e07f416331e83c5\",\"classId\":\"69955c6a8e07f416331e8093\"},{\"status\":\"added\",\"studentId\":\"69955c6c8e07f416331e83d2\",\"classId\":\"69955c6a8e07f416331e8093\"},{\"status\":\"added\",\"studentId\":\"69955c6c8e07f416331e83df\",\"classId\":\"69955c6a8e07f416331e8032\"},{\"status\":\"added\",\"studentId\":\"69955c6c8e07f416331e83ec\",\"classId\":\"69955c6a8e07f416331e8009\"},{\"status\":\"added\",\"studentId\":\"69955c6c8e07f416331e83f9\",\"classId\":\"69955c6a8e07f416331e8041\"},{\"status\":\"added\",\"studentId\":\"69955c6c8e07f416331e8406\",\"classId\":\"69955c6a8e07f416331e8093\"},{\"status\":\"added\",\"studentId\":\"69955c6c8e07f416331e8413\",\"classId\":\"69955c6a8e07f416331e8093\"},{\"status\":\"added\",\"studentId\":\"69955c6d8e07f416331e8420\",\"classId\":\"69955c6a8e07f416331e8016\"},{\"status\":\"added\",\"studentId\":\"69955c6d8e07f416331e842d\",\"classId\":\"69955c6a8e07f416331e8009\"},{\"status\":\"added\",\"studentId\":\"69955c6d8e07f416331e843a\",\"classId\":\"69955c6a8e07f416331e8032\"},{\"status\":\"added\",\"studentId\":\"69955c6d8e07f416331e8447\",\"classId\":\"69955c6a8e07f416331e8016\"},{\"status\":\"added\",\"studentId\":\"69955c6d8e07f416331e8454\",\"classId\":\"69955c6a8e07f416331e8016\"},{\"status\":\"added\",\"studentId\":\"69955c6d8e07f416331e8461\",\"classId\":\"69955c6a8e07f416331e8009\"},{\"status\":\"added\",\"studentId\":\"69955c6d8e07f416331e846e\",\"classId\":\"69955c6a8e07f416331e8009\"},{\"status\":\"added\",\"studentId\":\"69955c6d8e07f416331e847b\",\"classId\":\"69955c6a8e07f416331e8093\"},{\"status\":\"added\",\"studentId\":\"69955c6d8e07f416331e8488\",\"classId\":\"69955c6a8e07f416331e8041\"},{\"status\":\"added\",\"studentId\":\"69955c6d8e07f416331e8495\",\"classId\":\"69955c6a8e07f416331e8041\"},{\"status\":\"added\",\"studentId\":\"69955c6d8e07f416331e84a2\",\"classId\":\"69955c6a8e07f416331e806a\"},{\"status\":\"added\",\"studentId\":\"69955c6d8e07f416331e84af\",\"classId\":\"69955c6a8e07f416331e806a\"},{\"status\":\"added\",\"studentId\":\"69955c6d8e07f416331e84bc\",\"classId\":\"69955c6a8e07f416331e8009\"},{\"status\":\"added\",\"studentId\":\"69955c6d8e07f416331e84c9\",\"classId\":\"69955c6a8e07f416331e806a\"},{\"status\":\"added\",\"studentId\":\"69955c6d8e07f416331e84d6\",\"classId\":\"69955c6a8e07f416331e8093\"},{\"status\":\"added\",\"studentId\":\"69955c6d8e07f416331e84e3\",\"classId\":\"69955c6a8e07f416331e8009\"},{\"status\":\"added\",\"studentId\":\"69955c6d8e07f416331e84f0\",\"classId\":\"69955c6a8e07f416331e8041\"},{\"status\":\"added\",\"studentId\":\"69955c6d8e07f416331e84fd\",\"classId\":\"69955c6a8e07f416331e8041\"},{\"status\":\"added\",\"studentId\":\"69955c6d8e07f416331e850a\",\"classId\":\"69955c6a8e07f416331e8016\"},{\"status\":\"added\",\"studentId\":\"69955c6d8e07f416331e8517\",\"classId\":\"69955c6a8e07f416331e8032\"},{\"status\":\"added\",\"studentId\":\"69955c6d8e07f416331e8524\",\"classId\":\"69955c6a8e07f416331e806a\"},{\"status\":\"added\",\"studentId\":\"69955c6d8e07f416331e8531\",\"classId\":\"69955c6a8e07f416331e8093\"},{\"status\":\"added\",\"studentId\":\"69955c6d8e07f416331e853e\",\"classId\":\"69955c6a8e07f416331e8032\"},{\"status\":\"added\",\"studentId\":\"69955c6d8e07f416331e854b\",\"classId\":\"69955c6a8e07f416331e8009\"},{\"status\":\"added\",\"studentId\":\"69955c6d8e07f416331e8558\",\"classId\":\"69955c6a8e07f416331e8093\"},{\"status\":\"added\",\"studentId\":\"69955c6d8e07f416331e8565\",\"classId\":\"69955c6a8e07f416331e8093\"},{\"status\":\"added\",\"studentId\":\"69955c6d8e07f416331e8572\",\"classId\":\"69955c6a8e07f416331e8093\"},{\"status\":\"added\",\"studentId\":\"69955c6d8e07f416331e857f\",\"classId\":\"69955c6a8e07f416331e8041\"},{\"status\":\"added\",\"studentId\":\"69955c6d8e07f416331e858c\",\"classId\":\"69955c6a8e07f416331e8032\"},{\"status\":\"added\",\"studentId\":\"69955c6d8e07f416331e8599\",\"classId\":\"69955c6a8e07f416331e8009\"},{\"status\":\"added\",\"studentId\":\"69955c6d8e07f416331e85a6\",\"classId\":\"69955c6a8e07f416331e8032\"},{\"status\":\"added\",\"studentId\":\"69955c6d8e07f416331e85b3\",\"classId\":\"69955c6a8e07f416331e8016\"},{\"status\":\"added\",\"studentId\":\"69955c6d8e07f416331e85c0\",\"classId\":\"69955c6a8e07f416331e8009\"},{\"status\":\"added\",\"studentId\":\"69955c6d8e07f416331e85cd\",\"classId\":\"69955c6a8e07f416331e8016\"},{\"status\":\"added\",\"studentId\":\"69955c6d8e07f416331e85da\",\"classId\":\"69955c6a8e07f416331e8016\"},{\"status\":\"added\",\"studentId\":\"69955c6d8e07f416331e85e7\",\"classId\":\"69955c6a8e07f416331e8016\"},{\"status\":\"added\",\"studentId\":\"69955c6d8e07f416331e85f4\",\"classId\":\"69955c6a8e07f416331e8009\"},{\"status\":\"added\",\"studentId\":\"69955c6d8e07f416331e8601\",\"classId\":\"69955c6a8e07f416331e8016\"},{\"status\":\"added\",\"studentId\":\"69955c6d8e07f416331e860e\",\"classId\":\"69955c6a8e07f416331e806a\"},{\"status\":\"added\",\"studentId\":\"69955c6d8e07f416331e861b\",\"classId\":\"69955c6a8e07f416331e806a\"},{\"status\":\"added\",\"studentId\":\"69955c6d8e07f416331e8628\",\"classId\":\"69955c6a8e07f416331e8016\"},{\"status\":\"added\",\"studentId\":\"69955c6d8e07f416331e8635\",\"classId\":\"69955c6a8e07f416331e8009\"},{\"status\":\"added\",\"studentId\":\"69955c6d8e07f416331e8642\",\"classId\":\"69955c6a8e07f416331e8009\"},{\"status\":\"added\",\"studentId\":\"69955c6e8e07f416331e864f\",\"classId\":\"69955c6a8e07f416331e8093\"},{\"status\":\"added\",\"studentId\":\"69955c6e8e07f416331e865c\",\"classId\":\"69955c6a8e07f416331e8041\"},{\"status\":\"added\",\"studentId\":\"69955c6e8e07f416331e8669\",\"classId\":\"69955c6a8e07f416331e8016\"},{\"status\":\"added\",\"studentId\":\"69955c6e8e07f416331e8676\",\"classId\":\"69955c6a8e07f416331e8016\"},{\"status\":\"added\",\"studentId\":\"69955c6e8e07f416331e8683\",\"classId\":\"69955c6a8e07f416331e806a\"},{\"status\":\"added\",\"studentId\":\"69955c6e8e07f416331e8690\",\"classId\":\"69955c6a8e07f416331e8009\"},{\"status\":\"added\",\"studentId\":\"69955c6e8e07f416331e869d\",\"classId\":\"69955c6a8e07f416331e8032\"},{\"status\":\"added\",\"studentId\":\"69955c6e8e07f416331e86aa\",\"classId\":\"69955c6a8e07f416331e8009\"}]",
    "startedAt": "2026-02-18T06:30:06.193Z",
    "finishedAt": "2026-02-18T06:30:06.193Z",
    "__v": 0
  },
  {
    "_id": "69955e238e07f416331ee690",
    "addedCount": 134,
    "updatedCount": 0,
    "errorCount": 0,
    "reportJson": "[{\"status\":\"added\",\"studentId\":\"69955e218e07f416331edfbc\",\"classId\":\"69955e218e07f416331edfbf\"},{\"status\":\"added\",\"studentId\":\"69955e218e07f416331edfc9\",\"classId\":\"69955e218e07f416331edfbf\"},{\"status\":\"added\",\"studentId\":\"69955e218e07f416331edfd6\",\"classId\":\"69955e218e07f416331edfbf\"},{\"status\":\"added\",\"studentId\":\"69955e218e07f416331edfe3\",\"classId\":\"69955e218e07f416331edfbf\"},{\"status\":\"added\",\"studentId\":\"69955e218e07f416331edff0\",\"classId\":\"69955e218e07f416331edfbf\"},{\"status\":\"added\",\"studentId\":\"69955e218e07f416331edffd\",\"classId\":\"69955e218e07f416331edfbf\"},{\"status\":\"added\",\"studentId\":\"69955e218e07f416331ee00a\",\"classId\":\"69955e218e07f416331edfbf\"},{\"status\":\"added\",\"studentId\":\"69955e218e07f416331ee017\",\"classId\":\"69955e218e07f416331edfbf\"},{\"status\":\"added\",\"studentId\":\"69955e218e07f416331ee024\",\"classId\":\"69955e218e07f416331edfbf\"},{\"status\":\"added\",\"studentId\":\"69955e218e07f416331ee031\",\"classId\":\"69955e218e07f416331edfbf\"},{\"status\":\"added\",\"studentId\":\"69955e218e07f416331ee03e\",\"classId\":\"69955e218e07f416331edfbf\"},{\"status\":\"added\",\"studentId\":\"69955e218e07f416331ee04b\",\"classId\":\"69955e218e07f416331edfbf\"},{\"status\":\"added\",\"studentId\":\"69955e218e07f416331ee058\",\"classId\":\"69955e218e07f416331edfbf\"},{\"status\":\"added\",\"studentId\":\"69955e218e07f416331ee065\",\"classId\":\"69955e218e07f416331edfbf\"},{\"status\":\"added\",\"studentId\":\"69955e218e07f416331ee072\",\"classId\":\"69955e218e07f416331edfbf\"},{\"status\":\"added\",\"studentId\":\"69955e218e07f416331ee07f\",\"classId\":\"69955e218e07f416331edfbf\"},{\"status\":\"added\",\"studentId\":\"69955e218e07f416331ee08c\",\"classId\":\"69955e218e07f416331edfbf\"},{\"status\":\"added\",\"studentId\":\"69955e218e07f416331ee099\",\"classId\":\"69955e218e07f416331edfbf\"},{\"status\":\"added\",\"studentId\":\"69955e218e07f416331ee0a6\",\"classId\":\"69955e218e07f416331edfbf\"},{\"status\":\"added\",\"studentId\":\"69955e218e07f416331ee0b3\",\"classId\":\"69955e218e07f416331edfbf\"},{\"status\":\"added\",\"studentId\":\"69955e218e07f416331ee0c0\",\"classId\":\"69955e218e07f416331edfbf\"},{\"status\":\"added\",\"studentId\":\"69955e218e07f416331ee0cd\",\"classId\":\"69955e218e07f416331edfbf\"},{\"status\":\"added\",\"studentId\":\"69955e218e07f416331ee0da\",\"classId\":\"69955e218e07f416331edfbf\"},{\"status\":\"added\",\"studentId\":\"69955e218e07f416331ee0e7\",\"classId\":\"69955e218e07f416331edfbf\"},{\"status\":\"added\",\"studentId\":\"69955e218e07f416331ee0f4\",\"classId\":\"69955e218e07f416331edfbf\"},{\"status\":\"added\",\"studentId\":\"69955e218e07f416331ee101\",\"classId\":\"69955e218e07f416331edfbf\"},{\"status\":\"added\",\"studentId\":\"69955e218e07f416331ee10e\",\"classId\":\"69955e218e07f416331edfbf\"},{\"status\":\"added\",\"studentId\":\"69955e218e07f416331ee11b\",\"classId\":\"69955e218e07f416331ee11e\"},{\"status\":\"added\",\"studentId\":\"69955e218e07f416331ee12a\",\"classId\":\"69955e218e07f416331ee11e\"},{\"status\":\"added\",\"studentId\":\"69955e218e07f416331ee137\",\"classId\":\"69955e218e07f416331ee11e\"},{\"status\":\"added\",\"studentId\":\"69955e218e07f416331ee144\",\"classId\":\"69955e218e07f416331ee11e\"},{\"status\":\"added\",\"studentId\":\"69955e218e07f416331ee151\",\"classId\":\"69955e218e07f416331ee11e\"},{\"status\":\"added\",\"studentId\":\"69955e218e07f416331ee15e\",\"classId\":\"69955e218e07f416331ee11e\"},{\"status\":\"added\",\"studentId\":\"69955e218e07f416331ee16b\",\"classId\":\"69955e218e07f416331ee11e\"},{\"status\":\"added\",\"studentId\":\"69955e218e07f416331ee178\",\"classId\":\"69955e218e07f416331ee11e\"},{\"status\":\"added\",\"studentId\":\"69955e218e07f416331ee185\",\"classId\":\"69955e218e07f416331ee11e\"},{\"status\":\"added\",\"studentId\":\"69955e218e07f416331ee192\",\"classId\":\"69955e218e07f416331ee11e\"},{\"status\":\"added\",\"studentId\":\"69955e218e07f416331ee19f\",\"classId\":\"69955e218e07f416331ee11e\"},{\"status\":\"added\",\"studentId\":\"69955e218e07f416331ee1ac\",\"classId\":\"69955e218e07f416331ee11e\"},{\"status\":\"added\",\"studentId\":\"69955e218e07f416331ee1b9\",\"classId\":\"69955e218e07f416331ee11e\"},{\"status\":\"added\",\"studentId\":\"69955e218e07f416331ee1c6\",\"classId\":\"69955e218e07f416331ee11e\"},{\"status\":\"added\",\"studentId\":\"69955e218e07f416331ee1d3\",\"classId\":\"69955e218e07f416331ee11e\"},{\"status\":\"added\",\"studentId\":\"69955e218e07f416331ee1e0\",\"classId\":\"69955e218e07f416331ee11e\"},{\"status\":\"added\",\"studentId\":\"69955e218e07f416331ee1ed\",\"classId\":\"69955e218e07f416331ee11e\"},{\"status\":\"added\",\"studentId\":\"69955e228e07f416331ee1fa\",\"classId\":\"69955e218e07f416331ee11e\"},{\"status\":\"added\",\"studentId\":\"69955e228e07f416331ee207\",\"classId\":\"69955e218e07f416331ee11e\"},{\"status\":\"added\",\"studentId\":\"69955e228e07f416331ee214\",\"classId\":\"69955e218e07f416331ee11e\"},{\"status\":\"added\",\"studentId\":\"69955e228e07f416331ee221\",\"classId\":\"69955e218e07f416331ee11e\"},{\"status\":\"added\",\"studentId\":\"69955e228e07f416331ee22e\",\"classId\":\"69955e218e07f416331ee11e\"},{\"status\":\"added\",\"studentId\":\"69955e228e07f416331ee23b\",\"classId\":\"69955e218e07f416331ee11e\"},{\"status\":\"added\",\"studentId\":\"69955e228e07f416331ee248\",\"classId\":\"69955e218e07f416331ee11e\"},{\"status\":\"added\",\"studentId\":\"69955e228e07f416331ee255\",\"classId\":\"69955e218e07f416331ee11e\"},{\"status\":\"added\",\"studentId\":\"69955e228e07f416331ee262\",\"classId\":\"69955e228e07f416331ee265\"},{\"status\":\"added\",\"studentId\":\"69955e228e07f416331ee271\",\"classId\":\"69955e228e07f416331ee265\"},{\"status\":\"added\",\"studentId\":\"69955e228e07f416331ee27e\",\"classId\":\"69955e228e07f416331ee265\"},{\"status\":\"added\",\"studentId\":\"69955e228e07f416331ee28b\",\"classId\":\"69955e228e07f416331ee265\"},{\"status\":\"added\",\"studentId\":\"69955e228e07f416331ee298\",\"classId\":\"69955e228e07f416331ee265\"},{\"status\":\"added\",\"studentId\":\"69955e228e07f416331ee2a5\",\"classId\":\"69955e228e07f416331ee265\"},{\"status\":\"added\",\"studentId\":\"69955e228e07f416331ee2b2\",\"classId\":\"69955e228e07f416331ee265\"},{\"status\":\"added\",\"studentId\":\"69955e228e07f416331ee2bf\",\"classId\":\"69955e228e07f416331ee265\"},{\"status\":\"added\",\"studentId\":\"69955e228e07f416331ee2cc\",\"classId\":\"69955e228e07f416331ee265\"},{\"status\":\"added\",\"studentId\":\"69955e228e07f416331ee2d9\",\"classId\":\"69955e228e07f416331ee265\"},{\"status\":\"added\",\"studentId\":\"69955e228e07f416331ee2e6\",\"classId\":\"69955e228e07f416331ee265\"},{\"status\":\"added\",\"studentId\":\"69955e228e07f416331ee2f3\",\"classId\":\"69955e228e07f416331ee265\"},{\"status\":\"added\",\"studentId\":\"69955e228e07f416331ee300\",\"classId\":\"69955e228e07f416331ee265\"},{\"status\":\"added\",\"studentId\":\"69955e228e07f416331ee30d\",\"classId\":\"69955e228e07f416331ee265\"},{\"status\":\"added\",\"studentId\":\"69955e228e07f416331ee31a\",\"classId\":\"69955e228e07f416331ee265\"},{\"status\":\"added\",\"studentId\":\"69955e228e07f416331ee327\",\"classId\":\"69955e228e07f416331ee265\"},{\"status\":\"added\",\"studentId\":\"69955e228e07f416331ee334\",\"classId\":\"69955e228e07f416331ee265\"},{\"status\":\"added\",\"studentId\":\"69955e228e07f416331ee341\",\"classId\":\"69955e228e07f416331ee265\"},{\"status\":\"added\",\"studentId\":\"69955e228e07f416331ee34e\",\"classId\":\"69955e228e07f416331ee265\"},{\"status\":\"added\",\"studentId\":\"69955e228e07f416331ee35b\",\"classId\":\"69955e228e07f416331ee265\"},{\"status\":\"added\",\"studentId\":\"69955e228e07f416331ee368\",\"classId\":\"69955e228e07f416331ee265\"},{\"status\":\"added\",\"studentId\":\"69955e228e07f416331ee375\",\"classId\":\"69955e228e07f416331ee265\"},{\"status\":\"added\",\"studentId\":\"69955e228e07f416331ee382\",\"classId\":\"69955e228e07f416331ee265\"},{\"status\":\"added\",\"studentId\":\"69955e228e07f416331ee38f\",\"classId\":\"69955e228e07f416331ee265\"},{\"status\":\"added\",\"studentId\":\"69955e228e07f416331ee39c\",\"classId\":\"69955e228e07f416331ee265\"},{\"status\":\"added\",\"studentId\":\"69955e228e07f416331ee3a9\",\"classId\":\"69955e228e07f416331ee265\"},{\"status\":\"added\",\"studentId\":\"69955e228e07f416331ee3b6\",\"classId\":\"69955e228e07f416331ee265\"},{\"status\":\"added\",\"studentId\":\"69955e228e07f416331ee3c3\",\"classId\":\"69955e228e07f416331ee265\"},{\"status\":\"added\",\"studentId\":\"69955e228e07f416331ee3d0\",\"classId\":\"69955e228e07f416331ee3d3\"},{\"status\":\"added\",\"studentId\":\"69955e228e07f416331ee3df\",\"classId\":\"69955e228e07f416331ee3d3\"},{\"status\":\"added\",\"studentId\":\"69955e228e07f416331ee3ec\",\"classId\":\"69955e228e07f416331ee3d3\"},{\"status\":\"added\",\"studentId\":\"69955e228e07f416331ee3f9\",\"classId\":\"69955e228e07f416331ee3d3\"},{\"status\":\"added\",\"studentId\":\"69955e228e07f416331ee406\",\"classId\":\"69955e228e07f416331ee3d3\"},{\"status\":\"added\",\"studentId\":\"69955e228e07f416331ee413\",\"classId\":\"69955e228e07f416331ee3d3\"},{\"status\":\"added\",\"studentId\":\"69955e228e07f416331ee420\",\"classId\":\"69955e228e07f416331ee3d3\"},{\"status\":\"added\",\"studentId\":\"69955e228e07f416331ee42d\",\"classId\":\"69955e228e07f416331ee3d3\"},{\"status\":\"added\",\"studentId\":\"69955e228e07f416331ee43a\",\"classId\":\"69955e228e07f416331ee3d3\"},{\"status\":\"added\",\"studentId\":\"69955e228e07f416331ee447\",\"classId\":\"69955e228e07f416331ee3d3\"},{\"status\":\"added\",\"studentId\":\"69955e228e07f416331ee454\",\"classId\":\"69955e228e07f416331ee3d3\"},{\"status\":\"added\",\"studentId\":\"69955e228e07f416331ee461\",\"classId\":\"69955e228e07f416331ee3d3\"},{\"status\":\"added\",\"studentId\":\"69955e228e07f416331ee46e\",\"classId\":\"69955e228e07f416331ee3d3\"},{\"status\":\"added\",\"studentId\":\"69955e228e07f416331ee47b\",\"classId\":\"69955e228e07f416331ee3d3\"},{\"status\":\"added\",\"studentId\":\"69955e228e07f416331ee488\",\"classId\":\"69955e228e07f416331ee3d3\"},{\"status\":\"added\",\"studentId\":\"69955e228e07f416331ee495\",\"classId\":\"69955e228e07f416331ee3d3\"},{\"status\":\"added\",\"studentId\":\"69955e228e07f416331ee4a2\",\"classId\":\"69955e228e07f416331ee3d3\"},{\"status\":\"added\",\"studentId\":\"69955e228e07f416331ee4af\",\"classId\":\"69955e228e07f416331ee3d3\"},{\"status\":\"added\",\"studentId\":\"69955e228e07f416331ee4bc\",\"classId\":\"69955e228e07f416331ee3d3\"},{\"status\":\"added\",\"studentId\":\"69955e228e07f416331ee4c9\",\"classId\":\"69955e228e07f416331ee3d3\"},{\"status\":\"added\",\"studentId\":\"69955e228e07f416331ee4d6\",\"classId\":\"69955e228e07f416331ee3d3\"},{\"status\":\"added\",\"studentId\":\"69955e238e07f416331ee4e3\",\"classId\":\"69955e228e07f416331ee3d3\"},{\"status\":\"added\",\"studentId\":\"69955e238e07f416331ee4f0\",\"classId\":\"69955e228e07f416331ee3d3\"},{\"status\":\"added\",\"studentId\":\"69955e238e07f416331ee4fd\",\"classId\":\"69955e228e07f416331ee3d3\"},{\"status\":\"added\",\"studentId\":\"69955e238e07f416331ee50a\",\"classId\":\"69955e228e07f416331ee3d3\"},{\"status\":\"added\",\"studentId\":\"69955e238e07f416331ee517\",\"classId\":\"69955e228e07f416331ee3d3\"},{\"status\":\"added\",\"studentId\":\"69955e238e07f416331ee524\",\"classId\":\"69955e228e07f416331ee3d3\"},{\"status\":\"added\",\"studentId\":\"69955e238e07f416331ee531\",\"classId\":\"69955e238e07f416331ee534\"},{\"status\":\"added\",\"studentId\":\"69955e238e07f416331ee540\",\"classId\":\"69955e238e07f416331ee534\"},{\"status\":\"added\",\"studentId\":\"69955e238e07f416331ee54d\",\"classId\":\"69955e238e07f416331ee534\"},{\"status\":\"added\",\"studentId\":\"69955e238e07f416331ee55a\",\"classId\":\"69955e238e07f416331ee534\"},{\"status\":\"added\",\"studentId\":\"69955e238e07f416331ee567\",\"classId\":\"69955e238e07f416331ee534\"},{\"status\":\"added\",\"studentId\":\"69955e238e07f416331ee574\",\"classId\":\"69955e238e07f416331ee534\"},{\"status\":\"added\",\"studentId\":\"69955e238e07f416331ee581\",\"classId\":\"69955e238e07f416331ee534\"},{\"status\":\"added\",\"studentId\":\"69955e238e07f416331ee58e\",\"classId\":\"69955e238e07f416331ee534\"},{\"status\":\"added\",\"studentId\":\"69955e238e07f416331ee59b\",\"classId\":\"69955e238e07f416331ee534\"},{\"status\":\"added\",\"studentId\":\"69955e238e07f416331ee5a8\",\"classId\":\"69955e238e07f416331ee534\"},{\"status\":\"added\",\"studentId\":\"69955e238e07f416331ee5b5\",\"classId\":\"69955e238e07f416331ee534\"},{\"status\":\"added\",\"studentId\":\"69955e238e07f416331ee5c2\",\"classId\":\"69955e238e07f416331ee534\"},{\"status\":\"added\",\"studentId\":\"69955e238e07f416331ee5cf\",\"classId\":\"69955e238e07f416331ee534\"},{\"status\":\"added\",\"studentId\":\"69955e238e07f416331ee5dc\",\"classId\":\"69955e238e07f416331ee534\"},{\"status\":\"added\",\"studentId\":\"69955e238e07f416331ee5e9\",\"classId\":\"69955e238e07f416331ee534\"},{\"status\":\"added\",\"studentId\":\"69955e238e07f416331ee5f6\",\"classId\":\"69955e238e07f416331ee534\"},{\"status\":\"added\",\"studentId\":\"69955e238e07f416331ee603\",\"classId\":\"69955e238e07f416331ee534\"},{\"status\":\"added\",\"studentId\":\"69955e238e07f416331ee610\",\"classId\":\"69955e238e07f416331ee534\"},{\"status\":\"added\",\"studentId\":\"69955e238e07f416331ee61d\",\"classId\":\"69955e238e07f416331ee534\"},{\"status\":\"added\",\"studentId\":\"69955e238e07f416331ee62a\",\"classId\":\"69955e238e07f416331ee534\"},{\"status\":\"added\",\"studentId\":\"69955e238e07f416331ee637\",\"classId\":\"69955e238e07f416331ee534\"},{\"status\":\"added\",\"studentId\":\"69955e238e07f416331ee644\",\"classId\":\"69955e238e07f416331ee534\"},{\"status\":\"added\",\"studentId\":\"69955e238e07f416331ee651\",\"classId\":\"69955e238e07f416331ee534\"},{\"status\":\"added\",\"studentId\":\"69955e238e07f416331ee65e\",\"classId\":\"69955e238e07f416331ee534\"},{\"status\":\"added\",\"studentId\":\"69955e238e07f416331ee66b\",\"classId\":\"69955e238e07f416331ee534\"},{\"status\":\"added\",\"studentId\":\"69955e238e07f416331ee678\",\"classId\":\"69955e238e07f416331ee534\"},{\"status\":\"added\",\"studentId\":\"69955e238e07f416331ee685\",\"classId\":\"69955e238e07f416331ee534\"}]",
    "startedAt": "2026-02-18T06:37:23.727Z",
    "finishedAt": "2026-02-18T06:37:23.727Z",
    "__v": 0
  },
  {
    "_id": "699579045ccbc7fe77fee1cc",
    "addedCount": 29,
    "updatedCount": 0,
    "errorCount": 0,
    "reportJson": "[{\"status\":\"added\",\"studentId\":\"699578ff5ccbc7fe77fedfc3\",\"classId\":\"69955f848e07f416331ee6bd\"},{\"status\":\"added\",\"studentId\":\"699578ff5ccbc7fe77fedfd5\",\"classId\":\"69955f848e07f416331ee6bd\"},{\"status\":\"added\",\"studentId\":\"699579005ccbc7fe77fedfe7\",\"classId\":\"69955f848e07f416331ee6b8\"},{\"status\":\"added\",\"studentId\":\"699579005ccbc7fe77fedff9\",\"classId\":\"69955f848e07f416331ee6b8\"},{\"status\":\"added\",\"studentId\":\"699579005ccbc7fe77fee00b\",\"classId\":\"69955f848e07f416331ee6bc\"},{\"status\":\"added\",\"studentId\":\"699579005ccbc7fe77fee01d\",\"classId\":\"69955f848e07f416331ee6bc\"},{\"status\":\"added\",\"studentId\":\"699579015ccbc7fe77fee02f\",\"classId\":\"69955f848e07f416331ee6ba\"},{\"status\":\"added\",\"studentId\":\"699579015ccbc7fe77fee042\",\"classId\":\"69955f848e07f416331ee6b9\"},{\"status\":\"added\",\"studentId\":\"699579015ccbc7fe77fee054\",\"classId\":\"69955f848e07f416331ee6b8\"},{\"status\":\"added\",\"studentId\":\"699579015ccbc7fe77fee066\",\"classId\":\"69955f848e07f416331ee6bb\"},{\"status\":\"added\",\"studentId\":\"699579015ccbc7fe77fee078\",\"classId\":\"69955f848e07f416331ee6bc\"},{\"status\":\"added\",\"studentId\":\"699579015ccbc7fe77fee08a\",\"classId\":\"69955f848e07f416331ee6b9\"},{\"status\":\"added\",\"studentId\":\"699579015ccbc7fe77fee09c\",\"classId\":\"69955f848e07f416331ee6b9\"},{\"status\":\"added\",\"studentId\":\"699579025ccbc7fe77fee0ae\",\"classId\":\"69955f848e07f416331ee6bd\"},{\"status\":\"added\",\"studentId\":\"699579025ccbc7fe77fee0c0\",\"classId\":\"69955f848e07f416331ee6bd\"},{\"status\":\"added\",\"studentId\":\"699579025ccbc7fe77fee0d2\",\"classId\":\"69955f848e07f416331ee6bb\"},{\"status\":\"added\",\"studentId\":\"699579025ccbc7fe77fee0e4\",\"classId\":\"69955f848e07f416331ee6b9\"},{\"status\":\"added\",\"studentId\":\"699579025ccbc7fe77fee0f6\",\"classId\":\"69955f848e07f416331ee6ba\"},{\"status\":\"added\",\"studentId\":\"699579025ccbc7fe77fee108\",\"classId\":\"69955f848e07f416331ee6b8\"},{\"status\":\"added\",\"studentId\":\"699579025ccbc7fe77fee11a\",\"classId\":\"69955f848e07f416331ee6b9\"},{\"status\":\"added\",\"studentId\":\"699579035ccbc7fe77fee12c\",\"classId\":\"69955f848e07f416331ee6b9\"},{\"status\":\"added\",\"studentId\":\"699579035ccbc7fe77fee13e\",\"classId\":\"69955f848e07f416331ee6ba\"},{\"status\":\"added\",\"studentId\":\"699579035ccbc7fe77fee150\",\"classId\":\"69955f848e07f416331ee6b9\"},{\"status\":\"added\",\"studentId\":\"699579035ccbc7fe77fee162\",\"classId\":\"69955f848e07f416331ee6bb\"},{\"status\":\"added\",\"studentId\":\"699579035ccbc7fe77fee174\",\"classId\":\"69955f848e07f416331ee6bd\"},{\"status\":\"added\",\"studentId\":\"699579035ccbc7fe77fee186\",\"classId\":\"69955f848e07f416331ee6bb\"},{\"status\":\"added\",\"studentId\":\"699579035ccbc7fe77fee198\",\"classId\":\"69955f848e07f416331ee6bd\"},{\"status\":\"added\",\"studentId\":\"699579045ccbc7fe77fee1aa\",\"classId\":\"69955f848e07f416331ee6bc\"},{\"status\":\"added\",\"studentId\":\"699579045ccbc7fe77fee1bc\",\"classId\":\"69955f848e07f416331ee6b9\"}]",
    "startedAt": "2026-02-18T08:32:04.309Z",
    "finishedAt": "2026-02-18T08:32:04.310Z",
    "__v": 0
  }
]