[
  {
    "_id": "6947cd8f3dd920f0d2a61c8a",
    "userId": "6930bb7ce1d9875b43a0b096",
    "userName": "Gilbert KHOUEIRY",
    "userRole": "ADMIN",
    "action": "START_IMPERSONATION",
    "details": {
      "targetUserId": "6947cca93dd920f0d2a618da",
      "targetUserEmail": "POLY",
      "targetUserRole": "TEACHER",
      "targetUserDisplayName": "POLY"
    },
    "timestamp": "2025-12-21T10:35:59.842Z",
    "ipAddress": "::1",
    "__v": 0
  },
  {
    "_id": "6947cd983dd920f0d2a61cf1",
    "userId": "6947cca93dd920f0d2a618da",
    "userName": "POLY",
    "userRole": "TEACHER",
    "action": "MARK_ASSIGNMENT_DONE",
    "details": {
      "assignmentId": "6947cd7108687cb5c9c35adf",
      "semester": 1,
      "templateId": "6947ccc33dd920f0d2a6190d",
      "templateName": "Presentation carnet 5pages + new des (Imported)",
      "studentId": "6947cd493dd920f0d2a61b33",
      "studentName": "VS VS"
    },
    "timestamp": "2025-12-21T10:36:08.595Z",
    "ipAddress": "::1",
    "__v": 0
  },
  {
    "_id": "6947cd9a3dd920f0d2a61cf7",
    "userId": "6930bb7ce1d9875b43a0b096",
    "userName": "Gilbert KHOUEIRY",
    "userRole": "ADMIN",
    "action": "START_IMPERSONATION",
    "details": {
      "targetUserId": "6947ccaf3dd920f0d2a618e3",
      "targetUserEmail": "ANG",
      "targetUserRole": "TEACHER",
      "targetUserDisplayName": "ANG"
    },
    "timestamp": "2025-12-21T10:36:10.275Z",
    "ipAddress": "::1",
    "__v": 0
  },
  {
    "_id": "6947cda43dd920f0d2a61d5e",
    "userId": "6947ccaf3dd920f0d2a618e3",
    "userName": "ANG",
    "userRole": "TEACHER",
    "action": "MARK_ASSIGNMENT_DONE",
    "details": {
      "assignmentId": "6947cd7108687cb5c9c35adf",
      "semester": 1,
      "templateId": "6947ccc33dd920f0d2a6190d",
      "templateName": "Presentation carnet 5pages + new des (Imported)",
      "studentId": "6947cd493dd920f0d2a61b33",
      "studentName": "VS VS"
    },
    "timestamp": "2025-12-21T10:36:20.603Z",
    "ipAddress": "::1",
    "__v": 0
  },
  {
    "_id": "6947cda73dd920f0d2a61d64",
    "userId": "6930bb7ce1d9875b43a0b096",
    "userName": "Gilbert KHOUEIRY",
    "userRole": "ADMIN",
    "action": "START_IMPERSONATION",
    "details": {
      "targetUserId": "6947ccb43dd920f0d2a618ed",
      "targetUserEmail": "ARA",
      "targetUserRole": "TEACHER",
      "targetUserDisplayName": "ARA"
    },
    "timestamp": "2025-12-21T10:36:23.175Z",
    "ipAddress": "::1",
    "__v": 0
  },
  {
    "_id": "6947cdaf3dd920f0d2a61dce",
    "userId": "6947ccb43dd920f0d2a618ed",
    "userName": "ARA",
    "userRole": "TEACHER",
    "action": "MARK_ASSIGNMENT_DONE",
    "details": {
      "assignmentId": "6947cd7108687cb5c9c35adf",
      "semester": 1,
      "templateId": "6947ccc33dd920f0d2a6190d",
      "templateName": "Presentation carnet 5pages + new des (Imported)",
      "studentId": "6947cd493dd920f0d2a61b33",
      "studentName": "VS VS"
    },
    "timestamp": "2025-12-21T10:36:31.483Z",
    "ipAddress": "::1",
    "__v": 0
  },
  {
    "_id": "6947cdb33dd920f0d2a61dd4",
    "userId": "6930bb7ce1d9875b43a0b096",
    "userName": "Gilbert KHOUEIRY",
    "userRole": "ADMIN",
    "action": "START_IMPERSONATION",
    "details": {
      "targetUserId": "6947ccba3dd920f0d2a618f6",
      "targetUserEmail": "PRE",
      "targetUserRole": "SUBADMIN",
      "targetUserDisplayName": "PRE"
    },
    "timestamp": "2025-12-21T10:36:35.079Z",
    "ipAddress": "::1",
    "__v": 0
  },
  {
    "_id": "6947cdb73dd920f0d2a61e6d",
    "userId": "6947ccba3dd920f0d2a618f6",
    "userName": "PRE",
    "userRole": "SUBADMIN",
    "action": "SIGN_TEMPLATE",
    "details": {
      "templateId": "6947ccc33dd920f0d2a6190d",
      "templateName": "Presentation carnet 5pages + new des (Imported)",
      "studentId": "6947cd493dd920f0d2a61b33",
      "studentName": "VS VS",
      "type": "standard"
    },
    "timestamp": "2025-12-21T10:36:39.532Z",
    "ipAddress": "::1",
    "__v": 0
  },
  {
    "_id": "6947cdc13dd920f0d2a61ecc",
    "userId": "6947ccb43dd920f0d2a618ed",
    "userName": "ARA",
    "userRole": "TEACHER",
    "action": "MARK_ASSIGNMENT_DONE",
    "details": {
      "assignmentId": "6947cd7108687cb5c9c35adf",
      "semester": 2,
      "templateId": "6947ccc33dd920f0d2a6190d",
      "templateName": "Presentation carnet 5pages + new des (Imported)",
      "studentId": "6947cd493dd920f0d2a61b33",
      "studentName": "VS VS"
    },
    "timestamp": "2025-12-21T10:36:49.173Z",
    "ipAddress": "::1",
    "__v": 0
  },
  {
    "_id": "6947cfe23dd920f0d2a61f50",
    "userId": "6947ccaf3dd920f0d2a618e3",
    "userName": "ANG",
    "userRole": "TEACHER",
    "action": "MARK_ASSIGNMENT_DONE",
    "details": {
      "assignmentId": "6947cd7108687cb5c9c35adf",
      "semester": 2,
      "templateId": "6947ccc33dd920f0d2a6190d",
      "templateName": "Presentation carnet 5pages + new des (Imported)",
      "studentId": "6947cd493dd920f0d2a61b33",
      "studentName": "VS VS"
    },
    "timestamp": "2025-12-21T10:45:54.556Z",
    "ipAddress": "::1",
    "__v": 0
  },
  {
    "_id": "6947cfe43dd920f0d2a61f86",
    "userId": "6947cca93dd920f0d2a618da",
    "userName": "POLY",
    "userRole": "TEACHER",
    "action": "MARK_ASSIGNMENT_DONE",
    "details": {
      "assignmentId": "6947cd7108687cb5c9c35adf",
      "semester": 2,
      "templateId": "6947ccc33dd920f0d2a6190d",
      "templateName": "Presentation carnet 5pages + new des (Imported)",
      "studentId": "6947cd493dd920f0d2a61b33",
      "studentName": "VS VS"
    },
    "timestamp": "2025-12-21T10:45:56.632Z",
    "ipAddress": "::1",
    "__v": 0
  },
  {
    "_id": "6947cfe83dd920f0d2a61fe6",
    "userId": "6947ccba3dd920f0d2a618f6",
    "userName": "PRE",
    "userRole": "SUBADMIN",
    "action": "SIGN_TEMPLATE",
    "details": {
      "templateId": "6947ccc33dd920f0d2a6190d",
      "templateName": "Presentation carnet 5pages + new des (Imported)",
      "studentId": "6947cd493dd920f0d2a61b33",
      "studentName": "VS VS",
      "type": "end_of_year"
    },
    "timestamp": "2025-12-21T10:46:00.045Z",
    "ipAddress": "::1",
    "__v": 0
  },
  {
    "_id": "6947cfee3dd920f0d2a6201c",
    "userId": "6947ccba3dd920f0d2a618f6",
    "userName": "PRE",
    "userRole": "SUBADMIN",
    "action": "PROMOTE_STUDENT",
    "details": {
      "studentId": "6947cd493dd920f0d2a61b33",
      "from": "PS",
      "to": "MS",
      "templateAssignmentId": "6947cd7108687cb5c9c35adf"
    },
    "timestamp": "2025-12-21T10:46:06.745Z",
    "ipAddress": "::1",
    "__v": 0
  },
  {
    "_id": "6947d02f3dd920f0d2a621a4",
    "userId": "6930bb7ce1d9875b43a0b096",
    "userName": "Gilbert KHOUEIRY",
    "userRole": "ADMIN",
    "action": "START_IMPERSONATION",
    "details": {
      "targetUserId": "6947cca93dd920f0d2a618da",
      "targetUserEmail": "POLY",
      "targetUserRole": "TEACHER",
      "targetUserDisplayName": "POLY"
    },
    "timestamp": "2025-12-21T10:47:11.303Z",
    "ipAddress": "::1",
    "__v": 0
  },
  {
    "_id": "6947d0593dd920f0d2a622ab",
    "userId": "6947cca93dd920f0d2a618da",
    "userName": "POLY",
    "userRole": "TEACHER",
    "action": "MARK_ASSIGNMENT_DONE",
    "details": {
      "assignmentId": "6947cd7108687cb5c9c35adf",
      "semester": 1,
      "templateId": "6947ccc33dd920f0d2a6190d",
      "templateName": "Presentation carnet 5pages + new des (Imported)",
      "studentId": "6947cd493dd920f0d2a61b33",
      "studentName": "VS VS"
    },
    "timestamp": "2025-12-21T10:47:53.386Z",
    "ipAddress": "::1",
    "__v": 0
  },
  {
    "_id": "6947d0713dd920f0d2a622c0",
    "userId": "6930bb7ce1d9875b43a0b096",
    "userName": "Gilbert KHOUEIRY",
    "userRole": "ADMIN",
    "action": "START_IMPERSONATION",
    "details": {
      "targetUserId": "6947ccaf3dd920f0d2a618e3",
      "targetUserEmail": "ANG",
      "targetUserRole": "TEACHER",
      "targetUserDisplayName": "ANG"
    },
    "timestamp": "2025-12-21T10:48:17.699Z",
    "ipAddress": "::1",
    "__v": 0
  },
  {
    "_id": "6947d0753dd920f0d2a6231e",
    "userId": "6947ccaf3dd920f0d2a618e3",
    "userName": "ANG",
    "userRole": "TEACHER",
    "action": "MARK_ASSIGNMENT_DONE",
    "details": {
      "assignmentId": "6947cd7108687cb5c9c35adf",
      "semester": 1,
      "templateId": "6947ccc33dd920f0d2a6190d",
      "templateName": "Presentation carnet 5pages + new des (Imported)",
      "studentId": "6947cd493dd920f0d2a61b33",
      "studentName": "VS VS"
    },
    "timestamp": "2025-12-21T10:48:21.599Z",
    "ipAddress": "::1",
    "__v": 0
  },
  {
    "_id": "6947d0793dd920f0d2a62324",
    "userId": "6930bb7ce1d9875b43a0b096",
    "userName": "Gilbert KHOUEIRY",
    "userRole": "ADMIN",
    "action": "START_IMPERSONATION",
    "details": {
      "targetUserId": "6947ccb43dd920f0d2a618ed",
      "targetUserEmail": "ARA",
      "targetUserRole": "TEACHER",
      "targetUserDisplayName": "ARA"
    },
    "timestamp": "2025-12-21T10:48:25.464Z",
    "ipAddress": "::1",
    "__v": 0
  },
  {
    "_id": "6947d07d3dd920f0d2a62382",
    "userId": "6947ccb43dd920f0d2a618ed",
    "userName": "ARA",
    "userRole": "TEACHER",
    "action": "MARK_ASSIGNMENT_DONE",
    "details": {
      "assignmentId": "6947cd7108687cb5c9c35adf",
      "semester": 1,
      "templateId": "6947ccc33dd920f0d2a6190d",
      "templateName": "Presentation carnet 5pages + new des (Imported)",
      "studentId": "6947cd493dd920f0d2a61b33",
      "studentName": "VS VS"
    },
    "timestamp": "2025-12-21T10:48:29.256Z",
    "ipAddress": "::1",
    "__v": 0
  },
  {
    "_id": "6947d0803dd920f0d2a62389",
    "userId": "6930bb7ce1d9875b43a0b096",
    "userName": "Gilbert KHOUEIRY",
    "userRole": "ADMIN",
    "action": "START_IMPERSONATION",
    "details": {
      "targetUserId": "6947ccba3dd920f0d2a618f6",
      "targetUserEmail": "PRE",
      "targetUserRole": "SUBADMIN",
      "targetUserDisplayName": "PRE"
    },
    "timestamp": "2025-12-21T10:48:32.587Z",
    "ipAddress": "::1",
    "__v": 0
  },
  {
    "_id": "6947d0833dd920f0d2a62422",
    "userId": "6947ccba3dd920f0d2a618f6",
    "userName": "PRE",
    "userRole": "SUBADMIN",
    "action": "SIGN_TEMPLATE",
    "details": {
      "templateId": "6947ccc33dd920f0d2a6190d",
      "templateName": "Presentation carnet 5pages + new des (Imported)",
      "studentId": "6947cd493dd920f0d2a61b33",
      "studentName": "VS VS",
      "type": "standard"
    },
    "timestamp": "2025-12-21T10:48:35.642Z",
    "ipAddress": "::1",
    "__v": 0
  },
  {
    "_id": "6947d09e3dd920f0d2a62485",
    "userId": "6947ccb43dd920f0d2a618ed",
    "userName": "ARA",
    "userRole": "TEACHER",
    "action": "MARK_ASSIGNMENT_DONE",
    "details": {
      "assignmentId": "6947cd7108687cb5c9c35adf",
      "semester": 2,
      "templateId": "6947ccc33dd920f0d2a6190d",
      "templateName": "Presentation carnet 5pages + new des (Imported)",
      "studentId": "6947cd493dd920f0d2a61b33",
      "studentName": "VS VS"
    },
    "timestamp": "2025-12-21T10:49:02.515Z",
    "ipAddress": "::1",
    "__v": 0
  },
  {
    "_id": "6947d0a13dd920f0d2a624bb",
    "userId": "6947ccaf3dd920f0d2a618e3",
    "userName": "ANG",
    "userRole": "TEACHER",
    "action": "MARK_ASSIGNMENT_DONE",
    "details": {
      "assignmentId": "6947cd7108687cb5c9c35adf",
      "semester": 2,
      "templateId": "6947ccc33dd920f0d2a6190d",
      "templateName": "Presentation carnet 5pages + new des (Imported)",
      "studentId": "6947cd493dd920f0d2a61b33",
      "studentName": "VS VS"
    },
    "timestamp": "2025-12-21T10:49:05.367Z",
    "ipAddress": "::1",
    "__v": 0
  },
  {
    "_id": "6947d0a43dd920f0d2a624f0",
    "userId": "6947cca93dd920f0d2a618da",
    "userName": "POLY",
    "userRole": "TEACHER",
    "action": "MARK_ASSIGNMENT_DONE",
    "details": {
      "assignmentId": "6947cd7108687cb5c9c35adf",
      "semester": 2,
      "templateId": "6947ccc33dd920f0d2a6190d",
      "templateName": "Presentation carnet 5pages + new des (Imported)",
      "studentId": "6947cd493dd920f0d2a61b33",
      "studentName": "VS VS"
    },
    "timestamp": "2025-12-21T10:49:08.221Z",
    "ipAddress": "::1",
    "__v": 0
  },
  {
    "_id": "6947d0a73dd920f0d2a62550",
    "userId": "6947ccba3dd920f0d2a618f6",
    "userName": "PRE",
    "userRole": "SUBADMIN",
    "action": "SIGN_TEMPLATE",
    "details": {
      "templateId": "6947ccc33dd920f0d2a6190d",
      "templateName": "Presentation carnet 5pages + new des (Imported)",
      "studentId": "6947cd493dd920f0d2a61b33",
      "studentName": "VS VS",
      "type": "end_of_year"
    },
    "timestamp": "2025-12-21T10:49:11.132Z",
    "ipAddress": "::1",
    "__v": 0
  },
  {
    "_id": "6947d0af3dd920f0d2a62588",
    "userId": "6947ccba3dd920f0d2a618f6",
    "userName": "PRE",
    "userRole": "SUBADMIN",
    "action": "PROMOTE_STUDENT",
    "details": {
      "studentId": "6947cd493dd920f0d2a61b33",
      "from": "MS",
      "to": "GS",
      "templateAssignmentId": "6947cd7108687cb5c9c35adf"
    },
    "timestamp": "2025-12-21T10:49:19.149Z",
    "ipAddress": "::1",
    "__v": 0
  },
  {
    "_id": "6947d1023dd920f0d2a6283d",
    "userId": "6930bb7ce1d9875b43a0b096",
    "userName": "Gilbert KHOUEIRY",
    "userRole": "ADMIN",
    "action": "START_IMPERSONATION",
    "details": {
      "targetUserId": "6947cca93dd920f0d2a618da",
      "targetUserEmail": "POLY",
      "targetUserRole": "TEACHER",
      "targetUserDisplayName": "POLY"
    },
    "timestamp": "2025-12-21T10:50:42.028Z",
    "ipAddress": "::1",
    "__v": 0
  },
  {
    "_id": "6947d11c3dd920f0d2a62942",
    "userId": "6947cca93dd920f0d2a618da",
    "userName": "POLY",
    "userRole": "TEACHER",
    "action": "MARK_ASSIGNMENT_DONE",
    "details": {
      "assignmentId": "6947cd7108687cb5c9c35adf",
      "semester": 1,
      "templateId": "6947ccc33dd920f0d2a6190d",
      "templateName": "Presentation carnet 5pages + new des (Imported)",
      "studentId": "6947cd493dd920f0d2a61b33",
      "studentName": "VS VS"
    },
    "timestamp": "2025-12-21T10:51:08.754Z",
    "ipAddress": "::1",
    "__v": 0
  },
  {
    "_id": "6947d1213dd920f0d2a62956",
    "userId": "6930bb7ce1d9875b43a0b096",
    "userName": "Gilbert KHOUEIRY",
    "userRole": "ADMIN",
    "action": "START_IMPERSONATION",
    "details": {
      "targetUserId": "6947ccaf3dd920f0d2a618e3",
      "targetUserEmail": "ANG",
      "targetUserRole": "TEACHER",
      "targetUserDisplayName": "ANG"
    },
    "timestamp": "2025-12-21T10:51:13.172Z",
    "ipAddress": "::1",
    "__v": 0
  },
  {
    "_id": "6947d1233dd920f0d2a629b2",
    "userId": "6947ccaf3dd920f0d2a618e3",
    "userName": "ANG",
    "userRole": "TEACHER",
    "action": "MARK_ASSIGNMENT_DONE",
    "details": {
      "assignmentId": "6947cd7108687cb5c9c35adf",
      "semester": 1,
      "templateId": "6947ccc33dd920f0d2a6190d",
      "templateName": "Presentation carnet 5pages + new des (Imported)",
      "studentId": "6947cd493dd920f0d2a61b33",
      "studentName": "VS VS"
    },
    "timestamp": "2025-12-21T10:51:15.903Z",
    "ipAddress": "::1",
    "__v": 0
  },
  {
    "_id": "6947d1253dd920f0d2a629b8",
    "userId": "6930bb7ce1d9875b43a0b096",
    "userName": "Gilbert KHOUEIRY",
    "userRole": "ADMIN",
    "action": "START_IMPERSONATION",
    "details": {
      "targetUserId": "6947ccb43dd920f0d2a618ed",
      "targetUserEmail": "ARA",
      "targetUserRole": "TEACHER",
      "targetUserDisplayName": "ARA"
    },
    "timestamp": "2025-12-21T10:51:17.278Z",
    "ipAddress": "::1",
    "__v": 0
  },
  {
    "_id": "6947d1283dd920f0d2a62a17",
    "userId": "6947ccb43dd920f0d2a618ed",
    "userName": "ARA",
    "userRole": "TEACHER",
    "action": "MARK_ASSIGNMENT_DONE",
    "details": {
      "assignmentId": "6947cd7108687cb5c9c35adf",
      "semester": 1,
      "templateId": "6947ccc33dd920f0d2a6190d",
      "templateName": "Presentation carnet 5pages + new des (Imported)",
      "studentId": "6947cd493dd920f0d2a61b33",
      "studentName": "VS VS"
    },
    "timestamp": "2025-12-21T10:51:20.292Z",
    "ipAddress": "::1",
    "__v": 0
  },
  {
    "_id": "6947d1293dd920f0d2a62a1d",
    "userId": "6930bb7ce1d9875b43a0b096",
    "userName": "Gilbert KHOUEIRY",
    "userRole": "ADMIN",
    "action": "START_IMPERSONATION",
    "details": {
      "targetUserId": "6947ccba3dd920f0d2a618f6",
      "targetUserEmail": "PRE",
      "targetUserRole": "SUBADMIN",
      "targetUserDisplayName": "PRE"
    },
    "timestamp": "2025-12-21T10:51:21.842Z",
    "ipAddress": "::1",
    "__v": 0
  },
  {
    "_id": "6947d1323dd920f0d2a62a7d",
    "userId": "6947ccb43dd920f0d2a618ed",
    "userName": "ARA",
    "userRole": "TEACHER",
    "action": "UNMARK_ASSIGNMENT_DONE",
    "details": {
      "assignmentId": "6947cd7108687cb5c9c35adf",
      "semester": 1,
      "templateId": "6947ccc33dd920f0d2a6190d",
      "templateName": "Presentation carnet 5pages + new des (Imported)",
      "studentId": "6947cd493dd920f0d2a61b33",
      "studentName": "VS VS"
    },
    "timestamp": "2025-12-21T10:51:30.542Z",
    "ipAddress": "::1",
    "__v": 0
  },
  {
    "_id": "6947d1343dd920f0d2a62a8c",
    "userId": "6947ccaf3dd920f0d2a618e3",
    "userName": "ANG",
    "userRole": "TEACHER",
    "action": "UNMARK_ASSIGNMENT_DONE",
    "details": {
      "assignmentId": "6947cd7108687cb5c9c35adf",
      "semester": 1,
      "templateId": "6947ccc33dd920f0d2a6190d",
      "templateName": "Presentation carnet 5pages + new des (Imported)",
      "studentId": "6947cd493dd920f0d2a61b33",
      "studentName": "VS VS"
    },
    "timestamp": "2025-12-21T10:51:32.774Z",
    "ipAddress": "::1",
    "__v": 0
  },
  {
    "_id": "6947d1363dd920f0d2a62a9b",
    "userId": "6947cca93dd920f0d2a618da",
    "userName": "POLY",
    "userRole": "TEACHER",
    "action": "UNMARK_ASSIGNMENT_DONE",
    "details": {
      "assignmentId": "6947cd7108687cb5c9c35adf",
      "semester": 1,
      "templateId": "6947ccc33dd920f0d2a6190d",
      "templateName": "Presentation carnet 5pages + new des (Imported)",
      "studentId": "6947cd493dd920f0d2a61b33",
      "studentName": "VS VS"
    },
    "timestamp": "2025-12-21T10:51:34.276Z",
    "ipAddress": "::1",
    "__v": 0
  },
  {
    "_id": "6947d17a3dd920f0d2a62c58",
    "userId": "6930bb7ce1d9875b43a0b096",
    "userName": "Gilbert KHOUEIRY",
    "userRole": "ADMIN",
    "action": "START_IMPERSONATION",
    "details": {
      "targetUserId": "6947cca93dd920f0d2a618da",
      "targetUserEmail": "POLY",
      "targetUserRole": "TEACHER",
      "targetUserDisplayName": "POLY"
    },
    "timestamp": "2025-12-21T10:52:42.759Z",
    "ipAddress": "::1",
    "__v": 0
  },
  {
    "_id": "6947d1853dd920f0d2a62cde",
    "userId": "6947cca93dd920f0d2a618da",
    "userName": "POLY",
    "userRole": "TEACHER",
    "action": "MARK_ASSIGNMENT_DONE",
    "details": {
      "assignmentId": "6947cd7108687cb5c9c35adf",
      "semester": 1,
      "templateId": "6947ccc33dd920f0d2a6190d",
      "templateName": "Presentation carnet 5pages + new des (Imported)",
      "studentId": "6947cd493dd920f0d2a61b33",
      "studentName": "VS VS"
    },
    "timestamp": "2025-12-21T10:52:53.893Z",
    "ipAddress": "::1",
    "__v": 0
  },
  {
    "_id": "6947d18e3dd920f0d2a62d77",
    "userId": "6947ccba3dd920f0d2a618f6",
    "userName": "PRE",
    "userRole": "SUBADMIN",
    "action": "SIGN_TEMPLATE",
    "details": {
      "templateId": "6947ccc33dd920f0d2a6190d",
      "templateName": "Presentation carnet 5pages + new des (Imported)",
      "studentId": "6947cd493dd920f0d2a61b33",
      "studentName": "VS VS",
      "type": "standard"
    },
    "timestamp": "2025-12-21T10:53:02.611Z",
    "ipAddress": "::1",
    "__v": 0
  },
  {
    "_id": "6947d1993dd920f0d2a62dd6",
    "userId": "6947cca93dd920f0d2a618da",
    "userName": "POLY",
    "userRole": "TEACHER",
    "action": "MARK_ASSIGNMENT_DONE",
    "details": {
      "assignmentId": "6947cd7108687cb5c9c35adf",
      "semester": 2,
      "templateId": "6947ccc33dd920f0d2a6190d",
      "templateName": "Presentation carnet 5pages + new des (Imported)",
      "studentId": "6947cd493dd920f0d2a61b33",
      "studentName": "VS VS"
    },
    "timestamp": "2025-12-21T10:53:13.048Z",
    "ipAddress": "::1",
    "__v": 0
  },
  {
    "_id": "6947d19c3dd920f0d2a62e36",
    "userId": "6947ccba3dd920f0d2a618f6",
    "userName": "PRE",
    "userRole": "SUBADMIN",
    "action": "SIGN_TEMPLATE",
    "details": {
      "templateId": "6947ccc33dd920f0d2a6190d",
      "templateName": "Presentation carnet 5pages + new des (Imported)",
      "studentId": "6947cd493dd920f0d2a61b33",
      "studentName": "VS VS",
      "type": "end_of_year"
    },
    "timestamp": "2025-12-21T10:53:16.360Z",
    "ipAddress": "::1",
    "__v": 0
  },
  {
    "_id": "6947d1a43dd920f0d2a62e6f",
    "userId": "6947ccba3dd920f0d2a618f6",
    "userName": "PRE",
    "userRole": "SUBADMIN",
    "action": "PROMOTE_STUDENT",
    "details": {
      "studentId": "6947cd493dd920f0d2a61b33",
      "from": "GS",
      "to": "EB1",
      "templateAssignmentId": "6947cd7108687cb5c9c35adf"
    },
    "timestamp": "2025-12-21T10:53:24.759Z",
    "ipAddress": "::1",
    "__v": 0
  },
  {
    "_id": "6947d6933dd920f0d2a630a7",
    "userId": "6930bb7ce1d9875b43a0b096",
    "userName": "Gilbert KHOUEIRY",
    "userRole": "ADMIN",
    "action": "START_IMPERSONATION",
    "details": {
      "targetUserId": "6947d6663dd920f0d2a62faf",
      "targetUserEmail": "all",
      "targetUserRole": "TEACHER",
      "targetUserDisplayName": "all"
    },
    "timestamp": "2025-12-21T11:14:27.603Z",
    "ipAddress": "::1",
    "__v": 0
  },
  {
    "_id": "6947d6aa3dd920f0d2a63103",
    "userId": "6947d6663dd920f0d2a62faf",
    "userName": "all",
    "userRole": "TEACHER",
    "action": "MARK_ASSIGNMENT_DONE",
    "details": {
      "assignmentId": "6947d6713dd920f0d2a62fde",
      "semester": 1,
      "templateId": "6947ccc33dd920f0d2a6190d",
      "templateName": "Presentation carnet 5pages + new des (Imported)",
      "studentId": "6947d6713dd920f0d2a62fd0",
      "studentName": "all all"
    },
    "timestamp": "2025-12-21T11:14:50.279Z",
    "ipAddress": "::1",
    "__v": 0
  },
  {
    "_id": "6947d6ac3dd920f0d2a63109",
    "userId": "6930bb7ce1d9875b43a0b096",
    "userName": "Gilbert KHOUEIRY",
    "userRole": "ADMIN",
    "action": "START_IMPERSONATION",
    "details": {
      "targetUserId": "6947ccba3dd920f0d2a618f6",
      "targetUserEmail": "PRE",
      "targetUserRole": "SUBADMIN",
      "targetUserDisplayName": "PRE"
    },
    "timestamp": "2025-12-21T11:14:52.566Z",
    "ipAddress": "::1",
    "__v": 0
  },
  {
    "_id": "6947d6c93dd920f0d2a63246",
    "userId": "6947d6663dd920f0d2a62faf",
    "userName": "all",
    "userRole": "TEACHER",
    "action": "UNMARK_ASSIGNMENT_DONE",
    "details": {
      "assignmentId": "6947d6713dd920f0d2a62fde",
      "semester": 1,
      "templateId": "6947ccc33dd920f0d2a6190d",
      "templateName": "Presentation carnet 5pages + new des (Imported)",
      "studentId": "6947d6713dd920f0d2a62fd0",
      "studentName": "all all"
    },
    "timestamp": "2025-12-21T11:15:21.063Z",
    "ipAddress": "::1",
    "__v": 0
  },
  {
    "_id": "6947d6ce3dd920f0d2a63292",
    "userId": "6947d6663dd920f0d2a62faf",
    "userName": "all",
    "userRole": "TEACHER",
    "action": "MARK_ASSIGNMENT_DONE",
    "details": {
      "assignmentId": "6947d6713dd920f0d2a62fde",
      "semester": 1,
      "templateId": "6947ccc33dd920f0d2a6190d",
      "templateName": "Presentation carnet 5pages + new des (Imported)",
      "studentId": "6947d6713dd920f0d2a62fd0",
      "studentName": "all all"
    },
    "timestamp": "2025-12-21T11:15:26.107Z",
    "ipAddress": "::1",
    "__v": 0
  },
  {
    "_id": "6947d6fd3dd920f0d2a63390",
    "userId": "6947d6663dd920f0d2a62faf",
    "userName": "all",
    "userRole": "TEACHER",
    "action": "UNMARK_ASSIGNMENT_DONE",
    "details": {
      "assignmentId": "6947d6713dd920f0d2a62fde",
      "semester": 1,
      "templateId": "6947ccc33dd920f0d2a6190d",
      "templateName": "Presentation carnet 5pages + new des (Imported)",
      "studentId": "6947d6713dd920f0d2a62fd0",
      "studentName": "all all"
    },
    "timestamp": "2025-12-21T11:16:13.109Z",
    "ipAddress": "::1",
    "__v": 0
  },
  {
    "_id": "6947d7023dd920f0d2a63402",
    "userId": "6947d6663dd920f0d2a62faf",
    "userName": "all",
    "userRole": "TEACHER",
    "action": "MARK_ASSIGNMENT_DONE",
    "details": {
      "assignmentId": "6947d6713dd920f0d2a62fde",
      "semester": 1,
      "templateId": "6947ccc33dd920f0d2a6190d",
      "templateName": "Presentation carnet 5pages + new des (Imported)",
      "studentId": "6947d6713dd920f0d2a62fd0",
      "studentName": "all all"
    },
    "timestamp": "2025-12-21T11:16:18.595Z",
    "ipAddress": "::1",
    "__v": 0
  },
  {
    "_id": "6947d7293dd920f0d2a6350b",
    "userId": "6947d6663dd920f0d2a62faf",
    "userName": "all",
    "userRole": "TEACHER",
    "action": "UNMARK_ASSIGNMENT_DONE",
    "details": {
      "assignmentId": "6947d6713dd920f0d2a62fde",
      "semester": 1,
      "templateId": "6947ccc33dd920f0d2a6190d",
      "templateName": "Presentation carnet 5pages + new des (Imported)",
      "studentId": "6947d6713dd920f0d2a62fd0",
      "studentName": "all all"
    },
    "timestamp": "2025-12-21T11:16:57.152Z",
    "ipAddress": "::1",
    "__v": 0
  },
  {
    "_id": "6947d72e3dd920f0d2a6357c",
    "userId": "6947d6663dd920f0d2a62faf",
    "userName": "all",
    "userRole": "TEACHER",
    "action": "MARK_ASSIGNMENT_DONE",
    "details": {
      "assignmentId": "6947d6713dd920f0d2a62fde",
      "semester": 1,
      "templateId": "6947ccc33dd920f0d2a6190d",
      "templateName": "Presentation carnet 5pages + new des (Imported)",
      "studentId": "6947d6713dd920f0d2a62fd0",
      "studentName": "all all"
    },
    "timestamp": "2025-12-21T11:17:02.158Z",
    "ipAddress": "::1",
    "__v": 0
  },
  {
    "_id": "6947d7553dd920f0d2a63621",
    "userId": "6947d6663dd920f0d2a62faf",
    "userName": "all",
    "userRole": "TEACHER",
    "action": "UNMARK_ASSIGNMENT_DONE",
    "details": {
      "assignmentId": "6947d6713dd920f0d2a62fde",
      "semester": 1,
      "templateId": "6947ccc33dd920f0d2a6190d",
      "templateName": "Presentation carnet 5pages + new des (Imported)",
      "studentId": "6947d6713dd920f0d2a62fd0",
      "studentName": "all all"
    },
    "timestamp": "2025-12-21T11:17:41.126Z",
    "ipAddress": "::1",
    "__v": 0
  },
  {
    "_id": "6947d75c3dd920f0d2a636ad",
    "userId": "6947d6663dd920f0d2a62faf",
    "userName": "all",
    "userRole": "TEACHER",
    "action": "MARK_ASSIGNMENT_DONE",
    "details": {
      "assignmentId": "6947d6713dd920f0d2a62fde",
      "semester": 1,
      "templateId": "6947ccc33dd920f0d2a6190d",
      "templateName": "Presentation carnet 5pages + new des (Imported)",
      "studentId": "6947d6713dd920f0d2a62fd0",
      "studentName": "all all"
    },
    "timestamp": "2025-12-21T11:17:48.876Z",
    "ipAddress": "::1",
    "__v": 0
  },
  {
    "_id": "6947d77c3dd920f0d2a63790",
    "userId": "6930bb7ce1d9875b43a0b096",
    "userName": "Gilbert KHOUEIRY",
    "userRole": "ADMIN",
    "action": "START_IMPERSONATION",
    "details": {
      "targetUserId": "6947ccba3dd920f0d2a618f6",
      "targetUserEmail": "PRE",
      "targetUserRole": "SUBADMIN",
      "targetUserDisplayName": "PRE"
    },
    "timestamp": "2025-12-21T11:18:20.458Z",
    "ipAddress": "::1",
    "__v": 0
  },
  {
    "_id": "6947d7e83dd920f0d2a63b0b",
    "userId": "6930bb7ce1d9875b43a0b096",
    "userName": "Gilbert KHOUEIRY",
    "userRole": "ADMIN",
    "action": "START_IMPERSONATION",
    "details": {
      "targetUserId": "6947d6663dd920f0d2a62faf",
      "targetUserEmail": "all",
      "targetUserRole": "TEACHER",
      "targetUserDisplayName": "all"
    },
    "timestamp": "2025-12-21T11:20:08.733Z",
    "ipAddress": "::1",
    "__v": 0
  },
  {
    "_id": "6947d7ed3dd920f0d2a63b65",
    "userId": "6947d6663dd920f0d2a62faf",
    "userName": "all",
    "userRole": "TEACHER",
    "action": "UNMARK_ASSIGNMENT_DONE",
    "details": {
      "assignmentId": "6947d6713dd920f0d2a62fde",
      "semester": 1,
      "templateId": "6947ccc33dd920f0d2a6190d",
      "templateName": "Presentation carnet 5pages + new des (Imported)",
      "studentId": "6947d6713dd920f0d2a62fd0",
      "studentName": "all all"
    },
    "timestamp": "2025-12-21T11:20:13.572Z",
    "ipAddress": "::1",
    "__v": 0
  },
  {
    "_id": "6947d7f13dd920f0d2a63b97",
    "userId": "6947d6663dd920f0d2a62faf",
    "userName": "all",
    "userRole": "TEACHER",
    "action": "MARK_ASSIGNMENT_DONE",
    "details": {
      "assignmentId": "6947d6713dd920f0d2a62fde",
      "semester": 1,
      "templateId": "6947ccc33dd920f0d2a6190d",
      "templateName": "Presentation carnet 5pages + new des (Imported)",
      "studentId": "6947d6713dd920f0d2a62fd0",
      "studentName": "all all"
    },
    "timestamp": "2025-12-21T11:20:17.276Z",
    "ipAddress": "::1",
    "__v": 0
  },
  {
    "_id": "6947d7f63dd920f0d2a63bfe",
    "userId": "6947ccba3dd920f0d2a618f6",
    "userName": "PRE",
    "userRole": "SUBADMIN",
    "action": "SIGN_TEMPLATE",
    "details": {
      "templateId": "6947ccc33dd920f0d2a6190d",
      "templateName": "Presentation carnet 5pages + new des (Imported)",
      "studentId": "6947d6713dd920f0d2a62fd0",
      "studentName": "all all",
      "type": "standard"
    },
    "timestamp": "2025-12-21T11:20:22.780Z",
    "ipAddress": "::1",
    "__v": 0
  },
  {
    "_id": "6947d7fa3dd920f0d2a63c32",
    "userId": "6947ccba3dd920f0d2a618f6",
    "userName": "PRE",
    "userRole": "SUBADMIN",
    "action": "UNSIGN_TEMPLATE",
    "details": {
      "templateId": "6947ccc33dd920f0d2a6190d",
      "templateName": "Presentation carnet 5pages + new des (Imported)",
      "studentId": "6947d6713dd920f0d2a62fd0",
      "studentName": "all all",
      "type": "standard"
    },
    "timestamp": "2025-12-21T11:20:26.471Z",
    "ipAddress": "::1",
    "__v": 0
  },
  {
    "_id": "6947d8093dd920f0d2a63c56",
    "userId": "6947ccba3dd920f0d2a618f6",
    "userName": "PRE",
    "userRole": "SUBADMIN",
    "action": "UPLOAD_SIGNATURE",
    "details": {
      "signatureUrl": "/uploads/signatures/signature-6947ccba3dd920f0d2a618f6-1766316041599.png"
    },
    "timestamp": "2025-12-21T11:20:41.602Z",
    "ipAddress": "::1",
    "__v": 0
  },
  {
    "_id": "6947d8123dd920f0d2a63cfa",
    "userId": "6947ccba3dd920f0d2a618f6",
    "userName": "PRE",
    "userRole": "SUBADMIN",
    "action": "SIGN_TEMPLATE",
    "details": {
      "templateId": "6947ccc33dd920f0d2a6190d",
      "templateName": "Presentation carnet 5pages + new des (Imported)",
      "studentId": "6947d6713dd920f0d2a62fd0",
      "studentName": "all all",
      "type": "standard"
    },
    "timestamp": "2025-12-21T11:20:50.415Z",
    "ipAddress": "::1",
    "__v": 0
  },
  {
    "_id": "6947d8223dd920f0d2a63d2e",
    "userId": "6947ccba3dd920f0d2a618f6",
    "userName": "PRE",
    "userRole": "SUBADMIN",
    "action": "UNSIGN_TEMPLATE",
    "details": {
      "templateId": "6947ccc33dd920f0d2a6190d",
      "templateName": "Presentation carnet 5pages + new des (Imported)",
      "studentId": "6947d6713dd920f0d2a62fd0",
      "studentName": "all all",
      "type": "standard"
    },
    "timestamp": "2025-12-21T11:21:06.084Z",
    "ipAddress": "::1",
    "__v": 0
  },
  {
    "_id": "6947d9713dd920f0d2a63e62",
    "userId": "6947ccba3dd920f0d2a618f6",
    "userName": "PRE",
    "userRole": "SUBADMIN",
    "action": "SIGN_TEMPLATE",
    "details": {
      "templateId": "6947ccc33dd920f0d2a6190d",
      "templateName": "Presentation carnet 5pages + new des (Imported)",
      "studentId": "6947d6713dd920f0d2a62fd0",
      "studentName": "all all",
      "type": "standard"
    },
    "timestamp": "2025-12-21T11:26:41.897Z",
    "ipAddress": "::1",
    "__v": 0
  },
  {
    "_id": "6947d9b33dd920f0d2a63ee6",
    "userId": "6947d6663dd920f0d2a62faf",
    "userName": "all",
    "userRole": "TEACHER",
    "action": "MARK_ASSIGNMENT_DONE",
    "details": {
      "assignmentId": "6947d98a3dd920f0d2a63ea1",
      "semester": 1,
      "templateId": "6947ccc33dd920f0d2a6190d",
      "templateName": "Presentation carnet 5pages + new des (Imported)",
      "studentId": "6947d98a3dd920f0d2a63e93",
      "studentName": "sigma sigma"
    },
    "timestamp": "2025-12-21T11:27:47.361Z",
    "ipAddress": "::1",
    "__v": 0
  },
  {
    "_id": "6947d9bf3dd920f0d2a63f75",
    "userId": "6947ccba3dd920f0d2a618f6",
    "userName": "PRE",
    "userRole": "SUBADMIN",
    "action": "SIGN_TEMPLATE",
    "details": {
      "templateId": "6947ccc33dd920f0d2a6190d",
      "templateName": "Presentation carnet 5pages + new des (Imported)",
      "studentId": "6947d98a3dd920f0d2a63e93",
      "studentName": "sigma sigma",
      "type": "standard"
    },
    "timestamp": "2025-12-21T11:27:59.267Z",
    "ipAddress": "::1",
    "__v": 0
  },
  {
    "_id": "6947d9c43dd920f0d2a63fa9",
    "userId": "6947ccba3dd920f0d2a618f6",
    "userName": "PRE",
    "userRole": "SUBADMIN",
    "action": "UNSIGN_TEMPLATE",
    "details": {
      "templateId": "6947ccc33dd920f0d2a6190d",
      "templateName": "Presentation carnet 5pages + new des (Imported)",
      "studentId": "6947d98a3dd920f0d2a63e93",
      "studentName": "sigma sigma",
      "type": "standard"
    },
    "timestamp": "2025-12-21T11:28:04.939Z",
    "ipAddress": "::1",
    "__v": 0
  },
  {
    "_id": "6947da1e6424c9b3624f2ff2",
    "userId": "6947d6663dd920f0d2a62faf",
    "userName": "all",
    "userRole": "TEACHER",
    "action": "MARK_ASSIGNMENT_DONE",
    "details": {
      "assignmentId": "6947da186424c9b3624f2f8a",
      "semester": 1,
      "templateId": "6947ccc33dd920f0d2a6190d",
      "templateName": "Presentation carnet 5pages + new des (Imported)",
      "studentId": "6947da186424c9b3624f2f7c",
      "studentName": "sig sig"
    },
    "timestamp": "2025-12-21T11:29:34.000Z",
    "ipAddress": "::1",
    "__v": 0
  },
  {
    "_id": "6947da2e6424c9b3624f30a7",
    "userId": "6947ccba3dd920f0d2a618f6",
    "userName": "PRE",
    "userRole": "SUBADMIN",
    "action": "SIGN_TEMPLATE",
    "details": {
      "templateId": "6947ccc33dd920f0d2a6190d",
      "templateName": "Presentation carnet 5pages + new des (Imported)",
      "studentId": "6947da186424c9b3624f2f7c",
      "studentName": "sig sig",
      "type": "standard"
    },
    "timestamp": "2025-12-21T11:29:50.677Z",
    "ipAddress": "::1",
    "__v": 0
  },
  {
    "_id": "6947de976424c9b3624f31a6",
    "userId": "6930bb7ce1d9875b43a0b096",
    "userName": "Gilbert KHOUEIRY",
    "userRole": "ADMIN",
    "action": "LOGIN_MICROSOFT",
    "details": {
      "email": "gilbert.khoueiry@champville.edu.lb"
    },
    "timestamp": "2025-12-21T11:48:39.288Z",
    "ipAddress": "::1",
    "__v": 0
  },
  {
    "_id": "6947df5f6424c9b3624f3212",
    "userId": "6947d6663dd920f0d2a62faf",
    "userName": "all",
    "userRole": "TEACHER",
    "action": "MARK_ASSIGNMENT_DONE",
    "details": {
      "assignmentId": "6947da186424c9b3624f2f8a",
      "semester": 2,
      "templateId": "6947ccc33dd920f0d2a6190d",
      "templateName": "Presentation carnet 5pages + new des (Imported)",
      "studentId": "6947da186424c9b3624f2f7c",
      "studentName": "sig sig"
    },
    "timestamp": "2025-12-21T11:51:59.639Z",
    "ipAddress": "::1",
    "__v": 0
  },
  {
    "_id": "6947df6f6424c9b3624f32a5",
    "userId": "6947ccba3dd920f0d2a618f6",
    "userName": "PRE",
    "userRole": "SUBADMIN",
    "action": "SIGN_TEMPLATE",
    "details": {
      "templateId": "6947ccc33dd920f0d2a6190d",
      "templateName": "Presentation carnet 5pages + new des (Imported)",
      "studentId": "6947da186424c9b3624f2f7c",
      "studentName": "sig sig",
      "type": "end_of_year"
    },
    "timestamp": "2025-12-21T11:52:15.998Z",
    "ipAddress": "::1",
    "__v": 0
  },
  {
    "_id": "6947df8b6424c9b3624f338e",
    "userId": "6947ccba3dd920f0d2a618f6",
    "userName": "PRE",
    "userRole": "SUBADMIN",
    "action": "PROMOTE_STUDENT",
    "details": {
      "studentId": "6947da186424c9b3624f2f7c",
      "from": "PS",
      "to": "MS",
      "templateAssignmentId": "6947da186424c9b3624f2f8a"
    },
    "timestamp": "2025-12-21T11:52:43.583Z",
    "ipAddress": "::1",
    "__v": 0
  },
  {
    "_id": "6947e1026424c9b3624f3448",
    "userId": "6947d6663dd920f0d2a62faf",
    "userName": "all",
    "userRole": "TEACHER",
    "action": "MARK_ASSIGNMENT_DONE",
    "details": {
      "assignmentId": "6947e0fd6424c9b3624f3409",
      "semester": 2,
      "templateId": "6947ccc33dd920f0d2a6190d",
      "templateName": "Presentation carnet 5pages + new des (Imported)",
      "studentId": "6947e0fd6424c9b3624f33fb",
      "studentName": "fin fin"
    },
    "timestamp": "2025-12-21T11:58:58.668Z",
    "ipAddress": "::1",
    "__v": 0
  },
  {
    "_id": "6947e10c6424c9b3624f34e3",
    "userId": "6947ccba3dd920f0d2a618f6",
    "userName": "PRE",
    "userRole": "SUBADMIN",
    "action": "SIGN_TEMPLATE",
    "details": {
      "templateId": "6947ccc33dd920f0d2a6190d",
      "templateName": "Presentation carnet 5pages + new des (Imported)",
      "studentId": "6947e0fd6424c9b3624f33fb",
      "studentName": "fin fin",
      "type": "end_of_year"
    },
    "timestamp": "2025-12-21T11:59:08.552Z",
    "ipAddress": "::1",
    "__v": 0
  },
  {
    "_id": "6947e10e6424c9b3624f351b",
    "userId": "6947ccba3dd920f0d2a618f6",
    "userName": "PRE",
    "userRole": "SUBADMIN",
    "action": "PROMOTE_STUDENT",
    "details": {
      "studentId": "6947e0fd6424c9b3624f33fb",
      "from": "PS",
      "to": "MS",
      "templateAssignmentId": "6947e0fd6424c9b3624f3409"
    },
    "timestamp": "2025-12-21T11:59:10.752Z",
    "ipAddress": "::1",
    "__v": 0
  },
  {
    "_id": "6947e1ff33e6fb0c10f953a5",
    "userId": "6947d6663dd920f0d2a62faf",
    "userName": "all",
    "userRole": "TEACHER",
    "action": "MARK_ASSIGNMENT_DONE",
    "details": {
      "assignmentId": "6947e1f133e6fb0c10f9529d",
      "semester": 2,
      "templateId": "6947ccc33dd920f0d2a6190d",
      "templateName": "Presentation carnet 5pages + new des (Imported)",
      "studentId": "6947e1f133e6fb0c10f9528f",
      "studentName": "pictf pictf"
    },
    "timestamp": "2025-12-21T12:03:11.653Z",
    "ipAddress": "::1",
    "__v": 0
  },
  {
    "_id": "6947e20333e6fb0c10f95400",
    "userId": "6947ccba3dd920f0d2a618f6",
    "userName": "PRE",
    "userRole": "SUBADMIN",
    "action": "SIGN_TEMPLATE",
    "details": {
      "templateId": "6947ccc33dd920f0d2a6190d",
      "templateName": "Presentation carnet 5pages + new des (Imported)",
      "studentId": "6947e1f133e6fb0c10f9528f",
      "studentName": "pictf pictf",
      "type": "end_of_year"
    },
    "timestamp": "2025-12-21T12:03:15.987Z",
    "ipAddress": "::1",
    "__v": 0
  },
  {
    "_id": "6947e20933e6fb0c10f9543b",
    "userId": "6947ccba3dd920f0d2a618f6",
    "userName": "PRE",
    "userRole": "SUBADMIN",
    "action": "PROMOTE_STUDENT",
    "details": {
      "studentId": "6947e1f133e6fb0c10f9528f",
      "from": "PS",
      "to": "MS",
      "templateAssignmentId": "6947e1f133e6fb0c10f9529d"
    },
    "timestamp": "2025-12-21T12:03:21.437Z",
    "ipAddress": "::1",
    "__v": 0
  },
  {
    "_id": "6947ebbe9064e37143ab0ecf",
    "userId": "6930bb7ce1d9875b43a0b096",
    "userName": "Gilbert KHOUEIRY",
    "userRole": "ADMIN",
    "action": "START_IMPERSONATION",
    "details": {
      "targetUserId": "6947ccba3dd920f0d2a618f6",
      "targetUserEmail": "PRE",
      "targetUserRole": "SUBADMIN",
      "targetUserDisplayName": "PRE"
    },
    "timestamp": "2025-12-21T12:44:46.835Z",
    "ipAddress": "::1",
    "__v": 0
  },
  {
    "_id": "6947ebbe9064e37143ab0ee3",
    "userId": "6930bb7ce1d9875b43a0b096",
    "userName": "Gilbert KHOUEIRY",
    "userRole": "ADMIN",
    "action": "STOP_IMPERSONATION",
    "details": {
      "previousImpersonatedUserId": "6947ccba3dd920f0d2a618f6"
    },
    "timestamp": "2025-12-21T12:44:46.884Z",
    "ipAddress": "::1",
    "__v": 0
  },
  {
    "_id": "6947ebbe9064e37143ab0eed",
    "userId": "6930bb7ce1d9875b43a0b096",
    "userName": "Gilbert KHOUEIRY",
    "userRole": "ADMIN",
    "action": "START_IMPERSONATION",
    "details": {
      "targetUserId": "6947cca93dd920f0d2a618da",
      "targetUserEmail": "POLY",
      "targetUserRole": "TEACHER",
      "targetUserDisplayName": "POLY"
    },
    "timestamp": "2025-12-21T12:44:46.912Z",
    "ipAddress": "::1",
    "__v": 0
  },
  {
    "_id": "6947ebbe9064e37143ab0ef6",
    "userId": "6930bb7ce1d9875b43a0b096",
    "userName": "Gilbert KHOUEIRY",
    "userRole": "ADMIN",
    "action": "STOP_IMPERSONATION",
    "details": {
      "previousImpersonatedUserId": "6947cca93dd920f0d2a618da"
    },
    "timestamp": "2025-12-21T12:44:46.937Z",
    "ipAddress": "::1",
    "__v": 0
  },
  {
    "_id": "6947ebbe9064e37143ab0f08",
    "userId": "6930bb7ce1d9875b43a0b096",
    "userName": "Gilbert KHOUEIRY",
    "userRole": "ADMIN",
    "action": "START_IMPERSONATION",
    "details": {
      "targetUserId": "6947ccba3dd920f0d2a618f6",
      "targetUserEmail": "PRE",
      "targetUserRole": "SUBADMIN",
      "targetUserDisplayName": "PRE"
    },
    "timestamp": "2025-12-21T12:44:46.985Z",
    "ipAddress": "::1",
    "__v": 0
  },
  {
    "_id": "6947ebbf9064e37143ab0f1e",
    "userId": "6930bb7ce1d9875b43a0b096",
    "userName": "Gilbert KHOUEIRY",
    "userRole": "ADMIN",
    "action": "STOP_IMPERSONATION",
    "details": {
      "previousImpersonatedUserId": "6947ccba3dd920f0d2a618f6"
    },
    "timestamp": "2025-12-21T12:44:47.020Z",
    "ipAddress": "::1",
    "__v": 0
  },
  {
    "_id": "6947fa1f9064e37143ab11e6",
    "userId": "6930bb7ce1d9875b43a0b096",
    "userName": "Gilbert KHOUEIRY",
    "userRole": "ADMIN",
    "action": "START_IMPERSONATION",
    "details": {
      "targetUserId": "6947ccba3dd920f0d2a618f6",
      "targetUserEmail": "PRE",
      "targetUserRole": "SUBADMIN",
      "targetUserDisplayName": "PRE"
    },
    "timestamp": "2025-12-21T13:46:07.426Z",
    "ipAddress": "::1",
    "__v": 0
  },
  {
    "_id": "6947fb6f9064e37143ab125d",
    "userId": "6930bb7ce1d9875b43a0b096",
    "userName": "Gilbert KHOUEIRY",
    "userRole": "ADMIN",
    "action": "START_IMPERSONATION",
    "details": {
      "targetUserId": "6947fb6c9064e37143ab1253",
      "targetUserEmail": "rpp",
      "targetUserRole": "AEFE",
      "targetUserDisplayName": "rpp"
    },
    "timestamp": "2025-12-21T13:51:43.057Z",
    "ipAddress": "::1",
    "__v": 0
  },
  {
    "_id": "6947fca49064e37143ab12d5",
    "userId": "6930bb7ce1d9875b43a0b096",
    "userName": "Gilbert KHOUEIRY",
    "userRole": "ADMIN",
    "action": "START_IMPERSONATION",
    "details": {
      "targetUserId": "6947ccba3dd920f0d2a618f6",
      "targetUserEmail": "PRE",
      "targetUserRole": "SUBADMIN",
      "targetUserDisplayName": "PRE"
    },
    "timestamp": "2025-12-21T13:56:52.327Z",
    "ipAddress": "::1",
    "__v": 0
  },
  {
    "_id": "69482811053521c5e79a0b2a",
    "userId": "6930bb7ce1d9875b43a0b096",
    "userName": "Gilbert KHOUEIRY",
    "userRole": "ADMIN",
    "action": "LOGIN_MICROSOFT",
    "details": {
      "email": "gilbert.khoueiry@champville.edu.lb"
    },
    "timestamp": "2025-12-21T17:02:09.377Z",
    "ipAddress": "::1",
    "__v": 0
  },
  {
    "_id": "69482818053521c5e79a0ba8",
    "userId": "6930bb7ce1d9875b43a0b096",
    "userName": "Gilbert KHOUEIRY",
    "userRole": "ADMIN",
    "action": "START_IMPERSONATION",
    "details": {
      "targetUserId": "6947ccba3dd920f0d2a618f6",
      "targetUserEmail": "PRE",
      "targetUserRole": "SUBADMIN",
      "targetUserDisplayName": "PRE"
    },
    "timestamp": "2025-12-21T17:02:16.114Z",
    "ipAddress": "::1",
    "__v": 0
  },
  {
    "_id": "69499ba0d009a4bead9e600e",
    "userId": "6930bb7ce1d9875b43a0b096",
    "userName": "Gilbert KHOUEIRY",
    "userRole": "ADMIN",
    "action": "LOGIN_MICROSOFT",
    "details": {
      "email": "gilbert.khoueiry@champville.edu.lb"
    },
    "timestamp": "2025-12-22T19:27:28.972Z",
    "ipAddress": "::1",
    "__v": 0
  },
  {
    "_id": "69499baed009a4bead9e6056",
    "userId": "6930bb7ce1d9875b43a0b096",
    "userName": "Gilbert KHOUEIRY",
    "userRole": "ADMIN",
    "action": "START_IMPERSONATION",
    "details": {
      "targetUserId": "6947d6663dd920f0d2a62faf",
      "targetUserEmail": "all",
      "targetUserRole": "TEACHER",
      "targetUserDisplayName": "all"
    },
    "timestamp": "2025-12-22T19:27:42.294Z",
    "ipAddress": "::1",
    "__v": 0
  },
  {
    "_id": "69499bb2d009a4bead9e60b3",
    "userId": "6947d6663dd920f0d2a62faf",
    "userName": "all",
    "userRole": "TEACHER",
    "action": "MARK_ASSIGNMENT_DONE",
    "details": {
      "assignmentId": "69499ba9d009a4bead9e603e",
      "semester": 2,
      "templateId": "6947ccc33dd920f0d2a6190d",
      "templateName": "Presentation carnet 5pages + new des (Imported)",
      "studentId": "69499ba9d009a4bead9e6030",
      "studentName": "ffffffffffff fffffffffffff"
    },
    "timestamp": "2025-12-22T19:27:46.809Z",
    "ipAddress": "::1",
    "__v": 0
  },
  {
    "_id": "69499bb6d009a4bead9e60b9",
    "userId": "6930bb7ce1d9875b43a0b096",
    "userName": "Gilbert KHOUEIRY",
    "userRole": "ADMIN",
    "action": "START_IMPERSONATION",
    "details": {
      "targetUserId": "6947ccba3dd920f0d2a618f6",
      "targetUserEmail": "PRE",
      "targetUserRole": "SUBADMIN",
      "targetUserDisplayName": "PRE"
    },
    "timestamp": "2025-12-22T19:27:50.030Z",
    "ipAddress": "::1",
    "__v": 0
  },
  {
    "_id": "69499bbad009a4bead9e6168",
    "userId": "6947ccba3dd920f0d2a618f6",
    "userName": "PRE",
    "userRole": "SUBADMIN",
    "action": "SIGN_TEMPLATE",
    "details": {
      "templateId": "6947ccc33dd920f0d2a6190d",
      "templateName": "Presentation carnet 5pages + new des (Imported)",
      "studentId": "69499ba9d009a4bead9e6030",
      "studentName": "ffffffffffff fffffffffffff",
      "type": "end_of_year"
    },
    "timestamp": "2025-12-22T19:27:54.762Z",
    "ipAddress": "::1",
    "__v": 0
  },
  {
    "_id": "69499bbcd009a4bead9e61a3",
    "userId": "6947ccba3dd920f0d2a618f6",
    "userName": "PRE",
    "userRole": "SUBADMIN",
    "action": "PROMOTE_STUDENT",
    "details": {
      "studentId": "69499ba9d009a4bead9e6030",
      "from": "PS",
      "to": "MS",
      "templateAssignmentId": "69499ba9d009a4bead9e603e"
    },
    "timestamp": "2025-12-22T19:27:56.498Z",
    "ipAddress": "::1",
    "__v": 0
  },
  {
    "_id": "69499be6d009a4bead9e629f",
    "userId": "6930bb7ce1d9875b43a0b096",
    "userName": "Gilbert KHOUEIRY",
    "userRole": "ADMIN",
    "action": "START_IMPERSONATION",
    "details": {
      "targetUserId": "6947d6663dd920f0d2a62faf",
      "targetUserEmail": "all",
      "targetUserRole": "TEACHER",
      "targetUserDisplayName": "all"
    },
    "timestamp": "2025-12-22T19:28:38.495Z",
    "ipAddress": "::1",
    "__v": 0
  }
]