[
  {
    "_id": "6947cfee3dd920f0d2a6200c",
    "studentId": "6947cd493dd920f0d2a61b33",
    "schoolYearId": "6947ccd03dd920f0d2a619fe",
    "level": "PS",
    "classId": "6947cd413dd920f0d2a61b26",
    "templateId": "6947ccc33dd920f0d2a6190d",
    "data": {
      "student": {
        "_id": "6947cd493dd920f0d2a61b33",
        "logicalKey": "vs_vs_2000-01-01",
        "firstName": "VS",
        "lastName": "VS",
        "dateOfBirth": "2000-01-01T00:00:00.000Z",
        "status": "active",
        "promotions": [],
        "__v": 0
      },
      "enrollment": {
        "_id": "6947cd493dd920f0d2a61b37",
        "studentId": "6947cd493dd920f0d2a61b33",
        "classId": "6947cd413dd920f0d2a61b26",
        "schoolYearId": "6947ccd03dd920f0d2a619fe",
        "status": "active",
        "promotionStatus": "pending",
        "__v": 0
      },
      "statuses": [],
      "assignment": {
        "_id": "6947cd7108687cb5c9c35adf",
        "studentId": "6947cd493dd920f0d2a61b33",
        "templateId": "6947ccc33dd920f0d2a6190d",
        "__v": 0,
        "assignedAt": "2025-12-21T10:35:29.225Z",
        "assignedBy": "6930bb7ce1d9875b43a0b096",
        "assignedTeachers": [
          "6947cca93dd920f0d2a618da",
          "6947ccaf3dd920f0d2a618e3",
          "6947ccb43dd920f0d2a618ed"
        ],
        "completedAt": "2025-12-21T10:36:31.478Z",
        "completedAtSem1": "2025-12-21T10:36:31.478Z",
        "completedAtSem2": "2025-12-21T10:45:56.627Z",
        "completedBy": "6947ccb43dd920f0d2a618ed",
        "completionSchoolYearId": "6947ccd03dd920f0d2a619fe",
        "createdAt": "2025-12-21T10:35:29.225Z",
        "data": {
          "table_675cb0ea-0f32-4cbe-9169-805652b45ea6_row_fd942b26-ee74-4af0-ba9e-51990c62ea3b": [
            {
              "code": "lb",
              "label": "Lebanese",
              "emoji": "🇱🇧",
              "active": true,
              "level": "PS"
            },
            {
              "code": "fr",
              "label": "French",
              "emoji": "🇫🇷",
              "active": true,
              "level": "PS"
            },
            {
              "code": "en",
              "label": "English",
              "emoji": "🇬🇧",
              "active": true,
              "level": "PS"
            }
          ],
          "signatures": [
            {
              "type": "standard",
              "signedAt": "2025-12-21T10:36:39.518Z",
              "subAdminId": "6947ccba3dd920f0d2a618f6",
              "schoolYearId": "6947ccd03dd920f0d2a619fe",
              "schoolYearName": "2024/2025",
              "level": "PS"
            },
            {
              "type": "end_of_year",
              "signedAt": "2025-12-21T10:46:00.038Z",
              "subAdminId": "6947ccba3dd920f0d2a618f6",
              "schoolYearId": "6947cccf3dd920f0d2a619f3",
              "schoolYearName": "2025/2026",
              "level": "PS"
            }
          ]
        },
        "dataVersion": 3,
        "isCompleted": true,
        "isCompletedSem1": true,
        "isCompletedSem2": true,
        "status": "signed",
        "teacherCompletions": [
          {
            "teacherId": "6947cca93dd920f0d2a618da",
            "completed": true,
            "completedAt": "2025-12-21T10:36:08.590Z",
            "completedSem1": true,
            "completedAtSem1": "2025-12-21T10:36:08.590Z",
            "completedSem2": true,
            "completedAtSem2": "2025-12-21T10:45:56.627Z",
            "_id": "6947cd983dd920f0d2a61ceb"
          },
          {
            "teacherId": "6947ccaf3dd920f0d2a618e3",
            "completed": true,
            "completedAt": "2025-12-21T10:36:20.599Z",
            "completedSem1": true,
            "completedAtSem1": "2025-12-21T10:36:20.599Z",
            "completedSem2": true,
            "completedAtSem2": "2025-12-21T10:45:54.549Z",
            "_id": "6947cda43dd920f0d2a61d57"
          },
          {
            "teacherId": "6947ccb43dd920f0d2a618ed",
            "completed": true,
            "completedAt": "2025-12-21T10:36:31.478Z",
            "completedSem1": true,
            "completedAtSem1": "2025-12-21T10:36:31.478Z",
            "completedSem2": true,
            "completedAtSem2": "2025-12-21T10:36:49.168Z",
            "_id": "6947cdaf3dd920f0d2a61dc6"
          }
        ],
        "templateVersion": 1,
        "updatedAt": "2025-12-21T10:46:00.040Z"
      },
      "className": "PS A"
    },
    "createdAt": "2025-12-21T10:46:06.736Z",
    "__v": 0
  },
  {
    "_id": "6947d0af3dd920f0d2a62578",
    "studentId": "6947cd493dd920f0d2a61b33",
    "schoolYearId": "6947cccf3dd920f0d2a619f3",
    "level": "MS",
    "classId": "6947cff43dd920f0d2a62030",
    "templateId": "6947ccc33dd920f0d2a6190d",
    "data": {
      "student": {
        "_id": "6947cd493dd920f0d2a61b33",
        "logicalKey": "vs_vs_2000-01-01",
        "firstName": "VS",
        "lastName": "VS",
        "dateOfBirth": "2000-01-01T00:00:00.000Z",
        "status": "active",
        "promotions": [
          {
            "schoolYearId": "6947ccd03dd920f0d2a619fe",
            "date": "2025-12-21T10:46:06.739Z",
            "fromLevel": "PS",
            "toLevel": "MS",
            "promotedBy": "6947ccba3dd920f0d2a618f6",
            "_id": "6947cfee3dd920f0d2a62012"
          }
        ],
        "__v": 1,
        "nextLevel": "MS"
      },
      "enrollment": {
        "_id": "6947cfee3dd920f0d2a62010",
        "studentId": "6947cd493dd920f0d2a61b33",
        "schoolYearId": "6947cccf3dd920f0d2a619f3",
        "status": "active",
        "promotionStatus": "pending",
        "__v": 0,
        "classId": "6947cff43dd920f0d2a62030"
      },
      "statuses": [],
      "assignment": {
        "_id": "6947cd7108687cb5c9c35adf",
        "studentId": "6947cd493dd920f0d2a61b33",
        "templateId": "6947ccc33dd920f0d2a6190d",
        "__v": 0,
        "assignedAt": "2025-12-21T10:47:25.801Z",
        "assignedBy": "6930bb7ce1d9875b43a0b096",
        "assignedTeachers": [
          "6947cca93dd920f0d2a618da",
          "6947ccaf3dd920f0d2a618e3",
          "6947ccb43dd920f0d2a618ed"
        ],
        "completedAt": "2025-12-21T10:48:29.251Z",
        "completedAtSem1": "2025-12-21T10:48:29.251Z",
        "completedAtSem2": "2025-12-21T10:49:08.216Z",
        "completedBy": "6947ccb43dd920f0d2a618ed",
        "completionSchoolYearId": "6947cccf3dd920f0d2a619f3",
        "createdAt": "2025-12-21T10:35:29.225Z",
        "data": {
          "table_675cb0ea-0f32-4cbe-9169-805652b45ea6_row_fd942b26-ee74-4af0-ba9e-51990c62ea3b": [
            {
              "code": "lb",
              "label": "Lebanese",
              "emoji": "🇱🇧",
              "active": true,
              "level": "PS"
            },
            {
              "code": "fr",
              "label": "French",
              "emoji": "🇫🇷",
              "active": true,
              "level": "PS"
            },
            {
              "code": "en",
              "label": "English",
              "emoji": "🇬🇧",
              "active": true,
              "level": "PS"
            }
          ],
          "signatures": [
            {
              "type": "standard",
              "signedAt": "2025-12-21T10:36:39.518Z",
              "subAdminId": "6947ccba3dd920f0d2a618f6",
              "schoolYearId": "6947ccd03dd920f0d2a619fe",
              "schoolYearName": "2024/2025",
              "level": "PS"
            },
            {
              "type": "end_of_year",
              "signedAt": "2025-12-21T10:46:00.038Z",
              "subAdminId": "6947ccba3dd920f0d2a618f6",
              "schoolYearId": "6947cccf3dd920f0d2a619f3",
              "schoolYearName": "2025/2026",
              "level": "PS"
            },
            {
              "type": "standard",
              "signedAt": "2025-12-21T10:48:35.635Z",
              "subAdminId": "6947ccba3dd920f0d2a618f6",
              "schoolYearId": "6947cccf3dd920f0d2a619f3",
              "schoolYearName": "2025/2026",
              "level": "MS"
            },
            {
              "type": "end_of_year",
              "signedAt": "2025-12-21T10:49:11.124Z",
              "subAdminId": "6947ccba3dd920f0d2a618f6",
              "schoolYearId": "6947ccd13dd920f0d2a61a13",
              "schoolYearName": "2026/2027",
              "level": "MS"
            }
          ],
          "promotions": [
            {
              "from": "PS",
              "to": "MS",
              "date": "2025-12-21T10:46:06.742Z",
              "year": "2024/2025",
              "class": "PS A",
              "by": "6947ccba3dd920f0d2a618f6"
            }
          ]
        },
        "dataVersion": 5,
        "isCompleted": true,
        "isCompletedSem1": true,
        "isCompletedSem2": true,
        "status": "signed",
        "teacherCompletions": [
          {
            "teacherId": "6947cca93dd920f0d2a618da",
            "completed": true,
            "completedAt": "2025-12-21T10:47:53.381Z",
            "completedSem1": true,
            "completedAtSem1": "2025-12-21T10:47:53.381Z",
            "completedSem2": true,
            "completedAtSem2": "2025-12-21T10:49:08.216Z",
            "_id": "6947d0593dd920f0d2a622a5"
          },
          {
            "teacherId": "6947ccaf3dd920f0d2a618e3",
            "completed": true,
            "completedAt": "2025-12-21T10:48:21.595Z",
            "completedSem1": true,
            "completedAtSem1": "2025-12-21T10:48:21.595Z",
            "completedSem2": true,
            "completedAtSem2": "2025-12-21T10:49:05.362Z",
            "_id": "6947d0753dd920f0d2a62317"
          },
          {
            "teacherId": "6947ccb43dd920f0d2a618ed",
            "completed": true,
            "completedAt": "2025-12-21T10:48:29.251Z",
            "completedSem1": true,
            "completedAtSem1": "2025-12-21T10:48:29.251Z",
            "completedSem2": true,
            "completedAtSem2": "2025-12-21T10:49:02.510Z",
            "_id": "6947d07d3dd920f0d2a6237a"
          }
        ],
        "templateVersion": 1,
        "updatedAt": "2025-12-21T10:49:11.126Z"
      },
      "className": "MS A"
    },
    "createdAt": "2025-12-21T10:49:19.143Z",
    "__v": 0
  },
  {
    "_id": "6947d1a43dd920f0d2a62e5f",
    "studentId": "6947cd493dd920f0d2a61b33",
    "schoolYearId": "6947ccd13dd920f0d2a61a13",
    "level": "GS",
    "classId": "6947d0b63dd920f0d2a6259c",
    "templateId": "6947ccc33dd920f0d2a6190d",
    "data": {
      "student": {
        "_id": "6947cd493dd920f0d2a61b33",
        "logicalKey": "vs_vs_2000-01-01",
        "firstName": "VS",
        "lastName": "VS",
        "dateOfBirth": "2000-01-01T00:00:00.000Z",
        "status": "active",
        "promotions": [
          {
            "schoolYearId": "6947ccd03dd920f0d2a619fe",
            "date": "2025-12-21T10:46:06.739Z",
            "fromLevel": "PS",
            "toLevel": "MS",
            "promotedBy": "6947ccba3dd920f0d2a618f6",
            "_id": "6947cfee3dd920f0d2a62012"
          },
          {
            "schoolYearId": "6947cccf3dd920f0d2a619f3",
            "date": "2025-12-21T10:49:19.145Z",
            "fromLevel": "MS",
            "toLevel": "GS",
            "promotedBy": "6947ccba3dd920f0d2a618f6",
            "_id": "6947d0af3dd920f0d2a6257e"
          }
        ],
        "__v": 2,
        "nextLevel": "GS"
      },
      "enrollment": {
        "_id": "6947d0af3dd920f0d2a6257c",
        "studentId": "6947cd493dd920f0d2a61b33",
        "schoolYearId": "6947ccd13dd920f0d2a61a13",
        "status": "active",
        "promotionStatus": "pending",
        "__v": 0,
        "classId": "6947d0b63dd920f0d2a6259c"
      },
      "statuses": [],
      "assignment": {
        "_id": "6947cd7108687cb5c9c35adf",
        "studentId": "6947cd493dd920f0d2a61b33",
        "templateId": "6947ccc33dd920f0d2a6190d",
        "__v": 0,
        "assignedAt": "2025-12-21T10:50:53.834Z",
        "assignedBy": "6930bb7ce1d9875b43a0b096",
        "assignedTeachers": [
          "6947cca93dd920f0d2a618da"
        ],
        "completedAt": "2025-12-21T10:52:53.889Z",
        "completedAtSem1": "2025-12-21T10:52:53.889Z",
        "completedAtSem2": "2025-12-21T10:53:13.043Z",
        "completedBy": "6947cca93dd920f0d2a618da",
        "completionSchoolYearId": "6947ccd13dd920f0d2a61a13",
        "createdAt": "2025-12-21T10:35:29.225Z",
        "data": {
          "table_675cb0ea-0f32-4cbe-9169-805652b45ea6_row_fd942b26-ee74-4af0-ba9e-51990c62ea3b": [
            {
              "code": "lb",
              "label": "Lebanese",
              "emoji": "🇱🇧",
              "active": true,
              "level": "PS"
            },
            {
              "code": "fr",
              "label": "French",
              "emoji": "🇫🇷",
              "active": true,
              "level": "PS"
            },
            {
              "code": "en",
              "label": "English",
              "emoji": "🇬🇧",
              "active": true,
              "level": "PS"
            }
          ],
          "signatures": [
            {
              "type": "standard",
              "signedAt": "2025-12-21T10:36:39.518Z",
              "subAdminId": "6947ccba3dd920f0d2a618f6",
              "schoolYearId": "6947ccd03dd920f0d2a619fe",
              "schoolYearName": "2024/2025",
              "level": "PS"
            },
            {
              "type": "end_of_year",
              "signedAt": "2025-12-21T10:46:00.038Z",
              "subAdminId": "6947ccba3dd920f0d2a618f6",
              "schoolYearId": "6947cccf3dd920f0d2a619f3",
              "schoolYearName": "2025/2026",
              "level": "PS"
            },
            {
              "type": "standard",
              "signedAt": "2025-12-21T10:48:35.635Z",
              "subAdminId": "6947ccba3dd920f0d2a618f6",
              "schoolYearId": "6947cccf3dd920f0d2a619f3",
              "schoolYearName": "2025/2026",
              "level": "MS"
            },
            {
              "type": "end_of_year",
              "signedAt": "2025-12-21T10:49:11.124Z",
              "subAdminId": "6947ccba3dd920f0d2a618f6",
              "schoolYearId": "6947ccd13dd920f0d2a61a13",
              "schoolYearName": "2026/2027",
              "level": "MS"
            },
            {
              "type": "standard",
              "signedAt": "2025-12-21T10:53:02.603Z",
              "subAdminId": "6947ccba3dd920f0d2a618f6",
              "schoolYearId": "6947ccd13dd920f0d2a61a13",
              "schoolYearName": "2026/2027",
              "level": "GS"
            },
            {
              "type": "end_of_year",
              "signedAt": "2025-12-21T10:53:16.353Z",
              "subAdminId": "6947ccba3dd920f0d2a618f6",
              "schoolYearId": "6947ccd33dd920f0d2a61a1d",
              "schoolYearName": "2027/2028",
              "level": "GS"
            }
          ],
          "promotions": [
            {
              "from": "PS",
              "to": "MS",
              "date": "2025-12-21T10:46:06.742Z",
              "year": "2024/2025",
              "class": "PS A",
              "by": "6947ccba3dd920f0d2a618f6"
            },
            {
              "from": "MS",
              "to": "GS",
              "date": "2025-12-21T10:49:19.147Z",
              "year": "2025/2026",
              "class": "MS A",
              "by": "6947ccba3dd920f0d2a618f6"
            }
          ],
          "table_675cb0ea-0f32-4cbe-9169-805652b45ea6_row_1293b748-46a9-4705-ae8f-d2ec61b8f2ea": [
            {
              "code": "lb",
              "label": "Lebanese",
              "emoji": "🇱🇧",
              "active": true,
              "level": "GS"
            },
            {
              "code": "fr",
              "label": "French",
              "emoji": "🇫🇷",
              "active": true,
              "level": "GS"
            },
            {
              "code": "en",
              "label": "English",
              "emoji": "🇬🇧",
              "active": true,
              "level": "GS"
            }
          ]
        },
        "dataVersion": 7,
        "isCompleted": true,
        "isCompletedSem1": true,
        "isCompletedSem2": true,
        "status": "signed",
        "teacherCompletions": [
          {
            "teacherId": "6947cca93dd920f0d2a618da",
            "completed": true,
            "completedAt": "2025-12-21T10:52:53.889Z",
            "completedSem1": true,
            "completedAtSem1": "2025-12-21T10:52:53.889Z",
            "completedSem2": true,
            "completedAtSem2": "2025-12-21T10:53:13.043Z",
            "_id": "6947d11c3dd920f0d2a6293c"
          },
          {
            "teacherId": "6947ccaf3dd920f0d2a618e3",
            "completed": false,
            "completedAt": null,
            "completedSem1": false,
            "completedAtSem1": null,
            "_id": "6947d1233dd920f0d2a629ab"
          },
          {
            "teacherId": "6947ccb43dd920f0d2a618ed",
            "completed": false,
            "completedAt": null,
            "completedSem1": false,
            "completedAtSem1": null,
            "_id": "6947d1283dd920f0d2a62a0f"
          }
        ],
        "templateVersion": 1,
        "updatedAt": "2025-12-21T10:53:16.355Z"
      },
      "className": "GS A"
    },
    "createdAt": "2025-12-21T10:53:24.752Z",
    "__v": 0
  },
  {
    "_id": "6947df8b6424c9b3624f3380",
    "studentId": "6947da186424c9b3624f2f7c",
    "schoolYearId": "6947ccd03dd920f0d2a619fe",
    "level": "PS",
    "classId": "6947cd413dd920f0d2a61b26",
    "templateId": "6947ccc33dd920f0d2a6190d",
    "data": {
      "student": {
        "_id": "6947da186424c9b3624f2f7c",
        "logicalKey": "sig_sig_2000-01-01",
        "firstName": "sig",
        "lastName": "sig",
        "dateOfBirth": "2000-01-01T00:00:00.000Z",
        "status": "active",
        "promotions": [],
        "__v": 0
      },
      "enrollment": {
        "_id": "6947da186424c9b3624f2f80",
        "studentId": "6947da186424c9b3624f2f7c",
        "classId": "6947cd413dd920f0d2a61b26",
        "schoolYearId": "6947ccd03dd920f0d2a619fe",
        "status": "active",
        "promotionStatus": "pending",
        "__v": 0
      },
      "statuses": [],
      "assignment": {
        "_id": "6947da186424c9b3624f2f8a",
        "templateId": "6947ccc33dd920f0d2a6190d",
        "templateVersion": 1,
        "studentId": "6947da186424c9b3624f2f7c",
        "completionSchoolYearId": "6947ccd03dd920f0d2a619fe",
        "assignedTeachers": [
          "6947d6663dd920f0d2a62faf"
        ],
        "status": "signed",
        "assignedAt": "2025-12-21T11:29:28.880Z",
        "assignedBy": "6930bb7ce1d9875b43a0b096",
        "isCompleted": true,
        "isCompletedSem1": true,
        "isCompletedSem2": true,
        "dataVersion": 3,
        "teacherCompletions": [
          {
            "teacherId": "6947d6663dd920f0d2a62faf",
            "completed": true,
            "completedAt": "2025-12-21T11:29:33.991Z",
            "completedSem1": true,
            "completedAtSem1": "2025-12-21T11:29:33.991Z",
            "completedSem2": true,
            "completedAtSem2": "2025-12-21T11:51:59.632Z",
            "_id": "6947da1d6424c9b3624f2fec"
          }
        ],
        "createdAt": "2025-12-21T11:29:28.882Z",
        "updatedAt": "2025-12-21T11:52:15.992Z",
        "__v": 0,
        "completedAt": "2025-12-21T11:29:33.991Z",
        "completedAtSem1": "2025-12-21T11:29:33.991Z",
        "completedBy": "6947d6663dd920f0d2a62faf",
        "data": {
          "signatures": [
            {
              "type": "standard",
              "signedAt": "2025-12-21T11:29:50.666Z",
              "subAdminId": "6947ccba3dd920f0d2a618f6",
              "schoolYearId": "6947ccd03dd920f0d2a619fe",
              "schoolYearName": "2024/2025",
              "level": "PS"
            },
            {
              "type": "end_of_year",
              "signedAt": "2025-12-21T11:52:15.989Z",
              "subAdminId": "6947ccba3dd920f0d2a618f6",
              "schoolYearId": "6947cccf3dd920f0d2a619f3",
              "schoolYearName": "2025/2026",
              "level": "PS"
            }
          ]
        },
        "completedAtSem2": "2025-12-21T11:51:59.632Z"
      },
      "className": "PS A"
    },
    "createdAt": "2025-12-21T11:52:43.574Z",
    "__v": 0
  },
  {
    "_id": "6947e10e6424c9b3624f350d",
    "studentId": "6947e0fd6424c9b3624f33fb",
    "schoolYearId": "6947ccd03dd920f0d2a619fe",
    "level": "PS",
    "classId": "6947cd413dd920f0d2a61b26",
    "templateId": "6947ccc33dd920f0d2a6190d",
    "data": {
      "student": {
        "_id": "6947e0fd6424c9b3624f33fb",
        "logicalKey": "fin_fin_2000-01-01",
        "firstName": "fin",
        "lastName": "fin",
        "dateOfBirth": "2000-01-01T00:00:00.000Z",
        "status": "active",
        "promotions": [],
        "__v": 0
      },
      "enrollment": {
        "_id": "6947e0fd6424c9b3624f33ff",
        "studentId": "6947e0fd6424c9b3624f33fb",
        "classId": "6947cd413dd920f0d2a61b26",
        "schoolYearId": "6947ccd03dd920f0d2a619fe",
        "status": "active",
        "promotionStatus": "pending",
        "__v": 0
      },
      "statuses": [],
      "assignment": {
        "_id": "6947e0fd6424c9b3624f3409",
        "templateId": "6947ccc33dd920f0d2a6190d",
        "templateVersion": 1,
        "studentId": "6947e0fd6424c9b3624f33fb",
        "completionSchoolYearId": "6947ccd03dd920f0d2a619fe",
        "assignedTeachers": [
          "6947d6663dd920f0d2a62faf"
        ],
        "status": "signed",
        "assignedAt": "2025-12-21T11:58:53.029Z",
        "assignedBy": "6930bb7ce1d9875b43a0b096",
        "isCompleted": false,
        "isCompletedSem1": false,
        "isCompletedSem2": true,
        "dataVersion": 2,
        "teacherCompletions": [
          {
            "teacherId": "6947d6663dd920f0d2a62faf",
            "completedSem2": true,
            "completedAtSem2": "2025-12-21T11:58:58.661Z",
            "_id": "6947e1026424c9b3624f3442"
          }
        ],
        "createdAt": "2025-12-21T11:58:53.029Z",
        "updatedAt": "2025-12-21T11:59:08.546Z",
        "__v": 0,
        "completedAtSem2": "2025-12-21T11:58:58.661Z",
        "data": {
          "signatures": [
            {
              "type": "end_of_year",
              "signedAt": "2025-12-21T11:59:08.544Z",
              "subAdminId": "6947ccba3dd920f0d2a618f6",
              "schoolYearId": "6947cccf3dd920f0d2a619f3",
              "schoolYearName": "2025/2026",
              "level": "PS"
            }
          ]
        }
      },
      "className": "PS A"
    },
    "createdAt": "2025-12-21T11:59:10.744Z",
    "__v": 0
  },
  {
    "_id": "6947e20933e6fb0c10f9542d",
    "studentId": "6947e1f133e6fb0c10f9528f",
    "schoolYearId": "6947ccd03dd920f0d2a619fe",
    "level": "PS",
    "classId": "6947cd413dd920f0d2a61b26",
    "templateId": "6947ccc33dd920f0d2a6190d",
    "data": {
      "student": {
        "_id": "6947e1f133e6fb0c10f9528f",
        "logicalKey": "pictf_pictf_2000-01-01",
        "firstName": "pictf",
        "lastName": "pictf",
        "dateOfBirth": "2000-01-01T00:00:00.000Z",
        "status": "active",
        "promotions": [],
        "__v": 0
      },
      "enrollment": {
        "_id": "6947e1f133e6fb0c10f95293",
        "studentId": "6947e1f133e6fb0c10f9528f",
        "classId": "6947cd413dd920f0d2a61b26",
        "schoolYearId": "6947ccd03dd920f0d2a619fe",
        "status": "active",
        "promotionStatus": "pending",
        "__v": 0
      },
      "statuses": [],
      "assignment": {
        "_id": "6947e1f133e6fb0c10f9529d",
        "templateId": "6947ccc33dd920f0d2a6190d",
        "templateVersion": 1,
        "studentId": "6947e1f133e6fb0c10f9528f",
        "completionSchoolYearId": "6947ccd03dd920f0d2a619fe",
        "assignedTeachers": [
          "6947d6663dd920f0d2a62faf"
        ],
        "status": "signed",
        "assignedAt": "2025-12-21T12:02:57.282Z",
        "assignedBy": "6930bb7ce1d9875b43a0b096",
        "isCompleted": false,
        "isCompletedSem1": false,
        "isCompletedSem2": true,
        "dataVersion": 2,
        "teacherCompletions": [
          {
            "teacherId": "6947d6663dd920f0d2a62faf",
            "completedSem2": true,
            "completedAtSem2": "2025-12-21T12:03:11.645Z",
            "_id": "6947e1ff33e6fb0c10f9539f"
          }
        ],
        "createdAt": "2025-12-21T12:02:57.284Z",
        "updatedAt": "2025-12-21T12:03:15.982Z",
        "__v": 0,
        "completedAtSem2": "2025-12-21T12:03:11.645Z",
        "data": {
          "signatures": [
            {
              "type": "end_of_year",
              "signedAt": "2025-12-21T12:03:15.977Z",
              "subAdminId": "6947ccba3dd920f0d2a618f6",
              "schoolYearId": "6947cccf3dd920f0d2a619f3",
              "schoolYearName": "2025/2026",
              "level": "PS"
            }
          ]
        }
      },
      "className": "PS A",
      "signatures": [
        {
          "_id": "6947e20333e6fb0c10f953f6",
          "templateAssignmentId": "6947e1f133e6fb0c10f9529d",
          "subAdminId": "6947ccba3dd920f0d2a618f6",
          "signedAt": "2025-12-21T12:03:15.977Z",
          "status": "signed",
          "type": "end_of_year",
          "signatureUrl": "https://localhost:4000/uploads/signatures/signature-6947ccba3dd920f0d2a618f6-1766316041599.png",
          "level": "PS",
          "__v": 0
        }
      ],
      "signature": null,
      "finalSignature": {
        "_id": "6947e20333e6fb0c10f953f6",
        "templateAssignmentId": "6947e1f133e6fb0c10f9529d",
        "subAdminId": "6947ccba3dd920f0d2a618f6",
        "signedAt": "2025-12-21T12:03:15.977Z",
        "status": "signed",
        "type": "end_of_year",
        "signatureUrl": "https://localhost:4000/uploads/signatures/signature-6947ccba3dd920f0d2a618f6-1766316041599.png",
        "level": "PS",
        "__v": 0
      }
    },
    "createdAt": "2025-12-21T12:03:21.428Z",
    "__v": 0
  },
  {
    "_id": "69499bbcd009a4bead9e6195",
    "studentId": "69499ba9d009a4bead9e6030",
    "schoolYearId": "6947ccd03dd920f0d2a619fe",
    "level": "PS",
    "classId": "6947cd413dd920f0d2a61b26",
    "templateId": "6947ccc33dd920f0d2a6190d",
    "data": {
      "student": {
        "_id": "69499ba9d009a4bead9e6030",
        "logicalKey": "ffffffffffff_fffffffffffff_2000-01-01",
        "firstName": "ffffffffffff",
        "lastName": "fffffffffffff",
        "dateOfBirth": "2000-01-01T00:00:00.000Z",
        "status": "active",
        "promotions": [],
        "__v": 0
      },
      "enrollment": {
        "_id": "69499ba9d009a4bead9e6034",
        "studentId": "69499ba9d009a4bead9e6030",
        "classId": "6947cd413dd920f0d2a61b26",
        "schoolYearId": "6947ccd03dd920f0d2a619fe",
        "status": "active",
        "promotionStatus": "pending",
        "__v": 0
      },
      "statuses": [],
      "assignment": {
        "_id": "69499ba9d009a4bead9e603e",
        "templateId": "6947ccc33dd920f0d2a6190d",
        "templateVersion": 1,
        "studentId": "69499ba9d009a4bead9e6030",
        "completionSchoolYearId": "6947ccd03dd920f0d2a619fe",
        "assignedTeachers": [
          "6947d6663dd920f0d2a62faf"
        ],
        "status": "signed",
        "assignedAt": "2025-12-22T19:27:37.942Z",
        "assignedBy": "6930bb7ce1d9875b43a0b096",
        "isCompleted": false,
        "isCompletedSem1": false,
        "isCompletedSem2": true,
        "dataVersion": 2,
        "teacherCompletions": [
          {
            "teacherId": "6947d6663dd920f0d2a62faf",
            "completedSem2": true,
            "completedAtSem2": "2025-12-22T19:27:46.798Z",
            "_id": "69499bb2d009a4bead9e60ad"
          }
        ],
        "createdAt": "2025-12-22T19:27:37.944Z",
        "updatedAt": "2025-12-22T19:27:54.756Z",
        "__v": 0,
        "completedAtSem2": "2025-12-22T19:27:46.798Z",
        "data": {
          "signatures": [
            {
              "type": "end_of_year",
              "signedAt": "2025-12-22T19:27:54.750Z",
              "subAdminId": "6947ccba3dd920f0d2a618f6",
              "schoolYearId": "6947cccf3dd920f0d2a619f3",
              "schoolYearName": "2025/2026",
              "level": "PS"
            }
          ]
        }
      },
      "className": "PS A",
      "signatures": [
        {
          "_id": "69499bbad009a4bead9e615e",
          "templateAssignmentId": "69499ba9d009a4bead9e603e",
          "subAdminId": "6947ccba3dd920f0d2a618f6",
          "signedAt": "2025-12-22T19:27:54.750Z",
          "status": "signed",
          "type": "end_of_year",
          "signatureUrl": "https://localhost:4000/uploads/signatures/signature-6947ccba3dd920f0d2a618f6-1766316041599.png",
          "level": "PS",
          "__v": 0
        }
      ],
      "signature": null,
      "finalSignature": {
        "_id": "69499bbad009a4bead9e615e",
        "templateAssignmentId": "69499ba9d009a4bead9e603e",
        "subAdminId": "6947ccba3dd920f0d2a618f6",
        "signedAt": "2025-12-22T19:27:54.750Z",
        "status": "signed",
        "type": "end_of_year",
        "signatureUrl": "https://localhost:4000/uploads/signatures/signature-6947ccba3dd920f0d2a618f6-1766316041599.png",
        "level": "PS",
        "__v": 0
      }
    },
    "createdAt": "2025-12-22T19:27:56.487Z",
    "__v": 0
  }
]