[
  {
    "_id": "6947cccf3dd920f0d2a619f3",
    "name": "2025/2026",
    "startDate": "2025-09-01T00:00:00.000Z",
    "endDate": "2026-07-01T00:00:00.000Z",
    "active": true,
    "activeSemester": 2,
    "__v": 0,
    "sequence": 2
  },
  {
    "_id": "6947ccd03dd920f0d2a619fe",
    "name": "2024/2025",
    "startDate": "2024-09-01T00:00:00.000Z",
    "endDate": "2025-07-01T00:00:00.000Z",
    "active": false,
    "activeSemester": 2,
    "__v": 0,
    "sequence": 1
  },
  {
    "_id": "6947ccd13dd920f0d2a61a13",
    "name": "2026/2027",
    "startDate": "2026-09-01T00:00:00.000Z",
    "endDate": "2027-07-01T00:00:00.000Z",
    "active": false,
    "activeSemester": 2,
    "__v": 0,
    "sequence": 3
  },
  {
    "_id": "6947ccd33dd920f0d2a61a1d",
    "name": "2027/2028",
    "startDate": "2027-09-01T00:00:00.000Z",
    "endDate": "2028-07-01T00:00:00.000Z",
    "active": false,
    "activeSemester": 1,
    "__v": 0,
    "sequence": 4
  }
]