[
  {
    "_id": "6947cd493dd920f0d2a61b33",
    "logicalKey": "vs_vs_2000-01-01",
    "firstName": "VS",
    "lastName": "VS",
    "dateOfBirth": "2000-01-01T00:00:00.000Z",
    "status": "active",
    "promotions": [
      {
        "schoolYearId": "6947ccd03dd920f0d2a619fe",
        "date": "2025-12-21T10:46:06.739Z",
        "fromLevel": "PS",
        "toLevel": "MS",
        "promotedBy": "6947ccba3dd920f0d2a618f6",
        "_id": "6947cfee3dd920f0d2a62012"
      },
      {
        "schoolYearId": "6947cccf3dd920f0d2a619f3",
        "date": "2025-12-21T10:49:19.145Z",
        "fromLevel": "MS",
        "toLevel": "GS",
        "promotedBy": "6947ccba3dd920f0d2a618f6",
        "_id": "6947d0af3dd920f0d2a6257e"
      },
      {
        "schoolYearId": "6947ccd13dd920f0d2a61a13",
        "date": "2025-12-21T10:53:24.754Z",
        "fromLevel": "GS",
        "toLevel": "EB1",
        "promotedBy": "6947ccba3dd920f0d2a618f6",
        "_id": "6947d1a43dd920f0d2a62e65"
      }
    ],
    "__v": 3,
    "nextLevel": "EB1"
  },
  {
    "_id": "6947d6713dd920f0d2a62fd0",
    "logicalKey": "all_all_2000-01-01",
    "firstName": "all",
    "lastName": "all",
    "dateOfBirth": "2000-01-01T00:00:00.000Z",
    "status": "active",
    "promotions": [],
    "__v": 0
  },
  {
    "_id": "6947d98a3dd920f0d2a63e93",
    "logicalKey": "sigma_sigma_2000-01-01",
    "firstName": "sigma",
    "lastName": "sigma",
    "dateOfBirth": "2000-01-01T00:00:00.000Z",
    "status": "active",
    "promotions": [],
    "__v": 0
  },
  {
    "_id": "6947da186424c9b3624f2f7c",
    "logicalKey": "sig_sig_2000-01-01",
    "firstName": "sig",
    "lastName": "sig",
    "dateOfBirth": "2000-01-01T00:00:00.000Z",
    "status": "active",
    "promotions": [
      {
        "schoolYearId": "6947ccd03dd920f0d2a619fe",
        "date": "2025-12-21T11:52:43.577Z",
        "fromLevel": "PS",
        "toLevel": "MS",
        "promotedBy": "6947ccba3dd920f0d2a618f6",
        "_id": "6947df8b6424c9b3624f3386"
      }
    ],
    "__v": 1,
    "nextLevel": "MS"
  },
  {
    "_id": "6947e0fd6424c9b3624f33fb",
    "logicalKey": "fin_fin_2000-01-01",
    "firstName": "fin",
    "lastName": "fin",
    "dateOfBirth": "2000-01-01T00:00:00.000Z",
    "status": "active",
    "promotions": [
      {
        "schoolYearId": "6947ccd03dd920f0d2a619fe",
        "date": "2025-12-21T11:59:10.748Z",
        "fromLevel": "PS",
        "toLevel": "MS",
        "promotedBy": "6947ccba3dd920f0d2a618f6",
        "_id": "6947e10e6424c9b3624f3513"
      }
    ],
    "__v": 1,
    "nextLevel": "MS"
  },
  {
    "_id": "6947e1f133e6fb0c10f9528f",
    "logicalKey": "pictf_pictf_2000-01-01",
    "firstName": "pictf",
    "lastName": "pictf",
    "dateOfBirth": "2000-01-01T00:00:00.000Z",
    "status": "active",
    "promotions": [
      {
        "schoolYearId": "6947ccd03dd920f0d2a619fe",
        "date": "2025-12-21T12:03:21.431Z",
        "fromLevel": "PS",
        "toLevel": "MS",
        "promotedBy": "6947ccba3dd920f0d2a618f6",
        "_id": "6947e20933e6fb0c10f95433"
      }
    ],
    "__v": 1,
    "nextLevel": "MS"
  },
  {
    "_id": "69499ba9d009a4bead9e6030",
    "logicalKey": "ffffffffffff_fffffffffffff_2000-01-01",
    "firstName": "ffffffffffff",
    "lastName": "fffffffffffff",
    "dateOfBirth": "2000-01-01T00:00:00.000Z",
    "status": "active",
    "promotions": [
      {
        "schoolYearId": "6947ccd03dd920f0d2a619fe",
        "date": "2025-12-22T19:27:56.491Z",
        "fromLevel": "PS",
        "toLevel": "MS",
        "promotedBy": "6947ccba3dd920f0d2a618f6",
        "_id": "69499bbcd009a4bead9e619b"
      }
    ],
    "__v": 1,
    "nextLevel": "MS"
  }
]