[
  {
    "_id": "6947cd9608687cb5c9c35ae0",
    "sourceId": "fd942b26-ee74-4af0-ba9e-51990c62ea3b",
    "studentId": "6947cd493dd920f0d2a61b33",
    "templateId": "6947ccc33dd920f0d2a6190d",
    "__v": 0,
    "assignmentId": "6947cd7108687cb5c9c35adf",
    "languages": [
      "lb",
      "fr",
      "en"
    ],
    "recordedAt": "2025-12-21T10:36:28.824Z",
    "recordedBy": "6947ccb43dd920f0d2a618ed",
    "skillText": "Je sais reconnaitre mes enseignantes et mes copains de classe.",
    "sourceKey": "table_675cb0ea-0f32-4cbe-9169-805652b45ea6_row_fd942b26-ee74-4af0-ba9e-51990c62ea3b"
  },
  {
    "_id": "6947d18108687cb5c9c35aeb",
    "templateId": "6947ccc33dd920f0d2a6190d",
    "studentId": "6947cd493dd920f0d2a61b33",
    "sourceId": "1293b748-46a9-4705-ae8f-d2ec61b8f2ea",
    "__v": 0,
    "assignmentId": "6947cd7108687cb5c9c35adf",
    "languages": [
      "lb",
      "fr",
      "en"
    ],
    "recordedAt": "2025-12-21T10:52:50.001Z",
    "recordedBy": "6947cca93dd920f0d2a618da",
    "skillText": "Je sais nommer tous les élèves de la classe et les adultes du cycle.",
    "sourceKey": "table_675cb0ea-0f32-4cbe-9169-805652b45ea6_row_1293b748-46a9-4705-ae8f-d2ec61b8f2ea"
  }
]