[
  {
    "_id": "6947cd6e08687cb5c9c35adb",
    "subAdminId": "6947ccba3dd920f0d2a618f6",
    "teacherId": "6947cca93dd920f0d2a618da",
    "__v": 0,
    "assignedAt": "2025-12-21T10:50:30.149Z",
    "assignedBy": "6930bb7ce1d9875b43a0b096"
  },
  {
    "_id": "6947cd6e08687cb5c9c35adc",
    "subAdminId": "6947ccba3dd920f0d2a618f6",
    "teacherId": "6947ccaf3dd920f0d2a618e3",
    "__v": 0,
    "assignedAt": "2025-12-21T10:50:30.150Z",
    "assignedBy": "6930bb7ce1d9875b43a0b096"
  },
  {
    "_id": "6947cd6e08687cb5c9c35add",
    "subAdminId": "6947ccba3dd920f0d2a618f6",
    "teacherId": "6947ccb43dd920f0d2a618ed",
    "__v": 0,
    "assignedAt": "2025-12-21T10:50:30.150Z",
    "assignedBy": "6930bb7ce1d9875b43a0b096"
  }
]