[
  {
    "_id": "6947d01308687cb5c9c35ae1",
    "classId": "6947cff43dd920f0d2a62030",
    "teacherId": "6947cca93dd920f0d2a618da",
    "__v": 0,
    "assignedAt": "2025-12-21T10:46:43.330Z",
    "assignedBy": "6930bb7ce1d9875b43a0b096",
    "isProfPolyvalent": true,
    "languages": [],
    "schoolYearId": "6947cccf3dd920f0d2a619f3"
  },
  {
    "_id": "6947d01808687cb5c9c35ae2",
    "classId": "6947cff43dd920f0d2a62030",
    "teacherId": "6947ccaf3dd920f0d2a618e3",
    "__v": 0,
    "assignedAt": "2025-12-21T10:46:48.416Z",
    "assignedBy": "6930bb7ce1d9875b43a0b096",
    "isProfPolyvalent": false,
    "languages": [
      "en"
    ],
    "schoolYearId": "6947cccf3dd920f0d2a619f3"
  },
  {
    "_id": "6947d01d08687cb5c9c35ae3",
    "classId": "6947cff43dd920f0d2a62030",
    "teacherId": "6947ccb43dd920f0d2a618ed",
    "__v": 0,
    "assignedAt": "2025-12-21T10:46:53.512Z",
    "assignedBy": "6930bb7ce1d9875b43a0b096",
    "isProfPolyvalent": false,
    "languages": [
      "ar"
    ],
    "schoolYearId": "6947cccf3dd920f0d2a619f3"
  },
  {
    "_id": "6947d17208687cb5c9c35aea",
    "classId": "6947d0b63dd920f0d2a6259c",
    "teacherId": "6947cca93dd920f0d2a618da",
    "__v": 0,
    "assignedAt": "2025-12-21T10:52:34.877Z",
    "assignedBy": "6930bb7ce1d9875b43a0b096",
    "isProfPolyvalent": false,
    "languages": [],
    "schoolYearId": "6947ccd13dd920f0d2a61a13"
  },
  {
    "_id": "6947d68208687cb5c9c35aec",
    "classId": "6947d0b63dd920f0d2a6259c",
    "teacherId": "6947d6663dd920f0d2a62faf",
    "__v": 0,
    "assignedAt": "2025-12-21T11:14:10.634Z",
    "assignedBy": "6930bb7ce1d9875b43a0b096",
    "isProfPolyvalent": false,
    "languages": [],
    "schoolYearId": "6947ccd13dd920f0d2a61a13"
  },
  {
    "_id": "6947d7dc08687cb5c9c35af3",
    "classId": "6947cd413dd920f0d2a61b26",
    "teacherId": "6947d6663dd920f0d2a62faf",
    "__v": 0,
    "assignedAt": "2025-12-21T11:19:56.472Z",
    "assignedBy": "6930bb7ce1d9875b43a0b096",
    "isProfPolyvalent": true,
    "languages": [
      "ar",
      "en"
    ],
    "schoolYearId": "6947ccd03dd920f0d2a619fe"
  },
  {
    "_id": "69499c1d08687cb5c9c35afa",
    "classId": "6947cff43dd920f0d2a62030",
    "teacherId": "6947d6663dd920f0d2a62faf",
    "__v": 0,
    "assignedAt": "2025-12-22T19:29:33.757Z",
    "assignedBy": "6930bb7ce1d9875b43a0b096",
    "isProfPolyvalent": false,
    "languages": [],
    "schoolYearId": "6947cccf3dd920f0d2a619f3"
  }
]