[
  {
    "_id": "6947cdb73dd920f0d2a61e61",
    "templateAssignmentId": "6947cd7108687cb5c9c35adf",
    "subAdminId": "6947ccba3dd920f0d2a618f6",
    "signedAt": "2025-12-21T10:36:39.518Z",
    "status": "signed",
    "type": "standard",
    "level": "PS",
    "__v": 0
  },
  {
    "_id": "6947cfe83dd920f0d2a61fda",
    "templateAssignmentId": "6947cd7108687cb5c9c35adf",
    "subAdminId": "6947ccba3dd920f0d2a618f6",
    "signedAt": "2025-12-21T10:46:00.038Z",
    "status": "signed",
    "type": "end_of_year",
    "level": "PS",
    "__v": 0
  },
  {
    "_id": "6947d0833dd920f0d2a62416",
    "templateAssignmentId": "6947cd7108687cb5c9c35adf",
    "subAdminId": "6947ccba3dd920f0d2a618f6",
    "signedAt": "2025-12-21T10:48:35.635Z",
    "status": "signed",
    "type": "standard",
    "level": "MS",
    "__v": 0
  },
  {
    "_id": "6947d0a73dd920f0d2a62544",
    "templateAssignmentId": "6947cd7108687cb5c9c35adf",
    "subAdminId": "6947ccba3dd920f0d2a618f6",
    "signedAt": "2025-12-21T10:49:11.124Z",
    "status": "signed",
    "type": "end_of_year",
    "level": "MS",
    "__v": 0
  },
  {
    "_id": "6947d18e3dd920f0d2a62d6b",
    "templateAssignmentId": "6947cd7108687cb5c9c35adf",
    "subAdminId": "6947ccba3dd920f0d2a618f6",
    "signedAt": "2025-12-21T10:53:02.603Z",
    "status": "signed",
    "type": "standard",
    "level": "GS",
    "__v": 0
  },
  {
    "_id": "6947d19c3dd920f0d2a62e2a",
    "templateAssignmentId": "6947cd7108687cb5c9c35adf",
    "subAdminId": "6947ccba3dd920f0d2a618f6",
    "signedAt": "2025-12-21T10:53:16.353Z",
    "status": "signed",
    "type": "end_of_year",
    "level": "GS",
    "__v": 0
  },
  {
    "_id": "6947d9713dd920f0d2a63e58",
    "templateAssignmentId": "6947d6713dd920f0d2a62fde",
    "subAdminId": "6947ccba3dd920f0d2a618f6",
    "signedAt": "2025-12-21T11:26:41.890Z",
    "status": "signed",
    "type": "standard",
    "level": "PS",
    "__v": 0
  },
  {
    "_id": "6947da2e6424c9b3624f309d",
    "templateAssignmentId": "6947da186424c9b3624f2f8a",
    "subAdminId": "6947ccba3dd920f0d2a618f6",
    "signedAt": "2025-12-21T11:29:50.666Z",
    "status": "signed",
    "type": "standard",
    "signatureUrl": "https://localhost:4000/uploads/signatures/signature-6947ccba3dd920f0d2a618f6-1766316041599.png",
    "level": "PS",
    "__v": 0
  },
  {
    "_id": "6947df6f6424c9b3624f329b",
    "templateAssignmentId": "6947da186424c9b3624f2f8a",
    "subAdminId": "6947ccba3dd920f0d2a618f6",
    "signedAt": "2025-12-21T11:52:15.989Z",
    "status": "signed",
    "type": "end_of_year",
    "signatureUrl": "https://localhost:4000/uploads/signatures/signature-6947ccba3dd920f0d2a618f6-1766316041599.png",
    "level": "PS",
    "__v": 0
  },
  {
    "_id": "6947e10c6424c9b3624f34d9",
    "templateAssignmentId": "6947e0fd6424c9b3624f3409",
    "subAdminId": "6947ccba3dd920f0d2a618f6",
    "signedAt": "2025-12-21T11:59:08.544Z",
    "status": "signed",
    "type": "end_of_year",
    "signatureUrl": "https://localhost:4000/uploads/signatures/signature-6947ccba3dd920f0d2a618f6-1766316041599.png",
    "level": "PS",
    "__v": 0
  },
  {
    "_id": "6947e20333e6fb0c10f953f6",
    "templateAssignmentId": "6947e1f133e6fb0c10f9529d",
    "subAdminId": "6947ccba3dd920f0d2a618f6",
    "signedAt": "2025-12-21T12:03:15.977Z",
    "status": "signed",
    "type": "end_of_year",
    "signatureUrl": "https://localhost:4000/uploads/signatures/signature-6947ccba3dd920f0d2a618f6-1766316041599.png",
    "level": "PS",
    "__v": 0
  },
  {
    "_id": "69499bbad009a4bead9e615e",
    "templateAssignmentId": "69499ba9d009a4bead9e603e",
    "subAdminId": "6947ccba3dd920f0d2a618f6",
    "signedAt": "2025-12-22T19:27:54.750Z",
    "status": "signed",
    "type": "end_of_year",
    "signatureUrl": "https://localhost:4000/uploads/signatures/signature-6947ccba3dd920f0d2a618f6-1766316041599.png",
    "level": "PS",
    "__v": 0
  }
]