[
  {
    "_id": "6947cd7108687cb5c9c35adf",
    "studentId": "6947cd493dd920f0d2a61b33",
    "templateId": "6947ccc33dd920f0d2a6190d",
    "__v": 0,
    "assignedAt": "2025-12-21T10:50:53.834Z",
    "assignedBy": "6930bb7ce1d9875b43a0b096",
    "assignedTeachers": [
      "6947cca93dd920f0d2a618da"
    ],
    "completedAt": "2025-12-21T10:52:53.889Z",
    "completedAtSem1": "2025-12-21T10:52:53.889Z",
    "completedAtSem2": "2025-12-21T10:53:13.043Z",
    "completedBy": "6947cca93dd920f0d2a618da",
    "completionSchoolYearId": "6947ccd13dd920f0d2a61a13",
    "createdAt": "2025-12-21T10:35:29.225Z",
    "data": {
      "table_675cb0ea-0f32-4cbe-9169-805652b45ea6_row_fd942b26-ee74-4af0-ba9e-51990c62ea3b": [
        {
          "code": "lb",
          "label": "Lebanese",
          "emoji": "🇱🇧",
          "active": true,
          "level": "PS"
        },
        {
          "code": "fr",
          "label": "French",
          "emoji": "🇫🇷",
          "active": true,
          "level": "PS"
        },
        {
          "code": "en",
          "label": "English",
          "emoji": "🇬🇧",
          "active": true,
          "level": "PS"
        }
      ],
      "signatures": [
        {
          "type": "standard",
          "signedAt": "2025-12-21T10:36:39.518Z",
          "subAdminId": "6947ccba3dd920f0d2a618f6",
          "schoolYearId": "6947ccd03dd920f0d2a619fe",
          "schoolYearName": "2024/2025",
          "level": "PS"
        },
        {
          "type": "end_of_year",
          "signedAt": "2025-12-21T10:46:00.038Z",
          "subAdminId": "6947ccba3dd920f0d2a618f6",
          "schoolYearId": "6947cccf3dd920f0d2a619f3",
          "schoolYearName": "2025/2026",
          "level": "PS"
        },
        {
          "type": "standard",
          "signedAt": "2025-12-21T10:48:35.635Z",
          "subAdminId": "6947ccba3dd920f0d2a618f6",
          "schoolYearId": "6947cccf3dd920f0d2a619f3",
          "schoolYearName": "2025/2026",
          "level": "MS"
        },
        {
          "type": "end_of_year",
          "signedAt": "2025-12-21T10:49:11.124Z",
          "subAdminId": "6947ccba3dd920f0d2a618f6",
          "schoolYearId": "6947ccd13dd920f0d2a61a13",
          "schoolYearName": "2026/2027",
          "level": "MS"
        },
        {
          "type": "standard",
          "signedAt": "2025-12-21T10:53:02.603Z",
          "subAdminId": "6947ccba3dd920f0d2a618f6",
          "schoolYearId": "6947ccd13dd920f0d2a61a13",
          "schoolYearName": "2026/2027",
          "level": "GS"
        },
        {
          "type": "end_of_year",
          "signedAt": "2025-12-21T10:53:16.353Z",
          "subAdminId": "6947ccba3dd920f0d2a618f6",
          "schoolYearId": "6947ccd33dd920f0d2a61a1d",
          "schoolYearName": "2027/2028",
          "level": "GS"
        }
      ],
      "promotions": [
        {
          "from": "PS",
          "to": "MS",
          "date": "2025-12-21T10:46:06.742Z",
          "year": "2024/2025",
          "class": "PS A",
          "by": "6947ccba3dd920f0d2a618f6"
        },
        {
          "from": "MS",
          "to": "GS",
          "date": "2025-12-21T10:49:19.147Z",
          "year": "2025/2026",
          "class": "MS A",
          "by": "6947ccba3dd920f0d2a618f6"
        },
        {
          "from": "GS",
          "to": "EB1",
          "date": "2025-12-21T10:53:24.757Z",
          "year": "2026/2027",
          "class": "GS A",
          "by": "6947ccba3dd920f0d2a618f6"
        }
      ],
      "table_675cb0ea-0f32-4cbe-9169-805652b45ea6_row_1293b748-46a9-4705-ae8f-d2ec61b8f2ea": [
        {
          "code": "lb",
          "label": "Lebanese",
          "emoji": "🇱🇧",
          "active": true,
          "level": "GS"
        },
        {
          "code": "fr",
          "label": "French",
          "emoji": "🇫🇷",
          "active": true,
          "level": "GS"
        },
        {
          "code": "en",
          "label": "English",
          "emoji": "🇬🇧",
          "active": true,
          "level": "GS"
        }
      ]
    },
    "dataVersion": 7,
    "isCompleted": true,
    "isCompletedSem1": true,
    "isCompletedSem2": true,
    "status": "signed",
    "teacherCompletions": [
      {
        "teacherId": "6947cca93dd920f0d2a618da",
        "completed": true,
        "completedAt": "2025-12-21T10:52:53.889Z",
        "completedSem1": true,
        "completedAtSem1": "2025-12-21T10:52:53.889Z",
        "completedSem2": true,
        "completedAtSem2": "2025-12-21T10:53:13.043Z",
        "_id": "6947d11c3dd920f0d2a6293c"
      },
      {
        "teacherId": "6947ccaf3dd920f0d2a618e3",
        "completed": false,
        "completedAt": null,
        "completedSem1": false,
        "completedAtSem1": null,
        "_id": "6947d1233dd920f0d2a629ab"
      },
      {
        "teacherId": "6947ccb43dd920f0d2a618ed",
        "completed": false,
        "completedAt": null,
        "completedSem1": false,
        "completedAtSem1": null,
        "_id": "6947d1283dd920f0d2a62a0f"
      }
    ],
    "templateVersion": 1,
    "updatedAt": "2025-12-21T10:53:24.758Z"
  },
  {
    "_id": "6947d6713dd920f0d2a62fde",
    "templateId": "6947ccc33dd920f0d2a6190d",
    "templateVersion": 1,
    "studentId": "6947d6713dd920f0d2a62fd0",
    "completionSchoolYearId": "6947ccd03dd920f0d2a619fe",
    "assignedTeachers": [
      "6947d6663dd920f0d2a62faf"
    ],
    "status": "signed",
    "assignedAt": "2025-12-21T11:13:53.357Z",
    "assignedBy": "6930bb7ce1d9875b43a0b096",
    "isCompleted": true,
    "isCompletedSem1": true,
    "isCompletedSem2": false,
    "dataVersion": 8,
    "teacherCompletions": [
      {
        "teacherId": "6947d6663dd920f0d2a62faf",
        "completed": true,
        "completedAt": "2025-12-21T11:20:17.270Z",
        "completedSem1": true,
        "completedAtSem1": "2025-12-21T11:20:17.270Z",
        "_id": "6947d6aa3dd920f0d2a630fd"
      }
    ],
    "createdAt": "2025-12-21T11:13:53.358Z",
    "updatedAt": "2025-12-21T11:26:41.892Z",
    "__v": 0,
    "completedAt": "2025-12-21T11:20:17.270Z",
    "completedAtSem1": "2025-12-21T11:20:17.270Z",
    "completedBy": "6947d6663dd920f0d2a62faf",
    "data": {
      "signatures": [
        {
          "type": "standard",
          "signedAt": "2025-12-21T11:20:22.773Z",
          "subAdminId": "6947ccba3dd920f0d2a618f6",
          "schoolYearId": "6947ccd03dd920f0d2a619fe",
          "schoolYearName": "2024/2025",
          "level": "PS"
        },
        {
          "type": "standard",
          "signedAt": "2025-12-21T11:20:50.408Z",
          "subAdminId": "6947ccba3dd920f0d2a618f6",
          "schoolYearId": "6947ccd03dd920f0d2a619fe",
          "schoolYearName": "2024/2025",
          "level": "PS"
        },
        {
          "type": "standard",
          "signedAt": "2025-12-21T11:26:41.890Z",
          "subAdminId": "6947ccba3dd920f0d2a618f6",
          "schoolYearId": "6947ccd03dd920f0d2a619fe",
          "schoolYearName": "2024/2025",
          "level": "PS"
        }
      ]
    }
  },
  {
    "_id": "6947d98a3dd920f0d2a63ea1",
    "templateId": "6947ccc33dd920f0d2a6190d",
    "templateVersion": 1,
    "studentId": "6947d98a3dd920f0d2a63e93",
    "completionSchoolYearId": "6947ccd03dd920f0d2a619fe",
    "assignedTeachers": [
      "6947d6663dd920f0d2a62faf"
    ],
    "status": "completed",
    "assignedAt": "2025-12-21T11:27:06.097Z",
    "assignedBy": "6930bb7ce1d9875b43a0b096",
    "isCompleted": true,
    "isCompletedSem1": true,
    "isCompletedSem2": false,
    "dataVersion": 4,
    "teacherCompletions": [
      {
        "teacherId": "6947d6663dd920f0d2a62faf",
        "completed": true,
        "completedAt": "2025-12-21T11:27:47.355Z",
        "completedSem1": true,
        "completedAtSem1": "2025-12-21T11:27:47.355Z",
        "_id": "6947d9b33dd920f0d2a63ee0"
      }
    ],
    "createdAt": "2025-12-21T11:27:06.097Z",
    "updatedAt": "2025-12-21T11:28:04.934Z",
    "__v": 0,
    "completedAt": "2025-12-21T11:27:47.355Z",
    "completedAtSem1": "2025-12-21T11:27:47.355Z",
    "completedBy": "6947d6663dd920f0d2a62faf",
    "data": {
      "signatures": [
        {
          "type": "standard",
          "signedAt": "2025-12-21T11:27:59.259Z",
          "subAdminId": "6947ccba3dd920f0d2a618f6",
          "schoolYearId": "6947ccd03dd920f0d2a619fe",
          "schoolYearName": "2024/2025",
          "level": "PS"
        }
      ]
    }
  },
  {
    "_id": "6947da186424c9b3624f2f8a",
    "templateId": "6947ccc33dd920f0d2a6190d",
    "templateVersion": 1,
    "studentId": "6947da186424c9b3624f2f7c",
    "completionSchoolYearId": "6947ccd03dd920f0d2a619fe",
    "assignedTeachers": [
      "6947d6663dd920f0d2a62faf"
    ],
    "status": "signed",
    "assignedAt": "2025-12-21T11:29:28.880Z",
    "assignedBy": "6930bb7ce1d9875b43a0b096",
    "isCompleted": true,
    "isCompletedSem1": true,
    "isCompletedSem2": true,
    "dataVersion": 3,
    "teacherCompletions": [
      {
        "teacherId": "6947d6663dd920f0d2a62faf",
        "completed": true,
        "completedAt": "2025-12-21T11:29:33.991Z",
        "completedSem1": true,
        "completedAtSem1": "2025-12-21T11:29:33.991Z",
        "completedSem2": true,
        "completedAtSem2": "2025-12-21T11:51:59.632Z",
        "_id": "6947da1d6424c9b3624f2fec"
      }
    ],
    "createdAt": "2025-12-21T11:29:28.882Z",
    "updatedAt": "2025-12-21T11:52:43.581Z",
    "__v": 0,
    "completedAt": "2025-12-21T11:29:33.991Z",
    "completedAtSem1": "2025-12-21T11:29:33.991Z",
    "completedBy": "6947d6663dd920f0d2a62faf",
    "data": {
      "signatures": [
        {
          "type": "standard",
          "signedAt": "2025-12-21T11:29:50.666Z",
          "subAdminId": "6947ccba3dd920f0d2a618f6",
          "schoolYearId": "6947ccd03dd920f0d2a619fe",
          "schoolYearName": "2024/2025",
          "level": "PS"
        },
        {
          "type": "end_of_year",
          "signedAt": "2025-12-21T11:52:15.989Z",
          "subAdminId": "6947ccba3dd920f0d2a618f6",
          "schoolYearId": "6947cccf3dd920f0d2a619f3",
          "schoolYearName": "2025/2026",
          "level": "PS"
        }
      ],
      "promotions": [
        {
          "from": "PS",
          "to": "MS",
          "date": "2025-12-21T11:52:43.580Z",
          "year": "2024/2025",
          "class": "PS A",
          "by": "6947ccba3dd920f0d2a618f6"
        }
      ]
    },
    "completedAtSem2": "2025-12-21T11:51:59.632Z"
  },
  {
    "_id": "6947e0fd6424c9b3624f3409",
    "templateId": "6947ccc33dd920f0d2a6190d",
    "templateVersion": 1,
    "studentId": "6947e0fd6424c9b3624f33fb",
    "completionSchoolYearId": "6947ccd03dd920f0d2a619fe",
    "assignedTeachers": [
      "6947d6663dd920f0d2a62faf"
    ],
    "status": "signed",
    "assignedAt": "2025-12-21T11:58:53.029Z",
    "assignedBy": "6930bb7ce1d9875b43a0b096",
    "isCompleted": false,
    "isCompletedSem1": false,
    "isCompletedSem2": true,
    "dataVersion": 2,
    "teacherCompletions": [
      {
        "teacherId": "6947d6663dd920f0d2a62faf",
        "completedSem2": true,
        "completedAtSem2": "2025-12-21T11:58:58.661Z",
        "_id": "6947e1026424c9b3624f3442"
      }
    ],
    "createdAt": "2025-12-21T11:58:53.029Z",
    "updatedAt": "2025-12-21T11:59:10.751Z",
    "__v": 0,
    "completedAtSem2": "2025-12-21T11:58:58.661Z",
    "data": {
      "signatures": [
        {
          "type": "end_of_year",
          "signedAt": "2025-12-21T11:59:08.544Z",
          "subAdminId": "6947ccba3dd920f0d2a618f6",
          "schoolYearId": "6947cccf3dd920f0d2a619f3",
          "schoolYearName": "2025/2026",
          "level": "PS"
        }
      ],
      "promotions": [
        {
          "from": "PS",
          "to": "MS",
          "date": "2025-12-21T11:59:10.750Z",
          "year": "2024/2025",
          "class": "PS A",
          "by": "6947ccba3dd920f0d2a618f6"
        }
      ]
    }
  },
  {
    "_id": "6947e1f133e6fb0c10f9529d",
    "templateId": "6947ccc33dd920f0d2a6190d",
    "templateVersion": 1,
    "studentId": "6947e1f133e6fb0c10f9528f",
    "completionSchoolYearId": "6947ccd03dd920f0d2a619fe",
    "assignedTeachers": [
      "6947d6663dd920f0d2a62faf"
    ],
    "status": "signed",
    "assignedAt": "2025-12-21T12:02:57.282Z",
    "assignedBy": "6930bb7ce1d9875b43a0b096",
    "isCompleted": false,
    "isCompletedSem1": false,
    "isCompletedSem2": true,
    "dataVersion": 2,
    "teacherCompletions": [
      {
        "teacherId": "6947d6663dd920f0d2a62faf",
        "completedSem2": true,
        "completedAtSem2": "2025-12-21T12:03:11.645Z",
        "_id": "6947e1ff33e6fb0c10f9539f"
      }
    ],
    "createdAt": "2025-12-21T12:02:57.284Z",
    "updatedAt": "2025-12-21T12:03:21.435Z",
    "__v": 0,
    "completedAtSem2": "2025-12-21T12:03:11.645Z",
    "data": {
      "signatures": [
        {
          "type": "end_of_year",
          "signedAt": "2025-12-21T12:03:15.977Z",
          "subAdminId": "6947ccba3dd920f0d2a618f6",
          "schoolYearId": "6947cccf3dd920f0d2a619f3",
          "schoolYearName": "2025/2026",
          "level": "PS"
        }
      ],
      "promotions": [
        {
          "from": "PS",
          "to": "MS",
          "date": "2025-12-21T12:03:21.434Z",
          "year": "2024/2025",
          "class": "PS A",
          "by": "6947ccba3dd920f0d2a618f6"
        }
      ]
    }
  },
  {
    "_id": "69499ba9d009a4bead9e603e",
    "templateId": "6947ccc33dd920f0d2a6190d",
    "templateVersion": 1,
    "studentId": "69499ba9d009a4bead9e6030",
    "completionSchoolYearId": "6947cccf3dd920f0d2a619f3",
    "assignedTeachers": [
      "6947cca93dd920f0d2a618da",
      "6947ccaf3dd920f0d2a618e3",
      "6947ccb43dd920f0d2a618ed",
      "6947d6663dd920f0d2a62faf"
    ],
    "status": "draft",
    "assignedAt": "2025-12-22T19:28:49.918Z",
    "assignedBy": "6930bb7ce1d9875b43a0b096",
    "isCompleted": false,
    "isCompletedSem1": false,
    "isCompletedSem2": false,
    "dataVersion": 2,
    "teacherCompletions": [],
    "createdAt": "2025-12-22T19:27:37.944Z",
    "updatedAt": "2025-12-22T19:29:33.761Z",
    "__v": 0,
    "completedAtSem2": null,
    "data": {
      "signatures": [
        {
          "type": "end_of_year",
          "signedAt": "2025-12-22T19:27:54.750Z",
          "subAdminId": "6947ccba3dd920f0d2a618f6",
          "schoolYearId": "6947cccf3dd920f0d2a619f3",
          "schoolYearName": "2025/2026",
          "level": "PS"
        }
      ],
      "promotions": [
        {
          "from": "PS",
          "to": "MS",
          "date": "2025-12-22T19:27:56.495Z",
          "year": "2024/2025",
          "class": "PS A",
          "by": "6947ccba3dd920f0d2a618f6"
        }
      ]
    },
    "completedAt": null,
    "completedAtSem1": null,
    "completedBy": null
  }
]