[
  {
    "_id": "6947cdb73dd920f0d2a61e67",
    "templateAssignmentId": "6947cd7108687cb5c9c35adf",
    "teacherId": "6947ccba3dd920f0d2a618f6",
    "changeType": "signature",
    "blockIndex": -1,
    "pageIndex": -1,
    "before": [],
    "after": [
      {
        "type": "standard",
        "signedAt": "2025-12-21T10:36:39.518Z",
        "subAdminId": "6947ccba3dd920f0d2a618f6",
        "schoolYearId": "6947ccd03dd920f0d2a619fe",
        "schoolYearName": "2024/2025",
        "level": "PS"
      }
    ],
    "changeId": "mjfle5m0-hrnpp8w",
    "dataVersion": 2,
    "userId": "6947ccba3dd920f0d2a618f6",
    "timestamp": "2025-12-21T10:36:39.518Z",
    "__v": 0
  },
  {
    "_id": "6947cfe83dd920f0d2a61fe0",
    "templateAssignmentId": "6947cd7108687cb5c9c35adf",
    "teacherId": "6947ccba3dd920f0d2a618f6",
    "changeType": "signature",
    "blockIndex": -1,
    "pageIndex": -1,
    "before": [
      {
        "type": "standard",
        "signedAt": "2025-12-21T10:36:39.518Z",
        "subAdminId": "6947ccba3dd920f0d2a618f6",
        "schoolYearId": "6947ccd03dd920f0d2a619fe",
        "schoolYearName": "2024/2025",
        "level": "PS"
      }
    ],
    "after": [
      {
        "type": "standard",
        "signedAt": "2025-12-21T10:36:39.518Z",
        "subAdminId": "6947ccba3dd920f0d2a618f6",
        "schoolYearId": "6947ccd03dd920f0d2a619fe",
        "schoolYearName": "2024/2025",
        "level": "PS"
      },
      {
        "type": "end_of_year",
        "signedAt": "2025-12-21T10:46:00.038Z",
        "subAdminId": "6947ccba3dd920f0d2a618f6",
        "schoolYearId": "6947cccf3dd920f0d2a619f3",
        "schoolYearName": "2025/2026",
        "level": "PS"
      }
    ],
    "changeId": "mjflq63t-93arfy8",
    "dataVersion": 3,
    "userId": "6947ccba3dd920f0d2a618f6",
    "timestamp": "2025-12-21T10:46:00.038Z",
    "__v": 0
  },
  {
    "_id": "6947d0833dd920f0d2a6241c",
    "templateAssignmentId": "6947cd7108687cb5c9c35adf",
    "teacherId": "6947ccba3dd920f0d2a618f6",
    "changeType": "signature",
    "blockIndex": -1,
    "pageIndex": -1,
    "before": [
      {
        "type": "standard",
        "signedAt": "2025-12-21T10:36:39.518Z",
        "subAdminId": "6947ccba3dd920f0d2a618f6",
        "schoolYearId": "6947ccd03dd920f0d2a619fe",
        "schoolYearName": "2024/2025",
        "level": "PS"
      },
      {
        "type": "end_of_year",
        "signedAt": "2025-12-21T10:46:00.038Z",
        "subAdminId": "6947ccba3dd920f0d2a618f6",
        "schoolYearId": "6947cccf3dd920f0d2a619f3",
        "schoolYearName": "2025/2026",
        "level": "PS"
      }
    ],
    "after": [
      {
        "type": "standard",
        "signedAt": "2025-12-21T10:36:39.518Z",
        "subAdminId": "6947ccba3dd920f0d2a618f6",
        "schoolYearId": "6947ccd03dd920f0d2a619fe",
        "schoolYearName": "2024/2025",
        "level": "PS"
      },
      {
        "type": "end_of_year",
        "signedAt": "2025-12-21T10:46:00.038Z",
        "subAdminId": "6947ccba3dd920f0d2a618f6",
        "schoolYearId": "6947cccf3dd920f0d2a619f3",
        "schoolYearName": "2025/2026",
        "level": "PS"
      },
      {
        "type": "standard",
        "signedAt": "2025-12-21T10:48:35.635Z",
        "subAdminId": "6947ccba3dd920f0d2a618f6",
        "schoolYearId": "6947cccf3dd920f0d2a619f3",
        "schoolYearName": "2025/2026",
        "level": "MS"
      }
    ],
    "changeId": "mjflti5y-mnfvof6",
    "dataVersion": 4,
    "userId": "6947ccba3dd920f0d2a618f6",
    "timestamp": "2025-12-21T10:48:35.635Z",
    "__v": 0
  },
  {
    "_id": "6947d0a73dd920f0d2a6254a",
    "templateAssignmentId": "6947cd7108687cb5c9c35adf",
    "teacherId": "6947ccba3dd920f0d2a618f6",
    "changeType": "signature",
    "blockIndex": -1,
    "pageIndex": -1,
    "before": [
      {
        "type": "standard",
        "signedAt": "2025-12-21T10:36:39.518Z",
        "subAdminId": "6947ccba3dd920f0d2a618f6",
        "schoolYearId": "6947ccd03dd920f0d2a619fe",
        "schoolYearName": "2024/2025",
        "level": "PS"
      },
      {
        "type": "end_of_year",
        "signedAt": "2025-12-21T10:46:00.038Z",
        "subAdminId": "6947ccba3dd920f0d2a618f6",
        "schoolYearId": "6947cccf3dd920f0d2a619f3",
        "schoolYearName": "2025/2026",
        "level": "PS"
      },
      {
        "type": "standard",
        "signedAt": "2025-12-21T10:48:35.635Z",
        "subAdminId": "6947ccba3dd920f0d2a618f6",
        "schoolYearId": "6947cccf3dd920f0d2a619f3",
        "schoolYearName": "2025/2026",
        "level": "MS"
      }
    ],
    "after": [
      {
        "type": "standard",
        "signedAt": "2025-12-21T10:36:39.518Z",
        "subAdminId": "6947ccba3dd920f0d2a618f6",
        "schoolYearId": "6947ccd03dd920f0d2a619fe",
        "schoolYearName": "2024/2025",
        "level": "PS"
      },
      {
        "type": "end_of_year",
        "signedAt": "2025-12-21T10:46:00.038Z",
        "subAdminId": "6947ccba3dd920f0d2a618f6",
        "schoolYearId": "6947cccf3dd920f0d2a619f3",
        "schoolYearName": "2025/2026",
        "level": "PS"
      },
      {
        "type": "standard",
        "signedAt": "2025-12-21T10:48:35.635Z",
        "subAdminId": "6947ccba3dd920f0d2a618f6",
        "schoolYearId": "6947cccf3dd920f0d2a619f3",
        "schoolYearName": "2025/2026",
        "level": "MS"
      },
      {
        "type": "end_of_year",
        "signedAt": "2025-12-21T10:49:11.124Z",
        "subAdminId": "6947ccba3dd920f0d2a618f6",
        "schoolYearId": "6947ccd13dd920f0d2a61a13",
        "schoolYearName": "2026/2027",
        "level": "MS"
      }
    ],
    "changeId": "mjflu9jr-adkbs52",
    "dataVersion": 5,
    "userId": "6947ccba3dd920f0d2a618f6",
    "timestamp": "2025-12-21T10:49:11.124Z",
    "__v": 0
  },
  {
    "_id": "6947d18e3dd920f0d2a62d71",
    "templateAssignmentId": "6947cd7108687cb5c9c35adf",
    "teacherId": "6947ccba3dd920f0d2a618f6",
    "changeType": "signature",
    "blockIndex": -1,
    "pageIndex": -1,
    "before": [
      {
        "type": "standard",
        "signedAt": "2025-12-21T10:36:39.518Z",
        "subAdminId": "6947ccba3dd920f0d2a618f6",
        "schoolYearId": "6947ccd03dd920f0d2a619fe",
        "schoolYearName": "2024/2025",
        "level": "PS"
      },
      {
        "type": "end_of_year",
        "signedAt": "2025-12-21T10:46:00.038Z",
        "subAdminId": "6947ccba3dd920f0d2a618f6",
        "schoolYearId": "6947cccf3dd920f0d2a619f3",
        "schoolYearName": "2025/2026",
        "level": "PS"
      },
      {
        "type": "standard",
        "signedAt": "2025-12-21T10:48:35.635Z",
        "subAdminId": "6947ccba3dd920f0d2a618f6",
        "schoolYearId": "6947cccf3dd920f0d2a619f3",
        "schoolYearName": "2025/2026",
        "level": "MS"
      },
      {
        "type": "end_of_year",
        "signedAt": "2025-12-21T10:49:11.124Z",
        "subAdminId": "6947ccba3dd920f0d2a618f6",
        "schoolYearId": "6947ccd13dd920f0d2a61a13",
        "schoolYearName": "2026/2027",
        "level": "MS"
      }
    ],
    "after": [
      {
        "type": "standard",
        "signedAt": "2025-12-21T10:36:39.518Z",
        "subAdminId": "6947ccba3dd920f0d2a618f6",
        "schoolYearId": "6947ccd03dd920f0d2a619fe",
        "schoolYearName": "2024/2025",
        "level": "PS"
      },
      {
        "type": "end_of_year",
        "signedAt": "2025-12-21T10:46:00.038Z",
        "subAdminId": "6947ccba3dd920f0d2a618f6",
        "schoolYearId": "6947cccf3dd920f0d2a619f3",
        "schoolYearName": "2025/2026",
        "level": "PS"
      },
      {
        "type": "standard",
        "signedAt": "2025-12-21T10:48:35.635Z",
        "subAdminId": "6947ccba3dd920f0d2a618f6",
        "schoolYearId": "6947cccf3dd920f0d2a619f3",
        "schoolYearName": "2025/2026",
        "level": "MS"
      },
      {
        "type": "end_of_year",
        "signedAt": "2025-12-21T10:49:11.124Z",
        "subAdminId": "6947ccba3dd920f0d2a618f6",
        "schoolYearId": "6947ccd13dd920f0d2a61a13",
        "schoolYearName": "2026/2027",
        "level": "MS"
      },
      {
        "type": "standard",
        "signedAt": "2025-12-21T10:53:02.603Z",
        "subAdminId": "6947ccba3dd920f0d2a618f6",
        "schoolYearId": "6947ccd13dd920f0d2a61a13",
        "schoolYearName": "2026/2027",
        "level": "GS"
      }
    ],
    "changeId": "mjflz85q-tjznplq",
    "dataVersion": 6,
    "userId": "6947ccba3dd920f0d2a618f6",
    "timestamp": "2025-12-21T10:53:02.603Z",
    "__v": 0
  },
  {
    "_id": "6947d19c3dd920f0d2a62e30",
    "templateAssignmentId": "6947cd7108687cb5c9c35adf",
    "teacherId": "6947ccba3dd920f0d2a618f6",
    "changeType": "signature",
    "blockIndex": -1,
    "pageIndex": -1,
    "before": [
      {
        "type": "standard",
        "signedAt": "2025-12-21T10:36:39.518Z",
        "subAdminId": "6947ccba3dd920f0d2a618f6",
        "schoolYearId": "6947ccd03dd920f0d2a619fe",
        "schoolYearName": "2024/2025",
        "level": "PS"
      },
      {
        "type": "end_of_year",
        "signedAt": "2025-12-21T10:46:00.038Z",
        "subAdminId": "6947ccba3dd920f0d2a618f6",
        "schoolYearId": "6947cccf3dd920f0d2a619f3",
        "schoolYearName": "2025/2026",
        "level": "PS"
      },
      {
        "type": "standard",
        "signedAt": "2025-12-21T10:48:35.635Z",
        "subAdminId": "6947ccba3dd920f0d2a618f6",
        "schoolYearId": "6947cccf3dd920f0d2a619f3",
        "schoolYearName": "2025/2026",
        "level": "MS"
      },
      {
        "type": "end_of_year",
        "signedAt": "2025-12-21T10:49:11.124Z",
        "subAdminId": "6947ccba3dd920f0d2a618f6",
        "schoolYearId": "6947ccd13dd920f0d2a61a13",
        "schoolYearName": "2026/2027",
        "level": "MS"
      },
      {
        "type": "standard",
        "signedAt": "2025-12-21T10:53:02.603Z",
        "subAdminId": "6947ccba3dd920f0d2a618f6",
        "schoolYearId": "6947ccd13dd920f0d2a61a13",
        "schoolYearName": "2026/2027",
        "level": "GS"
      }
    ],
    "after": [
      {
        "type": "standard",
        "signedAt": "2025-12-21T10:36:39.518Z",
        "subAdminId": "6947ccba3dd920f0d2a618f6",
        "schoolYearId": "6947ccd03dd920f0d2a619fe",
        "schoolYearName": "2024/2025",
        "level": "PS"
      },
      {
        "type": "end_of_year",
        "signedAt": "2025-12-21T10:46:00.038Z",
        "subAdminId": "6947ccba3dd920f0d2a618f6",
        "schoolYearId": "6947cccf3dd920f0d2a619f3",
        "schoolYearName": "2025/2026",
        "level": "PS"
      },
      {
        "type": "standard",
        "signedAt": "2025-12-21T10:48:35.635Z",
        "subAdminId": "6947ccba3dd920f0d2a618f6",
        "schoolYearId": "6947cccf3dd920f0d2a619f3",
        "schoolYearName": "2025/2026",
        "level": "MS"
      },
      {
        "type": "end_of_year",
        "signedAt": "2025-12-21T10:49:11.124Z",
        "subAdminId": "6947ccba3dd920f0d2a618f6",
        "schoolYearId": "6947ccd13dd920f0d2a61a13",
        "schoolYearName": "2026/2027",
        "level": "MS"
      },
      {
        "type": "standard",
        "signedAt": "2025-12-21T10:53:02.603Z",
        "subAdminId": "6947ccba3dd920f0d2a618f6",
        "schoolYearId": "6947ccd13dd920f0d2a61a13",
        "schoolYearName": "2026/2027",
        "level": "GS"
      },
      {
        "type": "end_of_year",
        "signedAt": "2025-12-21T10:53:16.353Z",
        "subAdminId": "6947ccba3dd920f0d2a618f6",
        "schoolYearId": "6947ccd33dd920f0d2a61a1d",
        "schoolYearName": "2027/2028",
        "level": "GS"
      }
    ],
    "changeId": "mjflziro-wfeepx9",
    "dataVersion": 7,
    "userId": "6947ccba3dd920f0d2a618f6",
    "timestamp": "2025-12-21T10:53:16.353Z",
    "__v": 0
  },
  {
    "_id": "6947d7f63dd920f0d2a63bf8",
    "templateAssignmentId": "6947d6713dd920f0d2a62fde",
    "teacherId": "6947ccba3dd920f0d2a618f6",
    "changeType": "signature",
    "blockIndex": -1,
    "pageIndex": -1,
    "before": [],
    "after": [
      {
        "type": "standard",
        "signedAt": "2025-12-21T11:20:22.773Z",
        "subAdminId": "6947ccba3dd920f0d2a618f6",
        "schoolYearId": "6947ccd03dd920f0d2a619fe",
        "schoolYearName": "2024/2025",
        "level": "PS"
      }
    ],
    "changeId": "mjfmydq0-7r3pdik",
    "dataVersion": 2,
    "userId": "6947ccba3dd920f0d2a618f6",
    "timestamp": "2025-12-21T11:20:22.773Z",
    "__v": 0
  },
  {
    "_id": "6947d7fa3dd920f0d2a63c2d",
    "templateAssignmentId": "6947d6713dd920f0d2a62fde",
    "teacherId": "6947ccba3dd920f0d2a618f6",
    "changeType": "unsign",
    "blockIndex": -1,
    "pageIndex": -1,
    "before": [
      {
        "type": "standard",
        "signedAt": "2025-12-21T11:20:22.773Z",
        "subAdminId": "6947ccba3dd920f0d2a618f6",
        "schoolYearId": "6947ccd03dd920f0d2a619fe",
        "schoolYearName": "2024/2025",
        "level": "PS"
      }
    ],
    "after": [
      {
        "type": "standard",
        "signedAt": "2025-12-21T11:20:22.773Z",
        "subAdminId": "6947ccba3dd920f0d2a618f6",
        "schoolYearId": "6947ccd03dd920f0d2a619fe",
        "schoolYearName": "2024/2025",
        "level": "PS"
      }
    ],
    "changeId": "mjfmygkk-b3i5w3j",
    "dataVersion": 3,
    "userId": "6947ccba3dd920f0d2a618f6",
    "timestamp": "2025-12-21T11:20:26.468Z",
    "__v": 0
  },
  {
    "_id": "6947d8123dd920f0d2a63cf4",
    "templateAssignmentId": "6947d6713dd920f0d2a62fde",
    "teacherId": "6947ccba3dd920f0d2a618f6",
    "changeType": "signature",
    "blockIndex": -1,
    "pageIndex": -1,
    "before": [
      {
        "type": "standard",
        "signedAt": "2025-12-21T11:20:22.773Z",
        "subAdminId": "6947ccba3dd920f0d2a618f6",
        "schoolYearId": "6947ccd03dd920f0d2a619fe",
        "schoolYearName": "2024/2025",
        "level": "PS"
      }
    ],
    "after": [
      {
        "type": "standard",
        "signedAt": "2025-12-21T11:20:22.773Z",
        "subAdminId": "6947ccba3dd920f0d2a618f6",
        "schoolYearId": "6947ccd03dd920f0d2a619fe",
        "schoolYearName": "2024/2025",
        "level": "PS"
      },
      {
        "type": "standard",
        "signedAt": "2025-12-21T11:20:50.408Z",
        "subAdminId": "6947ccba3dd920f0d2a618f6",
        "schoolYearId": "6947ccd03dd920f0d2a619fe",
        "schoolYearName": "2024/2025",
        "level": "PS"
      }
    ],
    "changeId": "mjfmyz1m-6qjizy0",
    "dataVersion": 5,
    "userId": "6947ccba3dd920f0d2a618f6",
    "timestamp": "2025-12-21T11:20:50.408Z",
    "__v": 0
  },
  {
    "_id": "6947d8223dd920f0d2a63d29",
    "templateAssignmentId": "6947d6713dd920f0d2a62fde",
    "teacherId": "6947ccba3dd920f0d2a618f6",
    "changeType": "unsign",
    "blockIndex": -1,
    "pageIndex": -1,
    "before": [
      {
        "type": "standard",
        "signedAt": "2025-12-21T11:20:22.773Z",
        "subAdminId": "6947ccba3dd920f0d2a618f6",
        "schoolYearId": "6947ccd03dd920f0d2a619fe",
        "schoolYearName": "2024/2025",
        "level": "PS"
      },
      {
        "type": "standard",
        "signedAt": "2025-12-21T11:20:50.408Z",
        "subAdminId": "6947ccba3dd920f0d2a618f6",
        "schoolYearId": "6947ccd03dd920f0d2a619fe",
        "schoolYearName": "2024/2025",
        "level": "PS"
      }
    ],
    "after": [
      {
        "type": "standard",
        "signedAt": "2025-12-21T11:20:22.773Z",
        "subAdminId": "6947ccba3dd920f0d2a618f6",
        "schoolYearId": "6947ccd03dd920f0d2a619fe",
        "schoolYearName": "2024/2025",
        "level": "PS"
      },
      {
        "type": "standard",
        "signedAt": "2025-12-21T11:20:50.408Z",
        "subAdminId": "6947ccba3dd920f0d2a618f6",
        "schoolYearId": "6947ccd03dd920f0d2a619fe",
        "schoolYearName": "2024/2025",
        "level": "PS"
      }
    ],
    "changeId": "mjfmzb4w-2okp979",
    "dataVersion": 6,
    "userId": "6947ccba3dd920f0d2a618f6",
    "timestamp": "2025-12-21T11:21:06.080Z",
    "__v": 0
  },
  {
    "_id": "6947d9713dd920f0d2a63e5c",
    "templateAssignmentId": "6947d6713dd920f0d2a62fde",
    "teacherId": "6947ccba3dd920f0d2a618f6",
    "changeType": "signature",
    "blockIndex": -1,
    "pageIndex": -1,
    "before": [
      {
        "type": "standard",
        "signedAt": "2025-12-21T11:20:22.773Z",
        "subAdminId": "6947ccba3dd920f0d2a618f6",
        "schoolYearId": "6947ccd03dd920f0d2a619fe",
        "schoolYearName": "2024/2025",
        "level": "PS"
      },
      {
        "type": "standard",
        "signedAt": "2025-12-21T11:20:50.408Z",
        "subAdminId": "6947ccba3dd920f0d2a618f6",
        "schoolYearId": "6947ccd03dd920f0d2a619fe",
        "schoolYearName": "2024/2025",
        "level": "PS"
      }
    ],
    "after": [
      {
        "type": "standard",
        "signedAt": "2025-12-21T11:20:22.773Z",
        "subAdminId": "6947ccba3dd920f0d2a618f6",
        "schoolYearId": "6947ccd03dd920f0d2a619fe",
        "schoolYearName": "2024/2025",
        "level": "PS"
      },
      {
        "type": "standard",
        "signedAt": "2025-12-21T11:20:50.408Z",
        "subAdminId": "6947ccba3dd920f0d2a618f6",
        "schoolYearId": "6947ccd03dd920f0d2a619fe",
        "schoolYearName": "2024/2025",
        "level": "PS"
      },
      {
        "type": "standard",
        "signedAt": "2025-12-21T11:26:41.890Z",
        "subAdminId": "6947ccba3dd920f0d2a618f6",
        "schoolYearId": "6947ccd03dd920f0d2a619fe",
        "schoolYearName": "2024/2025",
        "level": "PS"
      }
    ],
    "changeId": "mjfn6i91-rmirbar",
    "dataVersion": 8,
    "userId": "6947ccba3dd920f0d2a618f6",
    "timestamp": "2025-12-21T11:26:41.890Z",
    "__v": 0
  },
  {
    "_id": "6947d9bf3dd920f0d2a63f6f",
    "templateAssignmentId": "6947d98a3dd920f0d2a63ea1",
    "teacherId": "6947ccba3dd920f0d2a618f6",
    "changeType": "signature",
    "blockIndex": -1,
    "pageIndex": -1,
    "before": [],
    "after": [
      {
        "type": "standard",
        "signedAt": "2025-12-21T11:27:59.259Z",
        "subAdminId": "6947ccba3dd920f0d2a618f6",
        "schoolYearId": "6947ccd03dd920f0d2a619fe",
        "schoolYearName": "2024/2025",
        "level": "PS"
      }
    ],
    "changeId": "mjfn85y6-f68tt51",
    "dataVersion": 2,
    "userId": "6947ccba3dd920f0d2a618f6",
    "timestamp": "2025-12-21T11:27:59.259Z",
    "__v": 0
  },
  {
    "_id": "6947d9c43dd920f0d2a63fa4",
    "templateAssignmentId": "6947d98a3dd920f0d2a63ea1",
    "teacherId": "6947ccba3dd920f0d2a618f6",
    "changeType": "unsign",
    "blockIndex": -1,
    "pageIndex": -1,
    "before": [
      {
        "type": "standard",
        "signedAt": "2025-12-21T11:27:59.259Z",
        "subAdminId": "6947ccba3dd920f0d2a618f6",
        "schoolYearId": "6947ccd03dd920f0d2a619fe",
        "schoolYearName": "2024/2025",
        "level": "PS"
      }
    ],
    "after": [
      {
        "type": "standard",
        "signedAt": "2025-12-21T11:27:59.259Z",
        "subAdminId": "6947ccba3dd920f0d2a618f6",
        "schoolYearId": "6947ccd03dd920f0d2a619fe",
        "schoolYearName": "2024/2025",
        "level": "PS"
      }
    ],
    "changeId": "mjfn8abr-kgv4ce4",
    "dataVersion": 3,
    "userId": "6947ccba3dd920f0d2a618f6",
    "timestamp": "2025-12-21T11:28:04.935Z",
    "__v": 0
  },
  {
    "_id": "6947da2e6424c9b3624f30a1",
    "templateAssignmentId": "6947da186424c9b3624f2f8a",
    "teacherId": "6947ccba3dd920f0d2a618f6",
    "changeType": "signature",
    "blockIndex": -1,
    "pageIndex": -1,
    "before": [],
    "after": [
      {
        "type": "standard",
        "signedAt": "2025-12-21T11:29:50.666Z",
        "subAdminId": "6947ccba3dd920f0d2a618f6",
        "schoolYearId": "6947ccd03dd920f0d2a619fe",
        "schoolYearName": "2024/2025",
        "level": "PS"
      }
    ],
    "changeId": "mjfnajwv-eebts9e",
    "dataVersion": 2,
    "userId": "6947ccba3dd920f0d2a618f6",
    "timestamp": "2025-12-21T11:29:50.666Z",
    "__v": 0
  },
  {
    "_id": "6947df6f6424c9b3624f329f",
    "templateAssignmentId": "6947da186424c9b3624f2f8a",
    "teacherId": "6947ccba3dd920f0d2a618f6",
    "changeType": "signature",
    "blockIndex": -1,
    "pageIndex": -1,
    "before": [
      {
        "type": "standard",
        "signedAt": "2025-12-21T11:29:50.666Z",
        "subAdminId": "6947ccba3dd920f0d2a618f6",
        "schoolYearId": "6947ccd03dd920f0d2a619fe",
        "schoolYearName": "2024/2025",
        "level": "PS"
      }
    ],
    "after": [
      {
        "type": "standard",
        "signedAt": "2025-12-21T11:29:50.666Z",
        "subAdminId": "6947ccba3dd920f0d2a618f6",
        "schoolYearId": "6947ccd03dd920f0d2a619fe",
        "schoolYearName": "2024/2025",
        "level": "PS"
      },
      {
        "type": "end_of_year",
        "signedAt": "2025-12-21T11:52:15.989Z",
        "subAdminId": "6947ccba3dd920f0d2a618f6",
        "schoolYearId": "6947cccf3dd920f0d2a619f3",
        "schoolYearName": "2025/2026",
        "level": "PS"
      }
    ],
    "changeId": "mjfo3dyx-sddi26b",
    "dataVersion": 3,
    "userId": "6947ccba3dd920f0d2a618f6",
    "timestamp": "2025-12-21T11:52:15.989Z",
    "__v": 0
  },
  {
    "_id": "6947e10c6424c9b3624f34dd",
    "templateAssignmentId": "6947e0fd6424c9b3624f3409",
    "teacherId": "6947ccba3dd920f0d2a618f6",
    "changeType": "signature",
    "blockIndex": -1,
    "pageIndex": -1,
    "before": [],
    "after": [
      {
        "type": "end_of_year",
        "signedAt": "2025-12-21T11:59:08.544Z",
        "subAdminId": "6947ccba3dd920f0d2a618f6",
        "schoolYearId": "6947cccf3dd920f0d2a619f3",
        "schoolYearName": "2025/2026",
        "level": "PS"
      }
    ],
    "changeId": "mjfoc8ar-uawjr8a",
    "dataVersion": 2,
    "userId": "6947ccba3dd920f0d2a618f6",
    "timestamp": "2025-12-21T11:59:08.544Z",
    "__v": 0
  },
  {
    "_id": "6947e20333e6fb0c10f953fa",
    "templateAssignmentId": "6947e1f133e6fb0c10f9529d",
    "teacherId": "6947ccba3dd920f0d2a618f6",
    "changeType": "signature",
    "blockIndex": -1,
    "pageIndex": -1,
    "before": [],
    "after": [
      {
        "type": "end_of_year",
        "signedAt": "2025-12-21T12:03:15.977Z",
        "subAdminId": "6947ccba3dd920f0d2a618f6",
        "schoolYearId": "6947cccf3dd920f0d2a619f3",
        "schoolYearName": "2025/2026",
        "level": "PS"
      }
    ],
    "changeId": "mjfohj7z-lvtvxb1",
    "dataVersion": 2,
    "userId": "6947ccba3dd920f0d2a618f6",
    "timestamp": "2025-12-21T12:03:15.977Z",
    "__v": 0
  },
  {
    "_id": "69499bbad009a4bead9e6162",
    "templateAssignmentId": "69499ba9d009a4bead9e603e",
    "teacherId": "6947ccba3dd920f0d2a618f6",
    "changeType": "signature",
    "blockIndex": -1,
    "pageIndex": -1,
    "before": [],
    "after": [
      {
        "type": "end_of_year",
        "signedAt": "2025-12-22T19:27:54.750Z",
        "subAdminId": "6947ccba3dd920f0d2a618f6",
        "schoolYearId": "6947cccf3dd920f0d2a619f3",
        "schoolYearName": "2025/2026",
        "level": "PS"
      }
    ],
    "changeId": "mjhjt7d1-snkpzk8",
    "dataVersion": 2,
    "userId": "6947ccba3dd920f0d2a618f6",
    "timestamp": "2025-12-22T19:27:54.750Z",
    "__v": 0
  }
]