[
  {
    "_id": "695ab3f09006dc16c4b40a0f",
    "name": "PS A",
    "level": "PS",
    "schoolYearId": "695ab3ee9006dc16c4b409fc",
    "__v": 0
  },
  {
    "_id": "696bd6fa0dbd3073ee97493b",
    "name": "MS A",
    "level": "MS",
    "schoolYearId": "695ab3ee9006dc16c4b409fc",
    "__v": 0
  },
  {
    "_id": "696bd6fb0dbd3073ee974c73",
    "name": "MS B",
    "level": "MS",
    "schoolYearId": "695ab3ee9006dc16c4b409fc",
    "__v": 0
  },
  {
    "_id": "696bd6fb0dbd3073ee974dc7",
    "name": "PS B",
    "level": "PS",
    "schoolYearId": "695ab3ee9006dc16c4b409fc",
    "__v": 0
  },
  {
    "_id": "696bd6fc0dbd3073ee974f8b",
    "name": "MS C",
    "level": "MS",
    "schoolYearId": "695ab3ee9006dc16c4b409fc",
    "__v": 0
  },
  {
    "_id": "696bd6fc0dbd3073ee9750d2",
    "name": "PS C",
    "level": "PS",
    "schoolYearId": "695ab3ee9006dc16c4b409fc",
    "__v": 0
  },
  {
    "_id": "696bd6fe0dbd3073ee9752cc",
    "name": "MS D",
    "level": "MS",
    "schoolYearId": "695ab3ee9006dc16c4b409fc",
    "__v": 0
  },
  {
    "_id": "696bd6fe0dbd3073ee975420",
    "name": "PS D",
    "level": "PS",
    "schoolYearId": "695ab3ee9006dc16c4b409fc",
    "__v": 0
  },
  {
    "_id": "696bd6ff0dbd3073ee975608",
    "name": "MS E",
    "level": "MS",
    "schoolYearId": "695ab3ee9006dc16c4b409fc",
    "__v": 0
  },
  {
    "_id": "696bd6ff0dbd3073ee97575c",
    "name": "PS E",
    "level": "PS",
    "schoolYearId": "695ab3ee9006dc16c4b409fc",
    "__v": 0
  },
  {
    "_id": "696bd7000dbd3073ee975944",
    "name": "MS F",
    "level": "MS",
    "schoolYearId": "695ab3ee9006dc16c4b409fc",
    "__v": 0
  }
]