[
  {
    "_id": "696bd5df0dbd3073ee97480b",
    "addedCount": 0,
    "updatedCount": 0,
    "errorCount": 289,
    "reportJson": "[{\"status\":\"error\",\"message\":\"invalid_dateOfBirth\"},{\"status\":\"error\",\"message\":\"invalid_dateOfBirth\"},{\"status\":\"error\",\"message\":\"invalid_dateOfBirth\"},{\"status\":\"error\",\"message\":\"invalid_dateOfBirth\"},{\"status\":\"error\",\"message\":\"invalid_dateOfBirth\"},{\"status\":\"error\",\"message\":\"invalid_dateOfBirth\"},{\"status\":\"error\",\"message\":\"invalid_dateOfBirth\"},{\"status\":\"error\",\"message\":\"invalid_dateOfBirth\"},{\"status\":\"error\",\"message\":\"invalid_dateOfBirth\"},{\"status\":\"error\",\"message\":\"invalid_dateOfBirth\"},{\"status\":\"error\",\"message\":\"invalid_dateOfBirth\"},{\"status\":\"error\",\"message\":\"invalid_dateOfBirth\"},{\"status\":\"error\",\"message\":\"invalid_dateOfBirth\"},{\"status\":\"error\",\"message\":\"invalid_dateOfBirth\"},{\"status\":\"error\",\"message\":\"invalid_dateOfBirth\"},{\"status\":\"error\",\"message\":\"invalid_dateOfBirth\"},{\"status\":\"error\",\"message\":\"invalid_dateOfBirth\"},{\"status\":\"error\",\"message\":\"invalid_dateOfBirth\"},{\"status\":\"error\",\"message\":\"invalid_dateOfBirth\"},{\"status\":\"error\",\"message\":\"invalid_dateOfBirth\"},{\"status\":\"error\",\"message\":\"invalid_dateOfBirth\"},{\"status\":\"error\",\"message\":\"invalid_dateOfBirth\"},{\"status\":\"error\",\"message\":\"invalid_dateOfBirth\"},{\"status\":\"error\",\"message\":\"invalid_dateOfBirth\"},{\"status\":\"error\",\"message\":\"invalid_dateOfBirth\"},{\"status\":\"error\",\"message\":\"invalid_dateOfBirth\"},{\"status\":\"error\",\"message\":\"invalid_dateOfBirth\"},{\"status\":\"error\",\"message\":\"invalid_dateOfBirth\"},{\"status\":\"error\",\"message\":\"invalid_dateOfBirth\"},{\"status\":\"error\",\"message\":\"invalid_dateOfBirth\"},{\"status\":\"error\",\"message\":\"invalid_dateOfBirth\"},{\"status\":\"error\",\"message\":\"invalid_dateOfBirth\"},{\"status\":\"error\",\"message\":\"invalid_dateOfBirth\"},{\"status\":\"error\",\"message\":\"invalid_dateOfBirth\"},{\"status\":\"error\",\"message\":\"invalid_dateOfBirth\"},{\"status\":\"error\",\"message\":\"invalid_dateOfBirth\"},{\"status\":\"error\",\"message\":\"invalid_dateOfBirth\"},{\"status\":\"error\",\"message\":\"invalid_dateOfBirth\"},{\"status\":\"error\",\"message\":\"invalid_dateOfBirth\"},{\"status\":\"error\",\"message\":\"invalid_dateOfBirth\"},{\"status\":\"error\",\"message\":\"invalid_dateOfBirth\"},{\"status\":\"error\",\"message\":\"invalid_dateOfBirth\"},{\"status\":\"error\",\"message\":\"invalid_dateOfBirth\"},{\"status\":\"error\",\"message\":\"invalid_dateOfBirth\"},{\"status\":\"error\",\"message\":\"invalid_dateOfBirth\"},{\"status\":\"error\",\"message\":\"invalid_dateOfBirth\"},{\"status\":\"error\",\"message\":\"invalid_dateOfBirth\"},{\"status\":\"error\",\"message\":\"invalid_dateOfBirth\"},{\"status\":\"error\",\"message\":\"invalid_dateOfBirth\"},{\"status\":\"error\",\"message\":\"invalid_dateOfBirth\"},{\"status\":\"error\",\"message\":\"invalid_dateOfBirth\"},{\"status\":\"error\",\"message\":\"invalid_dateOfBirth\"},{\"status\":\"error\",\"message\":\"invalid_dateOfBirth\"},{\"status\":\"error\",\"message\":\"invalid_dateOfBirth\"},{\"status\":\"error\",\"message\":\"invalid_dateOfBirth\"},{\"status\":\"error\",\"message\":\"invalid_dateOfBirth\"},{\"status\":\"error\",\"message\":\"invalid_dateOfBirth\"},{\"status\":\"error\",\"message\":\"invalid_dateOfBirth\"},{\"status\":\"error\",\"message\":\"invalid_dateOfBirth\"},{\"status\":\"error\",\"message\":\"invalid_dateOfBirth\"},{\"status\":\"error\",\"message\":\"invalid_dateOfBirth\"},{\"status\":\"error\",\"message\":\"invalid_dateOfBirth\"},{\"status\":\"error\",\"message\":\"invalid_dateOfBirth\"},{\"status\":\"error\",\"message\":\"invalid_dateOfBirth\"},{\"status\":\"error\",\"message\":\"invalid_dateOfBirth\"},{\"status\":\"error\",\"message\":\"invalid_dateOfBirth\"},{\"status\":\"error\",\"message\":\"invalid_dateOfBirth\"},{\"status\":\"error\",\"message\":\"invalid_dateOfBirth\"},{\"status\":\"error\",\"message\":\"invalid_dateOfBirth\"},{\"status\":\"error\",\"message\":\"invalid_dateOfBirth\"},{\"status\":\"error\",\"message\":\"invalid_dateOfBirth\"},{\"status\":\"error\",\"message\":\"invalid_dateOfBirth\"},{\"status\":\"error\",\"message\":\"invalid_dateOfBirth\"},{\"status\":\"error\",\"message\":\"invalid_dateOfBirth\"},{\"status\":\"error\",\"message\":\"invalid_dateOfBirth\"},{\"status\":\"error\",\"message\":\"invalid_dateOfBirth\"},{\"status\":\"error\",\"message\":\"invalid_dateOfBirth\"},{\"status\":\"error\",\"message\":\"invalid_dateOfBirth\"},{\"status\":\"error\",\"message\":\"invalid_dateOfBirth\"},{\"status\":\"error\",\"message\":\"invalid_dateOfBirth\"},{\"status\":\"error\",\"message\":\"invalid_dateOfBirth\"},{\"status\":\"error\",\"message\":\"invalid_dateOfBirth\"},{\"status\":\"error\",\"message\":\"invalid_dateOfBirth\"},{\"status\":\"error\",\"message\":\"invalid_dateOfBirth\"},{\"status\":\"error\",\"message\":\"invalid_dateOfBirth\"},{\"status\":\"error\",\"message\":\"invalid_dateOfBirth\"},{\"status\":\"error\",\"message\":\"invalid_dateOfBirth\"},{\"status\":\"error\",\"message\":\"invalid_dateOfBirth\"},{\"status\":\"error\",\"message\":\"invalid_dateOfBirth\"},{\"status\":\"error\",\"message\":\"invalid_dateOfBirth\"},{\"status\":\"error\",\"message\":\"invalid_dateOfBirth\"},{\"status\":\"error\",\"message\":\"invalid_dateOfBirth\"},{\"status\":\"error\",\"message\":\"invalid_dateOfBirth\"},{\"status\":\"error\",\"message\":\"invalid_dateOfBirth\"},{\"status\":\"error\",\"message\":\"invalid_dateOfBirth\"},{\"status\":\"error\",\"message\":\"invalid_dateOfBirth\"},{\"status\":\"error\",\"message\":\"invalid_dateOfBirth\"},{\"status\":\"error\",\"message\":\"invalid_dateOfBirth\"},{\"status\":\"error\",\"message\":\"invalid_dateOfBirth\"},{\"status\":\"error\",\"message\":\"invalid_dateOfBirth\"},{\"status\":\"error\",\"message\":\"invalid_dateOfBirth\"},{\"status\":\"error\",\"message\":\"invalid_dateOfBirth\"},{\"status\":\"error\",\"message\":\"invalid_dateOfBirth\"},{\"status\":\"error\",\"message\":\"invalid_dateOfBirth\"},{\"status\":\"error\",\"message\":\"invalid_dateOfBirth\"},{\"status\":\"error\",\"message\":\"invalid_dateOfBirth\"},{\"status\":\"error\",\"message\":\"invalid_dateOfBirth\"},{\"status\":\"error\",\"message\":\"invalid_dateOfBirth\"},{\"status\":\"error\",\"message\":\"invalid_dateOfBirth\"},{\"status\":\"error\",\"message\":\"invalid_dateOfBirth\"},{\"status\":\"error\",\"message\":\"invalid_dateOfBirth\"},{\"status\":\"error\",\"message\":\"invalid_dateOfBirth\"},{\"status\":\"error\",\"message\":\"invalid_dateOfBirth\"},{\"status\":\"error\",\"message\":\"invalid_dateOfBirth\"},{\"status\":\"error\",\"message\":\"invalid_dateOfBirth\"},{\"status\":\"error\",\"message\":\"invalid_dateOfBirth\"},{\"status\":\"error\",\"message\":\"invalid_dateOfBirth\"},{\"status\":\"error\",\"message\":\"invalid_dateOfBirth\"},{\"status\":\"error\",\"message\":\"invalid_dateOfBirth\"},{\"status\":\"error\",\"message\":\"invalid_dateOfBirth\"},{\"status\":\"error\",\"message\":\"invalid_dateOfBirth\"},{\"status\":\"error\",\"message\":\"invalid_dateOfBirth\"},{\"status\":\"error\",\"message\":\"invalid_dateOfBirth\"},{\"status\":\"error\",\"message\":\"invalid_dateOfBirth\"},{\"status\":\"error\",\"message\":\"invalid_dateOfBirth\"},{\"status\":\"error\",\"message\":\"invalid_dateOfBirth\"},{\"status\":\"error\",\"message\":\"invalid_dateOfBirth\"},{\"status\":\"error\",\"message\":\"invalid_dateOfBirth\"},{\"status\":\"error\",\"message\":\"invalid_dateOfBirth\"},{\"status\":\"error\",\"message\":\"invalid_dateOfBirth\"},{\"status\":\"error\",\"message\":\"invalid_dateOfBirth\"},{\"status\":\"error\",\"message\":\"invalid_dateOfBirth\"},{\"status\":\"error\",\"message\":\"invalid_dateOfBirth\"},{\"status\":\"error\",\"message\":\"invalid_dateOfBirth\"},{\"status\":\"error\",\"message\":\"invalid_dateOfBirth\"},{\"status\":\"error\",\"message\":\"invalid_dateOfBirth\"},{\"status\":\"error\",\"message\":\"invalid_dateOfBirth\"},{\"status\":\"error\",\"message\":\"invalid_dateOfBirth\"},{\"status\":\"error\",\"message\":\"invalid_dateOfBirth\"},{\"status\":\"error\",\"message\":\"invalid_dateOfBirth\"},{\"status\":\"error\",\"message\":\"invalid_dateOfBirth\"},{\"status\":\"error\",\"message\":\"invalid_dateOfBirth\"},{\"status\":\"error\",\"message\":\"invalid_dateOfBirth\"},{\"status\":\"error\",\"message\":\"invalid_dateOfBirth\"},{\"status\":\"error\",\"message\":\"invalid_dateOfBirth\"},{\"status\":\"error\",\"message\":\"invalid_dateOfBirth\"},{\"status\":\"error\",\"message\":\"invalid_dateOfBirth\"},{\"status\":\"error\",\"message\":\"invalid_dateOfBirth\"},{\"status\":\"error\",\"message\":\"invalid_dateOfBirth\"},{\"status\":\"error\",\"message\":\"invalid_dateOfBirth\"},{\"status\":\"error\",\"message\":\"invalid_dateOfBirth\"},{\"status\":\"error\",\"message\":\"invalid_dateOfBirth\"},{\"status\":\"error\",\"message\":\"invalid_dateOfBirth\"},{\"status\":\"error\",\"message\":\"invalid_dateOfBirth\"},{\"status\":\"error\",\"message\":\"invalid_dateOfBirth\"},{\"status\":\"error\",\"message\":\"invalid_dateOfBirth\"},{\"status\":\"error\",\"message\":\"invalid_dateOfBirth\"},{\"status\":\"error\",\"message\":\"invalid_dateOfBirth\"},{\"status\":\"error\",\"message\":\"invalid_dateOfBirth\"},{\"status\":\"error\",\"message\":\"invalid_dateOfBirth\"},{\"status\":\"error\",\"message\":\"invalid_dateOfBirth\"},{\"status\":\"error\",\"message\":\"invalid_dateOfBirth\"},{\"status\":\"error\",\"message\":\"invalid_dateOfBirth\"},{\"status\":\"error\",\"message\":\"invalid_dateOfBirth\"},{\"status\":\"error\",\"message\":\"invalid_dateOfBirth\"},{\"status\":\"error\",\"message\":\"invalid_dateOfBirth\"},{\"status\":\"error\",\"message\":\"invalid_dateOfBirth\"},{\"status\":\"error\",\"message\":\"invalid_dateOfBirth\"},{\"status\":\"error\",\"message\":\"invalid_dateOfBirth\"},{\"status\":\"error\",\"message\":\"invalid_dateOfBirth\"},{\"status\":\"error\",\"message\":\"invalid_dateOfBirth\"},{\"status\":\"error\",\"message\":\"invalid_dateOfBirth\"},{\"status\":\"error\",\"message\":\"invalid_dateOfBirth\"},{\"status\":\"error\",\"message\":\"invalid_dateOfBirth\"},{\"status\":\"error\",\"message\":\"invalid_dateOfBirth\"},{\"status\":\"error\",\"message\":\"invalid_dateOfBirth\"},{\"status\":\"error\",\"message\":\"invalid_dateOfBirth\"},{\"status\":\"error\",\"message\":\"invalid_dateOfBirth\"},{\"status\":\"error\",\"message\":\"invalid_dateOfBirth\"},{\"status\":\"error\",\"message\":\"invalid_dateOfBirth\"},{\"status\":\"error\",\"message\":\"invalid_dateOfBirth\"},{\"status\":\"error\",\"message\":\"invalid_dateOfBirth\"},{\"status\":\"error\",\"message\":\"invalid_dateOfBirth\"},{\"status\":\"error\",\"message\":\"invalid_dateOfBirth\"},{\"status\":\"error\",\"message\":\"invalid_dateOfBirth\"},{\"status\":\"error\",\"message\":\"invalid_dateOfBirth\"},{\"status\":\"error\",\"message\":\"invalid_dateOfBirth\"},{\"status\":\"error\",\"message\":\"invalid_dateOfBirth\"},{\"status\":\"error\",\"message\":\"invalid_dateOfBirth\"},{\"status\":\"error\",\"message\":\"invalid_dateOfBirth\"},{\"status\":\"error\",\"message\":\"invalid_dateOfBirth\"},{\"status\":\"error\",\"message\":\"invalid_dateOfBirth\"},{\"status\":\"error\",\"message\":\"invalid_dateOfBirth\"},{\"status\":\"error\",\"message\":\"invalid_dateOfBirth\"},{\"status\":\"error\",\"message\":\"invalid_dateOfBirth\"},{\"status\":\"error\",\"message\":\"invalid_dateOfBirth\"},{\"status\":\"error\",\"message\":\"invalid_dateOfBirth\"},{\"status\":\"error\",\"message\":\"invalid_dateOfBirth\"},{\"status\":\"error\",\"message\":\"invalid_dateOfBirth\"},{\"status\":\"error\",\"message\":\"invalid_dateOfBirth\"},{\"status\":\"error\",\"message\":\"invalid_dateOfBirth\"},{\"status\":\"error\",\"message\":\"invalid_dateOfBirth\"},{\"status\":\"error\",\"message\":\"invalid_dateOfBirth\"},{\"status\":\"error\",\"message\":\"invalid_dateOfBirth\"},{\"status\":\"error\",\"message\":\"invalid_dateOfBirth\"},{\"status\":\"error\",\"message\":\"invalid_dateOfBirth\"},{\"status\":\"error\",\"message\":\"invalid_dateOfBirth\"},{\"status\":\"error\",\"message\":\"invalid_dateOfBirth\"},{\"status\":\"error\",\"message\":\"invalid_dateOfBirth\"},{\"status\":\"error\",\"message\":\"invalid_dateOfBirth\"},{\"status\":\"error\",\"message\":\"invalid_dateOfBirth\"},{\"status\":\"error\",\"message\":\"invalid_dateOfBirth\"},{\"status\":\"error\",\"message\":\"invalid_dateOfBirth\"},{\"status\":\"error\",\"message\":\"invalid_dateOfBirth\"},{\"status\":\"error\",\"message\":\"invalid_dateOfBirth\"},{\"status\":\"error\",\"message\":\"invalid_dateOfBirth\"},{\"status\":\"error\",\"message\":\"invalid_dateOfBirth\"},{\"status\":\"error\",\"message\":\"invalid_dateOfBirth\"},{\"status\":\"error\",\"message\":\"invalid_dateOfBirth\"},{\"status\":\"error\",\"message\":\"invalid_dateOfBirth\"},{\"status\":\"error\",\"message\":\"invalid_dateOfBirth\"},{\"status\":\"error\",\"message\":\"invalid_dateOfBirth\"},{\"status\":\"error\",\"message\":\"invalid_dateOfBirth\"},{\"status\":\"error\",\"message\":\"invalid_dateOfBirth\"},{\"status\":\"error\",\"message\":\"invalid_dateOfBirth\"},{\"status\":\"error\",\"message\":\"invalid_dateOfBirth\"},{\"status\":\"error\",\"message\":\"invalid_dateOfBirth\"},{\"status\":\"error\",\"message\":\"invalid_dateOfBirth\"},{\"status\":\"error\",\"message\":\"invalid_dateOfBirth\"},{\"status\":\"error\",\"message\":\"invalid_dateOfBirth\"},{\"status\":\"error\",\"message\":\"invalid_dateOfBirth\"},{\"status\":\"error\",\"message\":\"invalid_dateOfBirth\"},{\"status\":\"error\",\"message\":\"invalid_dateOfBirth\"},{\"status\":\"error\",\"message\":\"invalid_dateOfBirth\"},{\"status\":\"error\",\"message\":\"invalid_dateOfBirth\"},{\"status\":\"error\",\"message\":\"invalid_dateOfBirth\"},{\"status\":\"error\",\"message\":\"invalid_dateOfBirth\"},{\"status\":\"error\",\"message\":\"invalid_dateOfBirth\"},{\"status\":\"error\",\"message\":\"invalid_dateOfBirth\"},{\"status\":\"error\",\"message\":\"invalid_dateOfBirth\"},{\"status\":\"error\",\"message\":\"invalid_dateOfBirth\"},{\"status\":\"error\",\"message\":\"invalid_dateOfBirth\"},{\"status\":\"error\",\"message\":\"invalid_dateOfBirth\"},{\"status\":\"error\",\"message\":\"invalid_dateOfBirth\"},{\"status\":\"error\",\"message\":\"invalid_dateOfBirth\"},{\"status\":\"error\",\"message\":\"invalid_dateOfBirth\"},{\"status\":\"error\",\"message\":\"invalid_dateOfBirth\"},{\"status\":\"error\",\"message\":\"invalid_dateOfBirth\"},{\"status\":\"error\",\"message\":\"invalid_dateOfBirth\"},{\"status\":\"error\",\"message\":\"invalid_dateOfBirth\"},{\"status\":\"error\",\"message\":\"invalid_dateOfBirth\"},{\"status\":\"error\",\"message\":\"invalid_dateOfBirth\"},{\"status\":\"error\",\"message\":\"invalid_dateOfBirth\"},{\"status\":\"error\",\"message\":\"invalid_dateOfBirth\"},{\"status\":\"error\",\"message\":\"invalid_dateOfBirth\"},{\"status\":\"error\",\"message\":\"invalid_dateOfBirth\"},{\"status\":\"error\",\"message\":\"invalid_dateOfBirth\"},{\"status\":\"error\",\"message\":\"invalid_dateOfBirth\"},{\"status\":\"error\",\"message\":\"invalid_dateOfBirth\"},{\"status\":\"error\",\"message\":\"invalid_dateOfBirth\"},{\"status\":\"error\",\"message\":\"invalid_dateOfBirth\"},{\"status\":\"error\",\"message\":\"invalid_dateOfBirth\"},{\"status\":\"error\",\"message\":\"invalid_dateOfBirth\"},{\"status\":\"error\",\"message\":\"invalid_dateOfBirth\"},{\"status\":\"error\",\"message\":\"invalid_dateOfBirth\"},{\"status\":\"error\",\"message\":\"invalid_dateOfBirth\"},{\"status\":\"error\",\"message\":\"invalid_dateOfBirth\"},{\"status\":\"error\",\"message\":\"invalid_dateOfBirth\"},{\"status\":\"error\",\"message\":\"invalid_dateOfBirth\"},{\"status\":\"error\",\"message\":\"invalid_dateOfBirth\"},{\"status\":\"error\",\"message\":\"invalid_dateOfBirth\"},{\"status\":\"error\",\"message\":\"invalid_dateOfBirth\"},{\"status\":\"error\",\"message\":\"invalid_dateOfBirth\"},{\"status\":\"error\",\"message\":\"invalid_dateOfBirth\"},{\"status\":\"error\",\"message\":\"invalid_dateOfBirth\"},{\"status\":\"error\",\"message\":\"invalid_dateOfBirth\"},{\"status\":\"error\",\"message\":\"invalid_dateOfBirth\"},{\"status\":\"error\",\"message\":\"invalid_dateOfBirth\"},{\"status\":\"error\",\"message\":\"invalid_dateOfBirth\"},{\"status\":\"error\",\"message\":\"invalid_dateOfBirth\"},{\"status\":\"error\",\"message\":\"invalid_dateOfBirth\"},{\"status\":\"error\",\"message\":\"invalid_dateOfBirth\"},{\"status\":\"error\",\"message\":\"invalid_dateOfBirth\"},{\"status\":\"error\",\"message\":\"invalid_dateOfBirth\"},{\"status\":\"error\",\"message\":\"invalid_dateOfBirth\"},{\"status\":\"error\",\"message\":\"invalid_dateOfBirth\"},{\"status\":\"error\",\"message\":\"invalid_dateOfBirth\"},{\"status\":\"error\",\"message\":\"invalid_dateOfBirth\"},{\"status\":\"error\",\"message\":\"invalid_dateOfBirth\"}]",
    "startedAt": "2026-01-17T18:33:03.336Z",
    "finishedAt": "2026-01-17T18:33:03.336Z",
    "__v": 0
  },
  {
    "_id": "696bd6e20dbd3073ee974810",
    "addedCount": 0,
    "updatedCount": 0,
    "errorCount": 289,
    "reportJson": "[{\"status\":\"error\",\"message\":\"invalid_dateOfBirth\"},{\"status\":\"error\",\"message\":\"invalid_dateOfBirth\"},{\"status\":\"error\",\"message\":\"invalid_dateOfBirth\"},{\"status\":\"error\",\"message\":\"invalid_dateOfBirth\"},{\"status\":\"error\",\"message\":\"invalid_dateOfBirth\"},{\"status\":\"error\",\"message\":\"invalid_dateOfBirth\"},{\"status\":\"error\",\"message\":\"invalid_dateOfBirth\"},{\"status\":\"error\",\"message\":\"invalid_dateOfBirth\"},{\"status\":\"error\",\"message\":\"invalid_dateOfBirth\"},{\"status\":\"error\",\"message\":\"invalid_dateOfBirth\"},{\"status\":\"error\",\"message\":\"invalid_dateOfBirth\"},{\"status\":\"error\",\"message\":\"invalid_dateOfBirth\"},{\"status\":\"error\",\"message\":\"invalid_dateOfBirth\"},{\"status\":\"error\",\"message\":\"invalid_dateOfBirth\"},{\"status\":\"error\",\"message\":\"invalid_dateOfBirth\"},{\"status\":\"error\",\"message\":\"invalid_dateOfBirth\"},{\"status\":\"error\",\"message\":\"invalid_dateOfBirth\"},{\"status\":\"error\",\"message\":\"invalid_dateOfBirth\"},{\"status\":\"error\",\"message\":\"invalid_dateOfBirth\"},{\"status\":\"error\",\"message\":\"invalid_dateOfBirth\"},{\"status\":\"error\",\"message\":\"invalid_dateOfBirth\"},{\"status\":\"error\",\"message\":\"invalid_dateOfBirth\"},{\"status\":\"error\",\"message\":\"invalid_dateOfBirth\"},{\"status\":\"error\",\"message\":\"invalid_dateOfBirth\"},{\"status\":\"error\",\"message\":\"invalid_dateOfBirth\"},{\"status\":\"error\",\"message\":\"invalid_dateOfBirth\"},{\"status\":\"error\",\"message\":\"invalid_dateOfBirth\"},{\"status\":\"error\",\"message\":\"invalid_dateOfBirth\"},{\"status\":\"error\",\"message\":\"invalid_dateOfBirth\"},{\"status\":\"error\",\"message\":\"invalid_dateOfBirth\"},{\"status\":\"error\",\"message\":\"invalid_dateOfBirth\"},{\"status\":\"error\",\"message\":\"invalid_dateOfBirth\"},{\"status\":\"error\",\"message\":\"invalid_dateOfBirth\"},{\"status\":\"error\",\"message\":\"invalid_dateOfBirth\"},{\"status\":\"error\",\"message\":\"invalid_dateOfBirth\"},{\"status\":\"error\",\"message\":\"invalid_dateOfBirth\"},{\"status\":\"error\",\"message\":\"invalid_dateOfBirth\"},{\"status\":\"error\",\"message\":\"invalid_dateOfBirth\"},{\"status\":\"error\",\"message\":\"invalid_dateOfBirth\"},{\"status\":\"error\",\"message\":\"invalid_dateOfBirth\"},{\"status\":\"error\",\"message\":\"invalid_dateOfBirth\"},{\"status\":\"error\",\"message\":\"invalid_dateOfBirth\"},{\"status\":\"error\",\"message\":\"invalid_dateOfBirth\"},{\"status\":\"error\",\"message\":\"invalid_dateOfBirth\"},{\"status\":\"error\",\"message\":\"invalid_dateOfBirth\"},{\"status\":\"error\",\"message\":\"invalid_dateOfBirth\"},{\"status\":\"error\",\"message\":\"invalid_dateOfBirth\"},{\"status\":\"error\",\"message\":\"invalid_dateOfBirth\"},{\"status\":\"error\",\"message\":\"invalid_dateOfBirth\"},{\"status\":\"error\",\"message\":\"invalid_dateOfBirth\"},{\"status\":\"error\",\"message\":\"invalid_dateOfBirth\"},{\"status\":\"error\",\"message\":\"invalid_dateOfBirth\"},{\"status\":\"error\",\"message\":\"invalid_dateOfBirth\"},{\"status\":\"error\",\"message\":\"invalid_dateOfBirth\"},{\"status\":\"error\",\"message\":\"invalid_dateOfBirth\"},{\"status\":\"error\",\"message\":\"invalid_dateOfBirth\"},{\"status\":\"error\",\"message\":\"invalid_dateOfBirth\"},{\"status\":\"error\",\"message\":\"invalid_dateOfBirth\"},{\"status\":\"error\",\"message\":\"invalid_dateOfBirth\"},{\"status\":\"error\",\"message\":\"invalid_dateOfBirth\"},{\"status\":\"error\",\"message\":\"invalid_dateOfBirth\"},{\"status\":\"error\",\"message\":\"invalid_dateOfBirth\"},{\"status\":\"error\",\"message\":\"invalid_dateOfBirth\"},{\"status\":\"error\",\"message\":\"invalid_dateOfBirth\"},{\"status\":\"error\",\"message\":\"invalid_dateOfBirth\"},{\"status\":\"error\",\"message\":\"invalid_dateOfBirth\"},{\"status\":\"error\",\"message\":\"invalid_dateOfBirth\"},{\"status\":\"error\",\"message\":\"invalid_dateOfBirth\"},{\"status\":\"error\",\"message\":\"invalid_dateOfBirth\"},{\"status\":\"error\",\"message\":\"invalid_dateOfBirth\"},{\"status\":\"error\",\"message\":\"invalid_dateOfBirth\"},{\"status\":\"error\",\"message\":\"invalid_dateOfBirth\"},{\"status\":\"error\",\"message\":\"invalid_dateOfBirth\"},{\"status\":\"error\",\"message\":\"invalid_dateOfBirth\"},{\"status\":\"error\",\"message\":\"invalid_dateOfBirth\"},{\"status\":\"error\",\"message\":\"invalid_dateOfBirth\"},{\"status\":\"error\",\"message\":\"invalid_dateOfBirth\"},{\"status\":\"error\",\"message\":\"invalid_dateOfBirth\"},{\"status\":\"error\",\"message\":\"invalid_dateOfBirth\"},{\"status\":\"error\",\"message\":\"invalid_dateOfBirth\"},{\"status\":\"error\",\"message\":\"invalid_dateOfBirth\"},{\"status\":\"error\",\"message\":\"invalid_dateOfBirth\"},{\"status\":\"error\",\"message\":\"invalid_dateOfBirth\"},{\"status\":\"error\",\"message\":\"invalid_dateOfBirth\"},{\"status\":\"error\",\"message\":\"invalid_dateOfBirth\"},{\"status\":\"error\",\"message\":\"invalid_dateOfBirth\"},{\"status\":\"error\",\"message\":\"invalid_dateOfBirth\"},{\"status\":\"error\",\"message\":\"invalid_dateOfBirth\"},{\"status\":\"error\",\"message\":\"invalid_dateOfBirth\"},{\"status\":\"error\",\"message\":\"invalid_dateOfBirth\"},{\"status\":\"error\",\"message\":\"invalid_dateOfBirth\"},{\"status\":\"error\",\"message\":\"invalid_dateOfBirth\"},{\"status\":\"error\",\"message\":\"invalid_dateOfBirth\"},{\"status\":\"error\",\"message\":\"invalid_dateOfBirth\"},{\"status\":\"error\",\"message\":\"invalid_dateOfBirth\"},{\"status\":\"error\",\"message\":\"invalid_dateOfBirth\"},{\"status\":\"error\",\"message\":\"invalid_dateOfBirth\"},{\"status\":\"error\",\"message\":\"invalid_dateOfBirth\"},{\"status\":\"error\",\"message\":\"invalid_dateOfBirth\"},{\"status\":\"error\",\"message\":\"invalid_dateOfBirth\"},{\"status\":\"error\",\"message\":\"invalid_dateOfBirth\"},{\"status\":\"error\",\"message\":\"invalid_dateOfBirth\"},{\"status\":\"error\",\"message\":\"invalid_dateOfBirth\"},{\"status\":\"error\",\"message\":\"invalid_dateOfBirth\"},{\"status\":\"error\",\"message\":\"invalid_dateOfBirth\"},{\"status\":\"error\",\"message\":\"invalid_dateOfBirth\"},{\"status\":\"error\",\"message\":\"invalid_dateOfBirth\"},{\"status\":\"error\",\"message\":\"invalid_dateOfBirth\"},{\"status\":\"error\",\"message\":\"invalid_dateOfBirth\"},{\"status\":\"error\",\"message\":\"invalid_dateOfBirth\"},{\"status\":\"error\",\"message\":\"invalid_dateOfBirth\"},{\"status\":\"error\",\"message\":\"invalid_dateOfBirth\"},{\"status\":\"error\",\"message\":\"invalid_dateOfBirth\"},{\"status\":\"error\",\"message\":\"invalid_dateOfBirth\"},{\"status\":\"error\",\"message\":\"invalid_dateOfBirth\"},{\"status\":\"error\",\"message\":\"invalid_dateOfBirth\"},{\"status\":\"error\",\"message\":\"invalid_dateOfBirth\"},{\"status\":\"error\",\"message\":\"invalid_dateOfBirth\"},{\"status\":\"error\",\"message\":\"invalid_dateOfBirth\"},{\"status\":\"error\",\"message\":\"invalid_dateOfBirth\"},{\"status\":\"error\",\"message\":\"invalid_dateOfBirth\"},{\"status\":\"error\",\"message\":\"invalid_dateOfBirth\"},{\"status\":\"error\",\"message\":\"invalid_dateOfBirth\"},{\"status\":\"error\",\"message\":\"invalid_dateOfBirth\"},{\"status\":\"error\",\"message\":\"invalid_dateOfBirth\"},{\"status\":\"error\",\"message\":\"invalid_dateOfBirth\"},{\"status\":\"error\",\"message\":\"invalid_dateOfBirth\"},{\"status\":\"error\",\"message\":\"invalid_dateOfBirth\"},{\"status\":\"error\",\"message\":\"invalid_dateOfBirth\"},{\"status\":\"error\",\"message\":\"invalid_dateOfBirth\"},{\"status\":\"error\",\"message\":\"invalid_dateOfBirth\"},{\"status\":\"error\",\"message\":\"invalid_dateOfBirth\"},{\"status\":\"error\",\"message\":\"invalid_dateOfBirth\"},{\"status\":\"error\",\"message\":\"invalid_dateOfBirth\"},{\"status\":\"error\",\"message\":\"invalid_dateOfBirth\"},{\"status\":\"error\",\"message\":\"invalid_dateOfBirth\"},{\"status\":\"error\",\"message\":\"invalid_dateOfBirth\"},{\"status\":\"error\",\"message\":\"invalid_dateOfBirth\"},{\"status\":\"error\",\"message\":\"invalid_dateOfBirth\"},{\"status\":\"error\",\"message\":\"invalid_dateOfBirth\"},{\"status\":\"error\",\"message\":\"invalid_dateOfBirth\"},{\"status\":\"error\",\"message\":\"invalid_dateOfBirth\"},{\"status\":\"error\",\"message\":\"invalid_dateOfBirth\"},{\"status\":\"error\",\"message\":\"invalid_dateOfBirth\"},{\"status\":\"error\",\"message\":\"invalid_dateOfBirth\"},{\"status\":\"error\",\"message\":\"invalid_dateOfBirth\"},{\"status\":\"error\",\"message\":\"invalid_dateOfBirth\"},{\"status\":\"error\",\"message\":\"invalid_dateOfBirth\"},{\"status\":\"error\",\"message\":\"invalid_dateOfBirth\"},{\"status\":\"error\",\"message\":\"invalid_dateOfBirth\"},{\"status\":\"error\",\"message\":\"invalid_dateOfBirth\"},{\"status\":\"error\",\"message\":\"invalid_dateOfBirth\"},{\"status\":\"error\",\"message\":\"invalid_dateOfBirth\"},{\"status\":\"error\",\"message\":\"invalid_dateOfBirth\"},{\"status\":\"error\",\"message\":\"invalid_dateOfBirth\"},{\"status\":\"error\",\"message\":\"invalid_dateOfBirth\"},{\"status\":\"error\",\"message\":\"invalid_dateOfBirth\"},{\"status\":\"error\",\"message\":\"invalid_dateOfBirth\"},{\"status\":\"error\",\"message\":\"invalid_dateOfBirth\"},{\"status\":\"error\",\"message\":\"invalid_dateOfBirth\"},{\"status\":\"error\",\"message\":\"invalid_dateOfBirth\"},{\"status\":\"error\",\"message\":\"invalid_dateOfBirth\"},{\"status\":\"error\",\"message\":\"invalid_dateOfBirth\"},{\"status\":\"error\",\"message\":\"invalid_dateOfBirth\"},{\"status\":\"error\",\"message\":\"invalid_dateOfBirth\"},{\"status\":\"error\",\"message\":\"invalid_dateOfBirth\"},{\"status\":\"error\",\"message\":\"invalid_dateOfBirth\"},{\"status\":\"error\",\"message\":\"invalid_dateOfBirth\"},{\"status\":\"error\",\"message\":\"invalid_dateOfBirth\"},{\"status\":\"error\",\"message\":\"invalid_dateOfBirth\"},{\"status\":\"error\",\"message\":\"invalid_dateOfBirth\"},{\"status\":\"error\",\"message\":\"invalid_dateOfBirth\"},{\"status\":\"error\",\"message\":\"invalid_dateOfBirth\"},{\"status\":\"error\",\"message\":\"invalid_dateOfBirth\"},{\"status\":\"error\",\"message\":\"invalid_dateOfBirth\"},{\"status\":\"error\",\"message\":\"invalid_dateOfBirth\"},{\"status\":\"error\",\"message\":\"invalid_dateOfBirth\"},{\"status\":\"error\",\"message\":\"invalid_dateOfBirth\"},{\"status\":\"error\",\"message\":\"invalid_dateOfBirth\"},{\"status\":\"error\",\"message\":\"invalid_dateOfBirth\"},{\"status\":\"error\",\"message\":\"invalid_dateOfBirth\"},{\"status\":\"error\",\"message\":\"invalid_dateOfBirth\"},{\"status\":\"error\",\"message\":\"invalid_dateOfBirth\"},{\"status\":\"error\",\"message\":\"invalid_dateOfBirth\"},{\"status\":\"error\",\"message\":\"invalid_dateOfBirth\"},{\"status\":\"error\",\"message\":\"invalid_dateOfBirth\"},{\"status\":\"error\",\"message\":\"invalid_dateOfBirth\"},{\"status\":\"error\",\"message\":\"invalid_dateOfBirth\"},{\"status\":\"error\",\"message\":\"invalid_dateOfBirth\"},{\"status\":\"error\",\"message\":\"invalid_dateOfBirth\"},{\"status\":\"error\",\"message\":\"invalid_dateOfBirth\"},{\"status\":\"error\",\"message\":\"invalid_dateOfBirth\"},{\"status\":\"error\",\"message\":\"invalid_dateOfBirth\"},{\"status\":\"error\",\"message\":\"invalid_dateOfBirth\"},{\"status\":\"error\",\"message\":\"invalid_dateOfBirth\"},{\"status\":\"error\",\"message\":\"invalid_dateOfBirth\"},{\"status\":\"error\",\"message\":\"invalid_dateOfBirth\"},{\"status\":\"error\",\"message\":\"invalid_dateOfBirth\"},{\"status\":\"error\",\"message\":\"invalid_dateOfBirth\"},{\"status\":\"error\",\"message\":\"invalid_dateOfBirth\"},{\"status\":\"error\",\"message\":\"invalid_dateOfBirth\"},{\"status\":\"error\",\"message\":\"invalid_dateOfBirth\"},{\"status\":\"error\",\"message\":\"invalid_dateOfBirth\"},{\"status\":\"error\",\"message\":\"invalid_dateOfBirth\"},{\"status\":\"error\",\"message\":\"invalid_dateOfBirth\"},{\"status\":\"error\",\"message\":\"invalid_dateOfBirth\"},{\"status\":\"error\",\"message\":\"invalid_dateOfBirth\"},{\"status\":\"error\",\"message\":\"invalid_dateOfBirth\"},{\"status\":\"error\",\"message\":\"invalid_dateOfBirth\"},{\"status\":\"error\",\"message\":\"invalid_dateOfBirth\"},{\"status\":\"error\",\"message\":\"invalid_dateOfBirth\"},{\"status\":\"error\",\"message\":\"invalid_dateOfBirth\"},{\"status\":\"error\",\"message\":\"invalid_dateOfBirth\"},{\"status\":\"error\",\"message\":\"invalid_dateOfBirth\"},{\"status\":\"error\",\"message\":\"invalid_dateOfBirth\"},{\"status\":\"error\",\"message\":\"invalid_dateOfBirth\"},{\"status\":\"error\",\"message\":\"invalid_dateOfBirth\"},{\"status\":\"error\",\"message\":\"invalid_dateOfBirth\"},{\"status\":\"error\",\"message\":\"invalid_dateOfBirth\"},{\"status\":\"error\",\"message\":\"invalid_dateOfBirth\"},{\"status\":\"error\",\"message\":\"invalid_dateOfBirth\"},{\"status\":\"error\",\"message\":\"invalid_dateOfBirth\"},{\"status\":\"error\",\"message\":\"invalid_dateOfBirth\"},{\"status\":\"error\",\"message\":\"invalid_dateOfBirth\"},{\"status\":\"error\",\"message\":\"invalid_dateOfBirth\"},{\"status\":\"error\",\"message\":\"invalid_dateOfBirth\"},{\"status\":\"error\",\"message\":\"invalid_dateOfBirth\"},{\"status\":\"error\",\"message\":\"invalid_dateOfBirth\"},{\"status\":\"error\",\"message\":\"invalid_dateOfBirth\"},{\"status\":\"error\",\"message\":\"invalid_dateOfBirth\"},{\"status\":\"error\",\"message\":\"invalid_dateOfBirth\"},{\"status\":\"error\",\"message\":\"invalid_dateOfBirth\"},{\"status\":\"error\",\"message\":\"invalid_dateOfBirth\"},{\"status\":\"error\",\"message\":\"invalid_dateOfBirth\"},{\"status\":\"error\",\"message\":\"invalid_dateOfBirth\"},{\"status\":\"error\",\"message\":\"invalid_dateOfBirth\"},{\"status\":\"error\",\"message\":\"invalid_dateOfBirth\"},{\"status\":\"error\",\"message\":\"invalid_dateOfBirth\"},{\"status\":\"error\",\"message\":\"invalid_dateOfBirth\"},{\"status\":\"error\",\"message\":\"invalid_dateOfBirth\"},{\"status\":\"error\",\"message\":\"invalid_dateOfBirth\"},{\"status\":\"error\",\"message\":\"invalid_dateOfBirth\"},{\"status\":\"error\",\"message\":\"invalid_dateOfBirth\"},{\"status\":\"error\",\"message\":\"invalid_dateOfBirth\"},{\"status\":\"error\",\"message\":\"invalid_dateOfBirth\"},{\"status\":\"error\",\"message\":\"invalid_dateOfBirth\"},{\"status\":\"error\",\"message\":\"invalid_dateOfBirth\"},{\"status\":\"error\",\"message\":\"invalid_dateOfBirth\"},{\"status\":\"error\",\"message\":\"invalid_dateOfBirth\"},{\"status\":\"error\",\"message\":\"invalid_dateOfBirth\"},{\"status\":\"error\",\"message\":\"invalid_dateOfBirth\"},{\"status\":\"error\",\"message\":\"invalid_dateOfBirth\"},{\"status\":\"error\",\"message\":\"invalid_dateOfBirth\"},{\"status\":\"error\",\"message\":\"invalid_dateOfBirth\"},{\"status\":\"error\",\"message\":\"invalid_dateOfBirth\"},{\"status\":\"error\",\"message\":\"invalid_dateOfBirth\"},{\"status\":\"error\",\"message\":\"invalid_dateOfBirth\"},{\"status\":\"error\",\"message\":\"invalid_dateOfBirth\"},{\"status\":\"error\",\"message\":\"invalid_dateOfBirth\"},{\"status\":\"error\",\"message\":\"invalid_dateOfBirth\"},{\"status\":\"error\",\"message\":\"invalid_dateOfBirth\"},{\"status\":\"error\",\"message\":\"invalid_dateOfBirth\"},{\"status\":\"error\",\"message\":\"invalid_dateOfBirth\"},{\"status\":\"error\",\"message\":\"invalid_dateOfBirth\"},{\"status\":\"error\",\"message\":\"invalid_dateOfBirth\"},{\"status\":\"error\",\"message\":\"invalid_dateOfBirth\"},{\"status\":\"error\",\"message\":\"invalid_dateOfBirth\"},{\"status\":\"error\",\"message\":\"invalid_dateOfBirth\"},{\"status\":\"error\",\"message\":\"invalid_dateOfBirth\"},{\"status\":\"error\",\"message\":\"invalid_dateOfBirth\"},{\"status\":\"error\",\"message\":\"invalid_dateOfBirth\"},{\"status\":\"error\",\"message\":\"invalid_dateOfBirth\"},{\"status\":\"error\",\"message\":\"invalid_dateOfBirth\"},{\"status\":\"error\",\"message\":\"invalid_dateOfBirth\"},{\"status\":\"error\",\"message\":\"invalid_dateOfBirth\"},{\"status\":\"error\",\"message\":\"invalid_dateOfBirth\"},{\"status\":\"error\",\"message\":\"invalid_dateOfBirth\"},{\"status\":\"error\",\"message\":\"invalid_dateOfBirth\"},{\"status\":\"error\",\"message\":\"invalid_dateOfBirth\"},{\"status\":\"error\",\"message\":\"invalid_dateOfBirth\"},{\"status\":\"error\",\"message\":\"invalid_dateOfBirth\"},{\"status\":\"error\",\"message\":\"invalid_dateOfBirth\"},{\"status\":\"error\",\"message\":\"invalid_dateOfBirth\"},{\"status\":\"error\",\"message\":\"invalid_dateOfBirth\"},{\"status\":\"error\",\"message\":\"invalid_dateOfBirth\"},{\"status\":\"error\",\"message\":\"invalid_dateOfBirth\"},{\"status\":\"error\",\"message\":\"invalid_dateOfBirth\"},{\"status\":\"error\",\"message\":\"invalid_dateOfBirth\"},{\"status\":\"error\",\"message\":\"invalid_dateOfBirth\"}]",
    "startedAt": "2026-01-17T18:37:22.213Z",
    "finishedAt": "2026-01-17T18:37:22.213Z",
    "__v": 0
  },
  {
    "_id": "696bd7000dbd3073ee975a93",
    "addedCount": 289,
    "updatedCount": 0,
    "errorCount": 0,
    "reportJson": "[{\"status\":\"added\",\"studentId\":\"696bd6fa0dbd3073ee974938\",\"classId\":\"696bd6fa0dbd3073ee97493b\"},{\"status\":\"added\",\"studentId\":\"696bd6fa0dbd3073ee974945\",\"classId\":\"696bd6fa0dbd3073ee97493b\"},{\"status\":\"added\",\"studentId\":\"696bd6fa0dbd3073ee974952\",\"classId\":\"696bd6fa0dbd3073ee97493b\"},{\"status\":\"added\",\"studentId\":\"696bd6fa0dbd3073ee97495f\",\"classId\":\"696bd6fa0dbd3073ee97493b\"},{\"status\":\"added\",\"studentId\":\"696bd6fa0dbd3073ee97496c\",\"classId\":\"696bd6fa0dbd3073ee97493b\"},{\"status\":\"added\",\"studentId\":\"696bd6fa0dbd3073ee974979\",\"classId\":\"696bd6fa0dbd3073ee97493b\"},{\"status\":\"added\",\"studentId\":\"696bd6fa0dbd3073ee974986\",\"classId\":\"696bd6fa0dbd3073ee97493b\"},{\"status\":\"added\",\"studentId\":\"696bd6fa0dbd3073ee974993\",\"classId\":\"696bd6fa0dbd3073ee97493b\"},{\"status\":\"added\",\"studentId\":\"696bd6fa0dbd3073ee9749a0\",\"classId\":\"696bd6fa0dbd3073ee97493b\"},{\"status\":\"added\",\"studentId\":\"696bd6fa0dbd3073ee9749ad\",\"classId\":\"696bd6fa0dbd3073ee97493b\"},{\"status\":\"added\",\"studentId\":\"696bd6fa0dbd3073ee9749ba\",\"classId\":\"696bd6fa0dbd3073ee97493b\"},{\"status\":\"added\",\"studentId\":\"696bd6fa0dbd3073ee9749c7\",\"classId\":\"696bd6fa0dbd3073ee97493b\"},{\"status\":\"added\",\"studentId\":\"696bd6fa0dbd3073ee9749d4\",\"classId\":\"696bd6fa0dbd3073ee97493b\"},{\"status\":\"added\",\"studentId\":\"696bd6fa0dbd3073ee9749e1\",\"classId\":\"696bd6fa0dbd3073ee97493b\"},{\"status\":\"added\",\"studentId\":\"696bd6fa0dbd3073ee9749ee\",\"classId\":\"696bd6fa0dbd3073ee97493b\"},{\"status\":\"added\",\"studentId\":\"696bd6fa0dbd3073ee9749fb\",\"classId\":\"696bd6fa0dbd3073ee97493b\"},{\"status\":\"added\",\"studentId\":\"696bd6fa0dbd3073ee974a08\",\"classId\":\"696bd6fa0dbd3073ee97493b\"},{\"status\":\"added\",\"studentId\":\"696bd6fa0dbd3073ee974a15\",\"classId\":\"696bd6fa0dbd3073ee97493b\"},{\"status\":\"added\",\"studentId\":\"696bd6fa0dbd3073ee974a22\",\"classId\":\"696bd6fa0dbd3073ee97493b\"},{\"status\":\"added\",\"studentId\":\"696bd6fa0dbd3073ee974a2f\",\"classId\":\"696bd6fa0dbd3073ee97493b\"},{\"status\":\"added\",\"studentId\":\"696bd6fa0dbd3073ee974a3c\",\"classId\":\"696bd6fa0dbd3073ee97493b\"},{\"status\":\"added\",\"studentId\":\"696bd6fa0dbd3073ee974a49\",\"classId\":\"696bd6fa0dbd3073ee97493b\"},{\"status\":\"added\",\"studentId\":\"696bd6fa0dbd3073ee974a56\",\"classId\":\"696bd6fa0dbd3073ee97493b\"},{\"status\":\"added\",\"studentId\":\"696bd6fa0dbd3073ee974a63\",\"classId\":\"696bd6fa0dbd3073ee97493b\"},{\"status\":\"added\",\"studentId\":\"696bd6fa0dbd3073ee974a70\",\"classId\":\"696bd6fa0dbd3073ee97493b\"},{\"status\":\"added\",\"studentId\":\"696bd6fa0dbd3073ee974a7d\",\"classId\":\"696bd6fa0dbd3073ee97493b\"},{\"status\":\"added\",\"studentId\":\"696bd6fa0dbd3073ee974a8a\",\"classId\":\"695ab3f09006dc16c4b40a0f\"},{\"status\":\"added\",\"studentId\":\"696bd6fa0dbd3073ee974a9c\",\"classId\":\"695ab3f09006dc16c4b40a0f\"},{\"status\":\"added\",\"studentId\":\"696bd6fa0dbd3073ee974aae\",\"classId\":\"695ab3f09006dc16c4b40a0f\"},{\"status\":\"added\",\"studentId\":\"696bd6fa0dbd3073ee974ac0\",\"classId\":\"695ab3f09006dc16c4b40a0f\"},{\"status\":\"added\",\"studentId\":\"696bd6fa0dbd3073ee974ad2\",\"classId\":\"695ab3f09006dc16c4b40a0f\"},{\"status\":\"added\",\"studentId\":\"696bd6fa0dbd3073ee974ae4\",\"classId\":\"695ab3f09006dc16c4b40a0f\"},{\"status\":\"added\",\"studentId\":\"696bd6fa0dbd3073ee974af6\",\"classId\":\"695ab3f09006dc16c4b40a0f\"},{\"status\":\"added\",\"studentId\":\"696bd6fa0dbd3073ee974b08\",\"classId\":\"695ab3f09006dc16c4b40a0f\"},{\"status\":\"added\",\"studentId\":\"696bd6fa0dbd3073ee974b1a\",\"classId\":\"695ab3f09006dc16c4b40a0f\"},{\"status\":\"added\",\"studentId\":\"696bd6fa0dbd3073ee974b2c\",\"classId\":\"695ab3f09006dc16c4b40a0f\"},{\"status\":\"added\",\"studentId\":\"696bd6fa0dbd3073ee974b3e\",\"classId\":\"695ab3f09006dc16c4b40a0f\"},{\"status\":\"added\",\"studentId\":\"696bd6fa0dbd3073ee974b50\",\"classId\":\"695ab3f09006dc16c4b40a0f\"},{\"status\":\"added\",\"studentId\":\"696bd6fb0dbd3073ee974b62\",\"classId\":\"695ab3f09006dc16c4b40a0f\"},{\"status\":\"added\",\"studentId\":\"696bd6fb0dbd3073ee974b74\",\"classId\":\"695ab3f09006dc16c4b40a0f\"},{\"status\":\"added\",\"studentId\":\"696bd6fb0dbd3073ee974b86\",\"classId\":\"695ab3f09006dc16c4b40a0f\"},{\"status\":\"added\",\"studentId\":\"696bd6fb0dbd3073ee974b98\",\"classId\":\"695ab3f09006dc16c4b40a0f\"},{\"status\":\"added\",\"studentId\":\"696bd6fb0dbd3073ee974baa\",\"classId\":\"695ab3f09006dc16c4b40a0f\"},{\"status\":\"added\",\"studentId\":\"696bd6fb0dbd3073ee974bbc\",\"classId\":\"695ab3f09006dc16c4b40a0f\"},{\"status\":\"added\",\"studentId\":\"696bd6fb0dbd3073ee974bce\",\"classId\":\"695ab3f09006dc16c4b40a0f\"},{\"status\":\"added\",\"studentId\":\"696bd6fb0dbd3073ee974be0\",\"classId\":\"695ab3f09006dc16c4b40a0f\"},{\"status\":\"added\",\"studentId\":\"696bd6fb0dbd3073ee974bf2\",\"classId\":\"695ab3f09006dc16c4b40a0f\"},{\"status\":\"added\",\"studentId\":\"696bd6fb0dbd3073ee974c04\",\"classId\":\"695ab3f09006dc16c4b40a0f\"},{\"status\":\"added\",\"studentId\":\"696bd6fb0dbd3073ee974c16\",\"classId\":\"695ab3f09006dc16c4b40a0f\"},{\"status\":\"added\",\"studentId\":\"696bd6fb0dbd3073ee974c28\",\"classId\":\"695ab3f09006dc16c4b40a0f\"},{\"status\":\"added\",\"studentId\":\"696bd6fb0dbd3073ee974c3a\",\"classId\":\"695ab3f09006dc16c4b40a0f\"},{\"status\":\"added\",\"studentId\":\"696bd6fb0dbd3073ee974c4c\",\"classId\":\"695ab3f09006dc16c4b40a0f\"},{\"status\":\"added\",\"studentId\":\"696bd6fb0dbd3073ee974c5e\",\"classId\":\"695ab3f09006dc16c4b40a0f\"},{\"status\":\"added\",\"studentId\":\"696bd6fb0dbd3073ee974c70\",\"classId\":\"696bd6fb0dbd3073ee974c73\"},{\"status\":\"added\",\"studentId\":\"696bd6fb0dbd3073ee974c7f\",\"classId\":\"696bd6fb0dbd3073ee974c73\"},{\"status\":\"added\",\"studentId\":\"696bd6fb0dbd3073ee974c8c\",\"classId\":\"696bd6fb0dbd3073ee974c73\"},{\"status\":\"added\",\"studentId\":\"696bd6fb0dbd3073ee974c99\",\"classId\":\"696bd6fb0dbd3073ee974c73\"},{\"status\":\"added\",\"studentId\":\"696bd6fb0dbd3073ee974ca6\",\"classId\":\"696bd6fb0dbd3073ee974c73\"},{\"status\":\"added\",\"studentId\":\"696bd6fb0dbd3073ee974cb3\",\"classId\":\"696bd6fb0dbd3073ee974c73\"},{\"status\":\"added\",\"studentId\":\"696bd6fb0dbd3073ee974cc0\",\"classId\":\"696bd6fb0dbd3073ee974c73\"},{\"status\":\"added\",\"studentId\":\"696bd6fb0dbd3073ee974ccd\",\"classId\":\"696bd6fb0dbd3073ee974c73\"},{\"status\":\"added\",\"studentId\":\"696bd6fb0dbd3073ee974cda\",\"classId\":\"696bd6fb0dbd3073ee974c73\"},{\"status\":\"added\",\"studentId\":\"696bd6fb0dbd3073ee974ce7\",\"classId\":\"696bd6fb0dbd3073ee974c73\"},{\"status\":\"added\",\"studentId\":\"696bd6fb0dbd3073ee974cf4\",\"classId\":\"696bd6fb0dbd3073ee974c73\"},{\"status\":\"added\",\"studentId\":\"696bd6fb0dbd3073ee974d01\",\"classId\":\"696bd6fb0dbd3073ee974c73\"},{\"status\":\"added\",\"studentId\":\"696bd6fb0dbd3073ee974d0e\",\"classId\":\"696bd6fb0dbd3073ee974c73\"},{\"status\":\"added\",\"studentId\":\"696bd6fb0dbd3073ee974d1b\",\"classId\":\"696bd6fb0dbd3073ee974c73\"},{\"status\":\"added\",\"studentId\":\"696bd6fb0dbd3073ee974d28\",\"classId\":\"696bd6fb0dbd3073ee974c73\"},{\"status\":\"added\",\"studentId\":\"696bd6fb0dbd3073ee974d35\",\"classId\":\"696bd6fb0dbd3073ee974c73\"},{\"status\":\"added\",\"studentId\":\"696bd6fb0dbd3073ee974d42\",\"classId\":\"696bd6fb0dbd3073ee974c73\"},{\"status\":\"added\",\"studentId\":\"696bd6fb0dbd3073ee974d4f\",\"classId\":\"696bd6fb0dbd3073ee974c73\"},{\"status\":\"added\",\"studentId\":\"696bd6fb0dbd3073ee974d5c\",\"classId\":\"696bd6fb0dbd3073ee974c73\"},{\"status\":\"added\",\"studentId\":\"696bd6fb0dbd3073ee974d69\",\"classId\":\"696bd6fb0dbd3073ee974c73\"},{\"status\":\"added\",\"studentId\":\"696bd6fb0dbd3073ee974d76\",\"classId\":\"696bd6fb0dbd3073ee974c73\"},{\"status\":\"added\",\"studentId\":\"696bd6fb0dbd3073ee974d83\",\"classId\":\"696bd6fb0dbd3073ee974c73\"},{\"status\":\"added\",\"studentId\":\"696bd6fb0dbd3073ee974d90\",\"classId\":\"696bd6fb0dbd3073ee974c73\"},{\"status\":\"added\",\"studentId\":\"696bd6fb0dbd3073ee974d9d\",\"classId\":\"696bd6fb0dbd3073ee974c73\"},{\"status\":\"added\",\"studentId\":\"696bd6fb0dbd3073ee974daa\",\"classId\":\"696bd6fb0dbd3073ee974c73\"},{\"status\":\"added\",\"studentId\":\"696bd6fb0dbd3073ee974db7\",\"classId\":\"696bd6fb0dbd3073ee974c73\"},{\"status\":\"added\",\"studentId\":\"696bd6fb0dbd3073ee974dc4\",\"classId\":\"696bd6fb0dbd3073ee974dc7\"},{\"status\":\"added\",\"studentId\":\"696bd6fb0dbd3073ee974dd8\",\"classId\":\"696bd6fb0dbd3073ee974dc7\"},{\"status\":\"added\",\"studentId\":\"696bd6fb0dbd3073ee974dea\",\"classId\":\"696bd6fb0dbd3073ee974dc7\"},{\"status\":\"added\",\"studentId\":\"696bd6fb0dbd3073ee974dfc\",\"classId\":\"696bd6fb0dbd3073ee974dc7\"},{\"status\":\"added\",\"studentId\":\"696bd6fb0dbd3073ee974e0e\",\"classId\":\"696bd6fb0dbd3073ee974dc7\"},{\"status\":\"added\",\"studentId\":\"696bd6fc0dbd3073ee974e20\",\"classId\":\"696bd6fb0dbd3073ee974dc7\"},{\"status\":\"added\",\"studentId\":\"696bd6fc0dbd3073ee974e32\",\"classId\":\"696bd6fb0dbd3073ee974dc7\"},{\"status\":\"added\",\"studentId\":\"696bd6fc0dbd3073ee974e44\",\"classId\":\"696bd6fb0dbd3073ee974dc7\"},{\"status\":\"added\",\"studentId\":\"696bd6fc0dbd3073ee974e56\",\"classId\":\"696bd6fb0dbd3073ee974dc7\"},{\"status\":\"added\",\"studentId\":\"696bd6fc0dbd3073ee974e68\",\"classId\":\"696bd6fb0dbd3073ee974dc7\"},{\"status\":\"added\",\"studentId\":\"696bd6fc0dbd3073ee974e7a\",\"classId\":\"696bd6fb0dbd3073ee974dc7\"},{\"status\":\"added\",\"studentId\":\"696bd6fc0dbd3073ee974e8c\",\"classId\":\"696bd6fb0dbd3073ee974dc7\"},{\"status\":\"added\",\"studentId\":\"696bd6fc0dbd3073ee974e9e\",\"classId\":\"696bd6fb0dbd3073ee974dc7\"},{\"status\":\"added\",\"studentId\":\"696bd6fc0dbd3073ee974eb0\",\"classId\":\"696bd6fb0dbd3073ee974dc7\"},{\"status\":\"added\",\"studentId\":\"696bd6fc0dbd3073ee974ec2\",\"classId\":\"696bd6fb0dbd3073ee974dc7\"},{\"status\":\"added\",\"studentId\":\"696bd6fc0dbd3073ee974ed4\",\"classId\":\"696bd6fb0dbd3073ee974dc7\"},{\"status\":\"added\",\"studentId\":\"696bd6fc0dbd3073ee974ee6\",\"classId\":\"696bd6fb0dbd3073ee974dc7\"},{\"status\":\"added\",\"studentId\":\"696bd6fc0dbd3073ee974ef8\",\"classId\":\"696bd6fb0dbd3073ee974dc7\"},{\"status\":\"added\",\"studentId\":\"696bd6fc0dbd3073ee974f0a\",\"classId\":\"696bd6fb0dbd3073ee974dc7\"},{\"status\":\"added\",\"studentId\":\"696bd6fc0dbd3073ee974f1c\",\"classId\":\"696bd6fb0dbd3073ee974dc7\"},{\"status\":\"added\",\"studentId\":\"696bd6fc0dbd3073ee974f2e\",\"classId\":\"696bd6fb0dbd3073ee974dc7\"},{\"status\":\"added\",\"studentId\":\"696bd6fc0dbd3073ee974f40\",\"classId\":\"696bd6fb0dbd3073ee974dc7\"},{\"status\":\"added\",\"studentId\":\"696bd6fc0dbd3073ee974f52\",\"classId\":\"696bd6fb0dbd3073ee974dc7\"},{\"status\":\"added\",\"studentId\":\"696bd6fc0dbd3073ee974f64\",\"classId\":\"696bd6fb0dbd3073ee974dc7\"},{\"status\":\"added\",\"studentId\":\"696bd6fc0dbd3073ee974f76\",\"classId\":\"696bd6fb0dbd3073ee974dc7\"},{\"status\":\"added\",\"studentId\":\"696bd6fc0dbd3073ee974f88\",\"classId\":\"696bd6fc0dbd3073ee974f8b\"},{\"status\":\"added\",\"studentId\":\"696bd6fc0dbd3073ee974f97\",\"classId\":\"696bd6fc0dbd3073ee974f8b\"},{\"status\":\"added\",\"studentId\":\"696bd6fc0dbd3073ee974fa4\",\"classId\":\"696bd6fc0dbd3073ee974f8b\"},{\"status\":\"added\",\"studentId\":\"696bd6fc0dbd3073ee974fb1\",\"classId\":\"696bd6fc0dbd3073ee974f8b\"},{\"status\":\"added\",\"studentId\":\"696bd6fc0dbd3073ee974fbe\",\"classId\":\"696bd6fc0dbd3073ee974f8b\"},{\"status\":\"added\",\"studentId\":\"696bd6fc0dbd3073ee974fcb\",\"classId\":\"696bd6fc0dbd3073ee974f8b\"},{\"status\":\"added\",\"studentId\":\"696bd6fc0dbd3073ee974fd8\",\"classId\":\"696bd6fc0dbd3073ee974f8b\"},{\"status\":\"added\",\"studentId\":\"696bd6fc0dbd3073ee974fe5\",\"classId\":\"696bd6fc0dbd3073ee974f8b\"},{\"status\":\"added\",\"studentId\":\"696bd6fc0dbd3073ee974ff2\",\"classId\":\"696bd6fc0dbd3073ee974f8b\"},{\"status\":\"added\",\"studentId\":\"696bd6fc0dbd3073ee974fff\",\"classId\":\"696bd6fc0dbd3073ee974f8b\"},{\"status\":\"added\",\"studentId\":\"696bd6fc0dbd3073ee97500c\",\"classId\":\"696bd6fc0dbd3073ee974f8b\"},{\"status\":\"added\",\"studentId\":\"696bd6fc0dbd3073ee975019\",\"classId\":\"696bd6fc0dbd3073ee974f8b\"},{\"status\":\"added\",\"studentId\":\"696bd6fc0dbd3073ee975026\",\"classId\":\"696bd6fc0dbd3073ee974f8b\"},{\"status\":\"added\",\"studentId\":\"696bd6fc0dbd3073ee975033\",\"classId\":\"696bd6fc0dbd3073ee974f8b\"},{\"status\":\"added\",\"studentId\":\"696bd6fc0dbd3073ee975040\",\"classId\":\"696bd6fc0dbd3073ee974f8b\"},{\"status\":\"added\",\"studentId\":\"696bd6fc0dbd3073ee97504d\",\"classId\":\"696bd6fc0dbd3073ee974f8b\"},{\"status\":\"added\",\"studentId\":\"696bd6fc0dbd3073ee97505a\",\"classId\":\"696bd6fc0dbd3073ee974f8b\"},{\"status\":\"added\",\"studentId\":\"696bd6fc0dbd3073ee975067\",\"classId\":\"696bd6fc0dbd3073ee974f8b\"},{\"status\":\"added\",\"studentId\":\"696bd6fc0dbd3073ee975074\",\"classId\":\"696bd6fc0dbd3073ee974f8b\"},{\"status\":\"added\",\"studentId\":\"696bd6fc0dbd3073ee975081\",\"classId\":\"696bd6fc0dbd3073ee974f8b\"},{\"status\":\"added\",\"studentId\":\"696bd6fc0dbd3073ee97508e\",\"classId\":\"696bd6fc0dbd3073ee974f8b\"},{\"status\":\"added\",\"studentId\":\"696bd6fc0dbd3073ee97509b\",\"classId\":\"696bd6fc0dbd3073ee974f8b\"},{\"status\":\"added\",\"studentId\":\"696bd6fc0dbd3073ee9750a8\",\"classId\":\"696bd6fc0dbd3073ee974f8b\"},{\"status\":\"added\",\"studentId\":\"696bd6fc0dbd3073ee9750b5\",\"classId\":\"696bd6fc0dbd3073ee974f8b\"},{\"status\":\"added\",\"studentId\":\"696bd6fc0dbd3073ee9750c2\",\"classId\":\"696bd6fc0dbd3073ee974f8b\"},{\"status\":\"added\",\"studentId\":\"696bd6fc0dbd3073ee9750cf\",\"classId\":\"696bd6fc0dbd3073ee9750d2\"},{\"status\":\"added\",\"studentId\":\"696bd6fd0dbd3073ee9750e3\",\"classId\":\"696bd6fc0dbd3073ee9750d2\"},{\"status\":\"added\",\"studentId\":\"696bd6fd0dbd3073ee9750f5\",\"classId\":\"696bd6fc0dbd3073ee9750d2\"},{\"status\":\"added\",\"studentId\":\"696bd6fd0dbd3073ee975107\",\"classId\":\"696bd6fc0dbd3073ee9750d2\"},{\"status\":\"added\",\"studentId\":\"696bd6fd0dbd3073ee975119\",\"classId\":\"696bd6fc0dbd3073ee9750d2\"},{\"status\":\"added\",\"studentId\":\"696bd6fd0dbd3073ee97512b\",\"classId\":\"696bd6fc0dbd3073ee9750d2\"},{\"status\":\"added\",\"studentId\":\"696bd6fd0dbd3073ee97513d\",\"classId\":\"696bd6fc0dbd3073ee9750d2\"},{\"status\":\"added\",\"studentId\":\"696bd6fd0dbd3073ee97514f\",\"classId\":\"696bd6fc0dbd3073ee9750d2\"},{\"status\":\"added\",\"studentId\":\"696bd6fd0dbd3073ee975161\",\"classId\":\"696bd6fc0dbd3073ee9750d2\"},{\"status\":\"added\",\"studentId\":\"696bd6fd0dbd3073ee975173\",\"classId\":\"696bd6fc0dbd3073ee9750d2\"},{\"status\":\"added\",\"studentId\":\"696bd6fd0dbd3073ee975185\",\"classId\":\"696bd6fc0dbd3073ee9750d2\"},{\"status\":\"added\",\"studentId\":\"696bd6fd0dbd3073ee975197\",\"classId\":\"696bd6fc0dbd3073ee9750d2\"},{\"status\":\"added\",\"studentId\":\"696bd6fd0dbd3073ee9751a9\",\"classId\":\"696bd6fc0dbd3073ee9750d2\"},{\"status\":\"added\",\"studentId\":\"696bd6fd0dbd3073ee9751bb\",\"classId\":\"696bd6fc0dbd3073ee9750d2\"},{\"status\":\"added\",\"studentId\":\"696bd6fd0dbd3073ee9751cd\",\"classId\":\"696bd6fc0dbd3073ee9750d2\"},{\"status\":\"added\",\"studentId\":\"696bd6fd0dbd3073ee9751df\",\"classId\":\"696bd6fc0dbd3073ee9750d2\"},{\"status\":\"added\",\"studentId\":\"696bd6fd0dbd3073ee9751f1\",\"classId\":\"696bd6fc0dbd3073ee9750d2\"},{\"status\":\"added\",\"studentId\":\"696bd6fd0dbd3073ee975203\",\"classId\":\"696bd6fc0dbd3073ee9750d2\"},{\"status\":\"added\",\"studentId\":\"696bd6fd0dbd3073ee975215\",\"classId\":\"696bd6fc0dbd3073ee9750d2\"},{\"status\":\"added\",\"studentId\":\"696bd6fd0dbd3073ee975227\",\"classId\":\"696bd6fc0dbd3073ee9750d2\"},{\"status\":\"added\",\"studentId\":\"696bd6fd0dbd3073ee975239\",\"classId\":\"696bd6fc0dbd3073ee9750d2\"},{\"status\":\"added\",\"studentId\":\"696bd6fd0dbd3073ee97524b\",\"classId\":\"696bd6fc0dbd3073ee9750d2\"},{\"status\":\"added\",\"studentId\":\"696bd6fd0dbd3073ee97525d\",\"classId\":\"696bd6fc0dbd3073ee9750d2\"},{\"status\":\"added\",\"studentId\":\"696bd6fd0dbd3073ee97526f\",\"classId\":\"696bd6fc0dbd3073ee9750d2\"},{\"status\":\"added\",\"studentId\":\"696bd6fd0dbd3073ee975281\",\"classId\":\"696bd6fc0dbd3073ee9750d2\"},{\"status\":\"added\",\"studentId\":\"696bd6fd0dbd3073ee975293\",\"classId\":\"696bd6fc0dbd3073ee9750d2\"},{\"status\":\"added\",\"studentId\":\"696bd6fd0dbd3073ee9752a5\",\"classId\":\"696bd6fc0dbd3073ee9750d2\"},{\"status\":\"added\",\"studentId\":\"696bd6fe0dbd3073ee9752b7\",\"classId\":\"696bd6fc0dbd3073ee9750d2\"},{\"status\":\"added\",\"studentId\":\"696bd6fe0dbd3073ee9752c9\",\"classId\":\"696bd6fe0dbd3073ee9752cc\"},{\"status\":\"added\",\"studentId\":\"696bd6fe0dbd3073ee9752d8\",\"classId\":\"696bd6fe0dbd3073ee9752cc\"},{\"status\":\"added\",\"studentId\":\"696bd6fe0dbd3073ee9752e5\",\"classId\":\"696bd6fe0dbd3073ee9752cc\"},{\"status\":\"added\",\"studentId\":\"696bd6fe0dbd3073ee9752f2\",\"classId\":\"696bd6fe0dbd3073ee9752cc\"},{\"status\":\"added\",\"studentId\":\"696bd6fe0dbd3073ee9752ff\",\"classId\":\"696bd6fe0dbd3073ee9752cc\"},{\"status\":\"added\",\"studentId\":\"696bd6fe0dbd3073ee97530c\",\"classId\":\"696bd6fe0dbd3073ee9752cc\"},{\"status\":\"added\",\"studentId\":\"696bd6fe0dbd3073ee975319\",\"classId\":\"696bd6fe0dbd3073ee9752cc\"},{\"status\":\"added\",\"studentId\":\"696bd6fe0dbd3073ee975326\",\"classId\":\"696bd6fe0dbd3073ee9752cc\"},{\"status\":\"added\",\"studentId\":\"696bd6fe0dbd3073ee975333\",\"classId\":\"696bd6fe0dbd3073ee9752cc\"},{\"status\":\"added\",\"studentId\":\"696bd6fe0dbd3073ee975340\",\"classId\":\"696bd6fe0dbd3073ee9752cc\"},{\"status\":\"added\",\"studentId\":\"696bd6fe0dbd3073ee97534d\",\"classId\":\"696bd6fe0dbd3073ee9752cc\"},{\"status\":\"added\",\"studentId\":\"696bd6fe0dbd3073ee97535a\",\"classId\":\"696bd6fe0dbd3073ee9752cc\"},{\"status\":\"added\",\"studentId\":\"696bd6fe0dbd3073ee975367\",\"classId\":\"696bd6fe0dbd3073ee9752cc\"},{\"status\":\"added\",\"studentId\":\"696bd6fe0dbd3073ee975374\",\"classId\":\"696bd6fe0dbd3073ee9752cc\"},{\"status\":\"added\",\"studentId\":\"696bd6fe0dbd3073ee975381\",\"classId\":\"696bd6fe0dbd3073ee9752cc\"},{\"status\":\"added\",\"studentId\":\"696bd6fe0dbd3073ee97538e\",\"classId\":\"696bd6fe0dbd3073ee9752cc\"},{\"status\":\"added\",\"studentId\":\"696bd6fe0dbd3073ee97539b\",\"classId\":\"696bd6fe0dbd3073ee9752cc\"},{\"status\":\"added\",\"studentId\":\"696bd6fe0dbd3073ee9753a8\",\"classId\":\"696bd6fe0dbd3073ee9752cc\"},{\"status\":\"added\",\"studentId\":\"696bd6fe0dbd3073ee9753b5\",\"classId\":\"696bd6fe0dbd3073ee9752cc\"},{\"status\":\"added\",\"studentId\":\"696bd6fe0dbd3073ee9753c2\",\"classId\":\"696bd6fe0dbd3073ee9752cc\"},{\"status\":\"added\",\"studentId\":\"696bd6fe0dbd3073ee9753cf\",\"classId\":\"696bd6fe0dbd3073ee9752cc\"},{\"status\":\"added\",\"studentId\":\"696bd6fe0dbd3073ee9753dc\",\"classId\":\"696bd6fe0dbd3073ee9752cc\"},{\"status\":\"added\",\"studentId\":\"696bd6fe0dbd3073ee9753e9\",\"classId\":\"696bd6fe0dbd3073ee9752cc\"},{\"status\":\"added\",\"studentId\":\"696bd6fe0dbd3073ee9753f6\",\"classId\":\"696bd6fe0dbd3073ee9752cc\"},{\"status\":\"added\",\"studentId\":\"696bd6fe0dbd3073ee975403\",\"classId\":\"696bd6fe0dbd3073ee9752cc\"},{\"status\":\"added\",\"studentId\":\"696bd6fe0dbd3073ee975410\",\"classId\":\"696bd6fe0dbd3073ee9752cc\"},{\"status\":\"added\",\"studentId\":\"696bd6fe0dbd3073ee97541d\",\"classId\":\"696bd6fe0dbd3073ee975420\"},{\"status\":\"added\",\"studentId\":\"696bd6fe0dbd3073ee975431\",\"classId\":\"696bd6fe0dbd3073ee975420\"},{\"status\":\"added\",\"studentId\":\"696bd6fe0dbd3073ee975443\",\"classId\":\"696bd6fe0dbd3073ee975420\"},{\"status\":\"added\",\"studentId\":\"696bd6fe0dbd3073ee975455\",\"classId\":\"696bd6fe0dbd3073ee975420\"},{\"status\":\"added\",\"studentId\":\"696bd6fe0dbd3073ee975467\",\"classId\":\"696bd6fe0dbd3073ee975420\"},{\"status\":\"added\",\"studentId\":\"696bd6fe0dbd3073ee975479\",\"classId\":\"696bd6fe0dbd3073ee975420\"},{\"status\":\"added\",\"studentId\":\"696bd6fe0dbd3073ee97548b\",\"classId\":\"696bd6fe0dbd3073ee975420\"},{\"status\":\"added\",\"studentId\":\"696bd6fe0dbd3073ee97549d\",\"classId\":\"696bd6fe0dbd3073ee975420\"},{\"status\":\"added\",\"studentId\":\"696bd6fe0dbd3073ee9754af\",\"classId\":\"696bd6fe0dbd3073ee975420\"},{\"status\":\"added\",\"studentId\":\"696bd6fe0dbd3073ee9754c1\",\"classId\":\"696bd6fe0dbd3073ee975420\"},{\"status\":\"added\",\"studentId\":\"696bd6fe0dbd3073ee9754d3\",\"classId\":\"696bd6fe0dbd3073ee975420\"},{\"status\":\"added\",\"studentId\":\"696bd6fe0dbd3073ee9754e5\",\"classId\":\"696bd6fe0dbd3073ee975420\"},{\"status\":\"added\",\"studentId\":\"696bd6fe0dbd3073ee9754f7\",\"classId\":\"696bd6fe0dbd3073ee975420\"},{\"status\":\"added\",\"studentId\":\"696bd6fe0dbd3073ee975509\",\"classId\":\"696bd6fe0dbd3073ee975420\"},{\"status\":\"added\",\"studentId\":\"696bd6fe0dbd3073ee97551b\",\"classId\":\"696bd6fe0dbd3073ee975420\"},{\"status\":\"added\",\"studentId\":\"696bd6fe0dbd3073ee97552d\",\"classId\":\"696bd6fe0dbd3073ee975420\"},{\"status\":\"added\",\"studentId\":\"696bd6fe0dbd3073ee97553f\",\"classId\":\"696bd6fe0dbd3073ee975420\"},{\"status\":\"added\",\"studentId\":\"696bd6fe0dbd3073ee975551\",\"classId\":\"696bd6fe0dbd3073ee975420\"},{\"status\":\"added\",\"studentId\":\"696bd6fe0dbd3073ee975563\",\"classId\":\"696bd6fe0dbd3073ee975420\"},{\"status\":\"added\",\"studentId\":\"696bd6fe0dbd3073ee975575\",\"classId\":\"696bd6fe0dbd3073ee975420\"},{\"status\":\"added\",\"studentId\":\"696bd6fe0dbd3073ee975587\",\"classId\":\"696bd6fe0dbd3073ee975420\"},{\"status\":\"added\",\"studentId\":\"696bd6ff0dbd3073ee975599\",\"classId\":\"696bd6fe0dbd3073ee975420\"},{\"status\":\"added\",\"studentId\":\"696bd6ff0dbd3073ee9755ab\",\"classId\":\"696bd6fe0dbd3073ee975420\"},{\"status\":\"added\",\"studentId\":\"696bd6ff0dbd3073ee9755bd\",\"classId\":\"696bd6fe0dbd3073ee975420\"},{\"status\":\"added\",\"studentId\":\"696bd6ff0dbd3073ee9755cf\",\"classId\":\"696bd6fe0dbd3073ee975420\"},{\"status\":\"added\",\"studentId\":\"696bd6ff0dbd3073ee9755e1\",\"classId\":\"696bd6fe0dbd3073ee975420\"},{\"status\":\"added\",\"studentId\":\"696bd6ff0dbd3073ee9755f3\",\"classId\":\"696bd6fe0dbd3073ee975420\"},{\"status\":\"added\",\"studentId\":\"696bd6ff0dbd3073ee975605\",\"classId\":\"696bd6ff0dbd3073ee975608\"},{\"status\":\"added\",\"studentId\":\"696bd6ff0dbd3073ee975614\",\"classId\":\"696bd6ff0dbd3073ee975608\"},{\"status\":\"added\",\"studentId\":\"696bd6ff0dbd3073ee975621\",\"classId\":\"696bd6ff0dbd3073ee975608\"},{\"status\":\"added\",\"studentId\":\"696bd6ff0dbd3073ee97562e\",\"classId\":\"696bd6ff0dbd3073ee975608\"},{\"status\":\"added\",\"studentId\":\"696bd6ff0dbd3073ee97563b\",\"classId\":\"696bd6ff0dbd3073ee975608\"},{\"status\":\"added\",\"studentId\":\"696bd6ff0dbd3073ee975648\",\"classId\":\"696bd6ff0dbd3073ee975608\"},{\"status\":\"added\",\"studentId\":\"696bd6ff0dbd3073ee975655\",\"classId\":\"696bd6ff0dbd3073ee975608\"},{\"status\":\"added\",\"studentId\":\"696bd6ff0dbd3073ee975662\",\"classId\":\"696bd6ff0dbd3073ee975608\"},{\"status\":\"added\",\"studentId\":\"696bd6ff0dbd3073ee97566f\",\"classId\":\"696bd6ff0dbd3073ee975608\"},{\"status\":\"added\",\"studentId\":\"696bd6ff0dbd3073ee97567c\",\"classId\":\"696bd6ff0dbd3073ee975608\"},{\"status\":\"added\",\"studentId\":\"696bd6ff0dbd3073ee975689\",\"classId\":\"696bd6ff0dbd3073ee975608\"},{\"status\":\"added\",\"studentId\":\"696bd6ff0dbd3073ee975696\",\"classId\":\"696bd6ff0dbd3073ee975608\"},{\"status\":\"added\",\"studentId\":\"696bd6ff0dbd3073ee9756a3\",\"classId\":\"696bd6ff0dbd3073ee975608\"},{\"status\":\"added\",\"studentId\":\"696bd6ff0dbd3073ee9756b0\",\"classId\":\"696bd6ff0dbd3073ee975608\"},{\"status\":\"added\",\"studentId\":\"696bd6ff0dbd3073ee9756bd\",\"classId\":\"696bd6ff0dbd3073ee975608\"},{\"status\":\"added\",\"studentId\":\"696bd6ff0dbd3073ee9756ca\",\"classId\":\"696bd6ff0dbd3073ee975608\"},{\"status\":\"added\",\"studentId\":\"696bd6ff0dbd3073ee9756d7\",\"classId\":\"696bd6ff0dbd3073ee975608\"},{\"status\":\"added\",\"studentId\":\"696bd6ff0dbd3073ee9756e4\",\"classId\":\"696bd6ff0dbd3073ee975608\"},{\"status\":\"added\",\"studentId\":\"696bd6ff0dbd3073ee9756f1\",\"classId\":\"696bd6ff0dbd3073ee975608\"},{\"status\":\"added\",\"studentId\":\"696bd6ff0dbd3073ee9756fe\",\"classId\":\"696bd6ff0dbd3073ee975608\"},{\"status\":\"added\",\"studentId\":\"696bd6ff0dbd3073ee97570b\",\"classId\":\"696bd6ff0dbd3073ee975608\"},{\"status\":\"added\",\"studentId\":\"696bd6ff0dbd3073ee975718\",\"classId\":\"696bd6ff0dbd3073ee975608\"},{\"status\":\"added\",\"studentId\":\"696bd6ff0dbd3073ee975725\",\"classId\":\"696bd6ff0dbd3073ee975608\"},{\"status\":\"added\",\"studentId\":\"696bd6ff0dbd3073ee975732\",\"classId\":\"696bd6ff0dbd3073ee975608\"},{\"status\":\"added\",\"studentId\":\"696bd6ff0dbd3073ee97573f\",\"classId\":\"696bd6ff0dbd3073ee975608\"},{\"status\":\"added\",\"studentId\":\"696bd6ff0dbd3073ee97574c\",\"classId\":\"696bd6ff0dbd3073ee975608\"},{\"status\":\"added\",\"studentId\":\"696bd6ff0dbd3073ee975759\",\"classId\":\"696bd6ff0dbd3073ee97575c\"},{\"status\":\"added\",\"studentId\":\"696bd6ff0dbd3073ee97576d\",\"classId\":\"696bd6ff0dbd3073ee97575c\"},{\"status\":\"added\",\"studentId\":\"696bd6ff0dbd3073ee97577f\",\"classId\":\"696bd6ff0dbd3073ee97575c\"},{\"status\":\"added\",\"studentId\":\"696bd6ff0dbd3073ee975791\",\"classId\":\"696bd6ff0dbd3073ee97575c\"},{\"status\":\"added\",\"studentId\":\"696bd6ff0dbd3073ee9757a3\",\"classId\":\"696bd6ff0dbd3073ee97575c\"},{\"status\":\"added\",\"studentId\":\"696bd6ff0dbd3073ee9757b5\",\"classId\":\"696bd6ff0dbd3073ee97575c\"},{\"status\":\"added\",\"studentId\":\"696bd6ff0dbd3073ee9757c7\",\"classId\":\"696bd6ff0dbd3073ee97575c\"},{\"status\":\"added\",\"studentId\":\"696bd6ff0dbd3073ee9757d9\",\"classId\":\"696bd6ff0dbd3073ee97575c\"},{\"status\":\"added\",\"studentId\":\"696bd6ff0dbd3073ee9757eb\",\"classId\":\"696bd6ff0dbd3073ee97575c\"},{\"status\":\"added\",\"studentId\":\"696bd6ff0dbd3073ee9757fd\",\"classId\":\"696bd6ff0dbd3073ee97575c\"},{\"status\":\"added\",\"studentId\":\"696bd6ff0dbd3073ee97580f\",\"classId\":\"696bd6ff0dbd3073ee97575c\"},{\"status\":\"added\",\"studentId\":\"696bd6ff0dbd3073ee975821\",\"classId\":\"696bd6ff0dbd3073ee97575c\"},{\"status\":\"added\",\"studentId\":\"696bd6ff0dbd3073ee975833\",\"classId\":\"696bd6ff0dbd3073ee97575c\"},{\"status\":\"added\",\"studentId\":\"696bd6ff0dbd3073ee975845\",\"classId\":\"696bd6ff0dbd3073ee97575c\"},{\"status\":\"added\",\"studentId\":\"696bd6ff0dbd3073ee975857\",\"classId\":\"696bd6ff0dbd3073ee97575c\"},{\"status\":\"added\",\"studentId\":\"696bd7000dbd3073ee975869\",\"classId\":\"696bd6ff0dbd3073ee97575c\"},{\"status\":\"added\",\"studentId\":\"696bd7000dbd3073ee97587b\",\"classId\":\"696bd6ff0dbd3073ee97575c\"},{\"status\":\"added\",\"studentId\":\"696bd7000dbd3073ee97588d\",\"classId\":\"696bd6ff0dbd3073ee97575c\"},{\"status\":\"added\",\"studentId\":\"696bd7000dbd3073ee97589f\",\"classId\":\"696bd6ff0dbd3073ee97575c\"},{\"status\":\"added\",\"studentId\":\"696bd7000dbd3073ee9758b1\",\"classId\":\"696bd6ff0dbd3073ee97575c\"},{\"status\":\"added\",\"studentId\":\"696bd7000dbd3073ee9758c3\",\"classId\":\"696bd6ff0dbd3073ee97575c\"},{\"status\":\"added\",\"studentId\":\"696bd7000dbd3073ee9758d5\",\"classId\":\"696bd6ff0dbd3073ee97575c\"},{\"status\":\"added\",\"studentId\":\"696bd7000dbd3073ee9758e7\",\"classId\":\"696bd6ff0dbd3073ee97575c\"},{\"status\":\"added\",\"studentId\":\"696bd7000dbd3073ee9758f9\",\"classId\":\"696bd6ff0dbd3073ee97575c\"},{\"status\":\"added\",\"studentId\":\"696bd7000dbd3073ee97590b\",\"classId\":\"696bd6ff0dbd3073ee97575c\"},{\"status\":\"added\",\"studentId\":\"696bd7000dbd3073ee97591d\",\"classId\":\"696bd6ff0dbd3073ee97575c\"},{\"status\":\"added\",\"studentId\":\"696bd7000dbd3073ee97592f\",\"classId\":\"696bd6ff0dbd3073ee97575c\"},{\"status\":\"added\",\"studentId\":\"696bd7000dbd3073ee975941\",\"classId\":\"696bd7000dbd3073ee975944\"},{\"status\":\"added\",\"studentId\":\"696bd7000dbd3073ee975950\",\"classId\":\"696bd7000dbd3073ee975944\"},{\"status\":\"added\",\"studentId\":\"696bd7000dbd3073ee97595d\",\"classId\":\"696bd7000dbd3073ee975944\"},{\"status\":\"added\",\"studentId\":\"696bd7000dbd3073ee97596a\",\"classId\":\"696bd7000dbd3073ee975944\"},{\"status\":\"added\",\"studentId\":\"696bd7000dbd3073ee975977\",\"classId\":\"696bd7000dbd3073ee975944\"},{\"status\":\"added\",\"studentId\":\"696bd7000dbd3073ee975984\",\"classId\":\"696bd7000dbd3073ee975944\"},{\"status\":\"added\",\"studentId\":\"696bd7000dbd3073ee975991\",\"classId\":\"696bd7000dbd3073ee975944\"},{\"status\":\"added\",\"studentId\":\"696bd7000dbd3073ee97599e\",\"classId\":\"696bd7000dbd3073ee975944\"},{\"status\":\"added\",\"studentId\":\"696bd7000dbd3073ee9759ab\",\"classId\":\"696bd7000dbd3073ee975944\"},{\"status\":\"added\",\"studentId\":\"696bd7000dbd3073ee9759b8\",\"classId\":\"696bd7000dbd3073ee975944\"},{\"status\":\"added\",\"studentId\":\"696bd7000dbd3073ee9759c5\",\"classId\":\"696bd7000dbd3073ee975944\"},{\"status\":\"added\",\"studentId\":\"696bd7000dbd3073ee9759d2\",\"classId\":\"696bd7000dbd3073ee975944\"},{\"status\":\"added\",\"studentId\":\"696bd7000dbd3073ee9759df\",\"classId\":\"696bd7000dbd3073ee975944\"},{\"status\":\"added\",\"studentId\":\"696bd7000dbd3073ee9759ec\",\"classId\":\"696bd7000dbd3073ee975944\"},{\"status\":\"added\",\"studentId\":\"696bd7000dbd3073ee9759f9\",\"classId\":\"696bd7000dbd3073ee975944\"},{\"status\":\"added\",\"studentId\":\"696bd7000dbd3073ee975a06\",\"classId\":\"696bd7000dbd3073ee975944\"},{\"status\":\"added\",\"studentId\":\"696bd7000dbd3073ee975a13\",\"classId\":\"696bd7000dbd3073ee975944\"},{\"status\":\"added\",\"studentId\":\"696bd7000dbd3073ee975a20\",\"classId\":\"696bd7000dbd3073ee975944\"},{\"status\":\"added\",\"studentId\":\"696bd7000dbd3073ee975a2d\",\"classId\":\"696bd7000dbd3073ee975944\"},{\"status\":\"added\",\"studentId\":\"696bd7000dbd3073ee975a3a\",\"classId\":\"696bd7000dbd3073ee975944\"},{\"status\":\"added\",\"studentId\":\"696bd7000dbd3073ee975a47\",\"classId\":\"696bd7000dbd3073ee975944\"},{\"status\":\"added\",\"studentId\":\"696bd7000dbd3073ee975a54\",\"classId\":\"696bd7000dbd3073ee975944\"},{\"status\":\"added\",\"studentId\":\"696bd7000dbd3073ee975a61\",\"classId\":\"696bd7000dbd3073ee975944\"},{\"status\":\"added\",\"studentId\":\"696bd7000dbd3073ee975a6e\",\"classId\":\"696bd7000dbd3073ee975944\"},{\"status\":\"added\",\"studentId\":\"696bd7000dbd3073ee975a7b\",\"classId\":\"696bd7000dbd3073ee975944\"},{\"status\":\"added\",\"studentId\":\"696bd7000dbd3073ee975a88\",\"classId\":\"696bd7000dbd3073ee975944\"}]",
    "startedAt": "2026-01-17T18:37:52.603Z",
    "finishedAt": "2026-01-17T18:37:52.603Z",
    "__v": 0
  }
]