[
  {
    "_id": "696286545daa411acef55bb5",
    "ipAddress": "::1",
    "userAgent": "Mozilla/5.0 (Linux; Android 10; K) AppleWebKit/537.36 (KHTML, like Gecko) Chrome/143.0.0.0 Mobile Safari/537.36",
    "screenWidth": 406,
    "screenHeight": 814,
    "deviceType": "phone",
    "browser": "Chrome",
    "os": "Android",
    "timestamp": "2026-01-10T17:03:16.159Z",
    "path": "/login",
    "__v": 0
  },
  {
    "_id": "69628e10c1acd60decc2f6b3",
    "ipAddress": "::1",
    "userAgent": "Mozilla/5.0 (Linux; Android 10; K) AppleWebKit/537.36 (KHTML, like Gecko) Chrome/143.0.0.0 Mobile Safari/537.36",
    "screenWidth": 406,
    "screenHeight": 814,
    "deviceType": "phone",
    "browser": "Chrome",
    "os": "Android",
    "timestamp": "2026-01-10T17:36:16.742Z",
    "path": "/login",
    "__v": 0
  },
  {
    "_id": "6962a58448292241df24d4be",
    "ipAddress": "::1",
    "userAgent": "Mozilla/5.0 (Linux; Android 10; K) AppleWebKit/537.36 (KHTML, like Gecko) Chrome/143.0.0.0 Mobile Safari/537.36",
    "screenWidth": 406,
    "screenHeight": 814,
    "deviceType": "phone",
    "browser": "Chrome",
    "os": "Android",
    "timestamp": "2026-01-10T19:16:20.212Z",
    "path": "/login",
    "__v": 0
  },
  {
    "_id": "6962b03448292241df299e39",
    "ipAddress": "::1",
    "userAgent": "Mozilla/5.0 (Windows NT 10.0; Win64; x64) AppleWebKit/537.36 (KHTML, like Gecko) HeadlessChrome/142.0.0.0 Safari/537.36",
    "screenWidth": 800,
    "screenHeight": 1120,
    "deviceType": "desktop",
    "browser": "Chrome",
    "os": "Windows",
    "timestamp": "2026-01-10T20:01:56.348Z",
    "path": "/print/carnet/69629c9748292241df2330bf",
    "__v": 0
  },
  {
    "_id": "6962b04548292241df299e67",
    "ipAddress": "::1",
    "userAgent": "Mozilla/5.0 (Windows NT 10.0; Win64; x64) AppleWebKit/537.36 (KHTML, like Gecko) HeadlessChrome/142.0.0.0 Safari/537.36",
    "screenWidth": 800,
    "screenHeight": 1120,
    "deviceType": "desktop",
    "browser": "Chrome",
    "os": "Windows",
    "timestamp": "2026-01-10T20:02:13.564Z",
    "path": "/print/carnet/69629c9748292241df2330bf",
    "__v": 0
  },
  {
    "_id": "6962b05348292241df299ea7",
    "ipAddress": "::1",
    "userAgent": "Mozilla/5.0 (Windows NT 10.0; Win64; x64) AppleWebKit/537.36 (KHTML, like Gecko) HeadlessChrome/142.0.0.0 Safari/537.36",
    "screenWidth": 800,
    "screenHeight": 1120,
    "deviceType": "desktop",
    "browser": "Chrome",
    "os": "Windows",
    "timestamp": "2026-01-10T20:02:27.978Z",
    "path": "/print/carnet/69629c9748292241df2330bf",
    "__v": 0
  },
  {
    "_id": "6962b05448292241df299eb9",
    "ipAddress": "::1",
    "userAgent": "Mozilla/5.0 (Windows NT 10.0; Win64; x64) AppleWebKit/537.36 (KHTML, like Gecko) HeadlessChrome/142.0.0.0 Safari/537.36",
    "screenWidth": 800,
    "screenHeight": 1120,
    "deviceType": "desktop",
    "browser": "Chrome",
    "os": "Windows",
    "timestamp": "2026-01-10T20:02:28.329Z",
    "path": "/print/carnet/69629c9748292241df2330bf",
    "__v": 0
  },
  {
    "_id": "6962b05448292241df299ecf",
    "ipAddress": "::1",
    "userAgent": "Mozilla/5.0 (Windows NT 10.0; Win64; x64) AppleWebKit/537.36 (KHTML, like Gecko) HeadlessChrome/142.0.0.0 Safari/537.36",
    "screenWidth": 800,
    "screenHeight": 1120,
    "deviceType": "desktop",
    "browser": "Chrome",
    "os": "Windows",
    "timestamp": "2026-01-10T20:02:28.582Z",
    "path": "/print/carnet/69629c9748292241df2330bf",
    "__v": 0
  },
  {
    "_id": "6962b05448292241df299ee2",
    "ipAddress": "::1",
    "userAgent": "Mozilla/5.0 (Windows NT 10.0; Win64; x64) AppleWebKit/537.36 (KHTML, like Gecko) HeadlessChrome/142.0.0.0 Safari/537.36",
    "screenWidth": 800,
    "screenHeight": 1120,
    "deviceType": "desktop",
    "browser": "Chrome",
    "os": "Windows",
    "timestamp": "2026-01-10T20:02:28.830Z",
    "path": "/print/carnet/69629c9748292241df2330bf",
    "__v": 0
  },
  {
    "_id": "6962b05448292241df299eef",
    "ipAddress": "::1",
    "userAgent": "Mozilla/5.0 (Windows NT 10.0; Win64; x64) AppleWebKit/537.36 (KHTML, like Gecko) HeadlessChrome/142.0.0.0 Safari/537.36",
    "screenWidth": 800,
    "screenHeight": 1120,
    "deviceType": "desktop",
    "browser": "Chrome",
    "os": "Windows",
    "timestamp": "2026-01-10T20:02:28.954Z",
    "path": "/print/carnet/69629c9748292241df2330bf",
    "__v": 0
  },
  {
    "_id": "69637d181807dab7a0f4954e",
    "ipAddress": "::1",
    "userAgent": "Mozilla/5.0 (Windows NT 10.0; Win64; x64) AppleWebKit/537.36 (KHTML, like Gecko) Chrome/143.0.0.0 Safari/537.36 Edg/143.0.0.0",
    "screenWidth": 959,
    "screenHeight": 732,
    "deviceType": "desktop",
    "browser": "Edge",
    "os": "Windows",
    "timestamp": "2026-01-11T10:36:08.767Z",
    "path": "/export-progress",
    "__v": 0
  },
  {
    "_id": "69637d58043246ffc986f5fc",
    "ipAddress": "::1",
    "userAgent": "Mozilla/5.0 (Windows NT 10.0; Win64; x64) AppleWebKit/537.36 (KHTML, like Gecko) Chrome/143.0.0.0 Safari/537.36 Edg/143.0.0.0",
    "screenWidth": 959,
    "screenHeight": 732,
    "deviceType": "desktop",
    "browser": "Edge",
    "os": "Windows",
    "timestamp": "2026-01-11T10:37:12.988Z",
    "path": "/export-progress",
    "__v": 0
  },
  {
    "_id": "6963989d354d1940c1badc32",
    "ipAddress": "::1",
    "userAgent": "Mozilla/5.0 (Windows NT 10.0; Win64; x64) AppleWebKit/537.36 (KHTML, like Gecko) Chrome/143.0.0.0 Safari/537.36 Edg/143.0.0.0",
    "screenWidth": 959,
    "screenHeight": 732,
    "deviceType": "desktop",
    "browser": "Edge",
    "os": "Windows",
    "timestamp": "2026-01-11T12:33:33.852Z",
    "path": "/subadmin/teacher-progress",
    "__v": 0
  },
  {
    "_id": "696398e704a94786d3667c1b",
    "ipAddress": "::1",
    "userAgent": "Mozilla/5.0 (Windows NT 10.0; Win64; x64) AppleWebKit/537.36 (KHTML, like Gecko) Chrome/143.0.0.0 Safari/537.36 Edg/143.0.0.0",
    "screenWidth": 959,
    "screenHeight": 732,
    "deviceType": "desktop",
    "browser": "Edge",
    "os": "Windows",
    "timestamp": "2026-01-11T12:34:47.183Z",
    "path": "/subadmin/teacher-progress",
    "__v": 0
  },
  {
    "_id": "696398eb04a94786d3667c29",
    "ipAddress": "::1",
    "userAgent": "Mozilla/5.0 (Windows NT 10.0; Win64; x64) AppleWebKit/537.36 (KHTML, like Gecko) Chrome/143.0.0.0 Safari/537.36 Edg/143.0.0.0",
    "screenWidth": 959,
    "screenHeight": 732,
    "deviceType": "desktop",
    "browser": "Edge",
    "os": "Windows",
    "timestamp": "2026-01-11T12:34:51.555Z",
    "path": "/subadmin/teacher-progress",
    "__v": 0
  },
  {
    "_id": "6963995904a94786d3667cf0",
    "ipAddress": "::1",
    "userAgent": "Mozilla/5.0 (Windows NT 10.0; Win64; x64) AppleWebKit/537.36 (KHTML, like Gecko) Chrome/143.0.0.0 Safari/537.36 Edg/143.0.0.0",
    "screenWidth": 790,
    "screenHeight": 730,
    "deviceType": "desktop",
    "browser": "Edge",
    "os": "Windows",
    "timestamp": "2026-01-11T12:36:41.885Z",
    "path": "/subadmin/teacher-progress",
    "__v": 0
  },
  {
    "_id": "6963d88104a94786d3668cf6",
    "ipAddress": "::1",
    "userAgent": "Mozilla/5.0 (Windows NT 10.0; Win64; x64) AppleWebKit/537.36 (KHTML, like Gecko) Chrome/143.0.0.0 Safari/537.36 Edg/143.0.0.0",
    "screenWidth": 782,
    "screenHeight": 726,
    "deviceType": "desktop",
    "browser": "Edge",
    "os": "Windows",
    "timestamp": "2026-01-11T17:06:09.338Z",
    "path": "/aefe/suggestion",
    "__v": 0
  },
  {
    "_id": "6966c2f644d4401cccf0ff30",
    "ipAddress": "::1",
    "userAgent": "Mozilla/5.0 (Windows NT 10.0; Win64; x64) AppleWebKit/537.36 (KHTML, like Gecko) Chrome/143.0.0.0 Safari/537.36 Edg/143.0.0.0",
    "screenWidth": 873,
    "screenHeight": 418,
    "deviceType": "desktop",
    "browser": "Edge",
    "os": "Windows",
    "timestamp": "2026-01-13T22:11:02.171Z",
    "path": "/admin/template-builder",
    "__v": 0
  },
  {
    "_id": "6966c2f644d4401cccf0ff32",
    "ipAddress": "::1",
    "userAgent": "Mozilla/5.0 (Windows NT 10.0; Win64; x64) AppleWebKit/537.36 (KHTML, like Gecko) Chrome/143.0.0.0 Safari/537.36 Edg/143.0.0.0",
    "screenWidth": 873,
    "screenHeight": 418,
    "deviceType": "desktop",
    "browser": "Edge",
    "os": "Windows",
    "timestamp": "2026-01-13T22:11:02.643Z",
    "path": "/login",
    "__v": 0
  },
  {
    "_id": "696cb011df4e7e4cc0128310",
    "ipAddress": "::1",
    "userAgent": "Mozilla/5.0 (Windows NT 10.0; Win64; x64) AppleWebKit/537.36 (KHTML, like Gecko) Chrome/143.0.0.0 Safari/537.36 Edg/143.0.0.0",
    "screenWidth": 288,
    "screenHeight": 642,
    "deviceType": "desktop",
    "browser": "Edge",
    "os": "Windows",
    "timestamp": "2026-01-18T10:04:01.209Z",
    "path": "/admin/template-builder",
    "__v": 0
  },
  {
    "_id": "696cb530df4e7e4cc012a515",
    "ipAddress": "::1",
    "userAgent": "Mozilla/5.0 (Windows NT 10.0; Win64; x64) AppleWebKit/537.36 (KHTML, like Gecko) Chrome/143.0.0.0 Safari/537.36 Edg/143.0.0.0",
    "screenWidth": 1018,
    "screenHeight": 488,
    "deviceType": "desktop",
    "browser": "Edge",
    "os": "Windows",
    "timestamp": "2026-01-18T10:25:52.449Z",
    "path": "/admin/template-builder",
    "__v": 0
  },
  {
    "_id": "696cca663504d6404a8a1998",
    "ipAddress": "::1",
    "userAgent": "Mozilla/5.0 (Windows NT 10.0; Win64; x64) AppleWebKit/537.36 (KHTML, like Gecko) Chrome/143.0.0.0 Safari/537.36 Edg/143.0.0.0",
    "screenWidth": 796,
    "screenHeight": 726,
    "deviceType": "desktop",
    "browser": "Edge",
    "os": "Windows",
    "timestamp": "2026-01-18T11:56:22.868Z",
    "path": "/teacher/templates/696c0f28eb0d508ec8b8f717/edit",
    "__v": 0
  },
  {
    "_id": "696cca693504d6404a8a199a",
    "ipAddress": "::1",
    "userAgent": "Mozilla/5.0 (Windows NT 10.0; Win64; x64) AppleWebKit/537.36 (KHTML, like Gecko) Chrome/143.0.0.0 Safari/537.36 Edg/143.0.0.0",
    "screenWidth": 759,
    "screenHeight": 732,
    "deviceType": "desktop",
    "browser": "Edge",
    "os": "Windows",
    "timestamp": "2026-01-18T11:56:25.393Z",
    "path": "/teacher/classes/696bd6fa0dbd3073ee97493b",
    "__v": 0
  },
  {
    "_id": "696ccbf03504d6404a8a1b4a",
    "ipAddress": "::1",
    "userAgent": "Mozilla/5.0 (Windows NT 10.0; Win64; x64) AppleWebKit/537.36 (KHTML, like Gecko) Chrome/143.0.0.0 Safari/537.36 Edg/143.0.0.0",
    "screenWidth": 759,
    "screenHeight": 732,
    "deviceType": "desktop",
    "browser": "Edge",
    "os": "Windows",
    "timestamp": "2026-01-18T12:02:56.712Z",
    "path": "/teacher/classes",
    "__v": 0
  }
]