[
  {
    "_id": "695ab3e79006dc16c4b4098e",
    "name": "2026/2027",
    "startDate": "2026-09-01T00:00:00.000Z",
    "endDate": "2027-07-01T00:00:00.000Z",
    "active": false,
    "activeSemester": 1,
    "__v": 0,
    "sequence": 11
  },
  {
    "_id": "695ab3e79006dc16c4b40998",
    "name": "2027/2028",
    "startDate": "2027-09-01T00:00:00.000Z",
    "endDate": "2028-07-01T00:00:00.000Z",
    "active": false,
    "activeSemester": 1,
    "__v": 0,
    "sequence": 12
  },
  {
    "_id": "695ab3e89006dc16c4b409a2",
    "name": "2025/2026",
    "startDate": "2025-09-01T00:00:00.000Z",
    "endDate": "2026-07-01T00:00:00.000Z",
    "active": false,
    "activeSemester": 1,
    "__v": 0,
    "sequence": 10
  },
  {
    "_id": "695ab3e89006dc16c4b409ac",
    "name": "2024/2025",
    "startDate": "2024-09-01T00:00:00.000Z",
    "endDate": "2025-07-01T00:00:00.000Z",
    "active": false,
    "activeSemester": 1,
    "__v": 0,
    "sequence": 9
  },
  {
    "_id": "695ab3e99006dc16c4b409b6",
    "name": "2023/2024",
    "startDate": "2023-09-01T00:00:00.000Z",
    "endDate": "2024-07-01T00:00:00.000Z",
    "active": false,
    "activeSemester": 1,
    "__v": 0,
    "sequence": 8
  },
  {
    "_id": "695ab3e99006dc16c4b409c0",
    "name": "2022/2023",
    "startDate": "2022-09-01T00:00:00.000Z",
    "endDate": "2023-07-01T00:00:00.000Z",
    "active": false,
    "activeSemester": 1,
    "__v": 0,
    "sequence": 7
  },
  {
    "_id": "695ab3e99006dc16c4b409ca",
    "name": "2021/2022",
    "startDate": "2021-09-01T00:00:00.000Z",
    "endDate": "2022-07-01T00:00:00.000Z",
    "active": false,
    "activeSemester": 1,
    "__v": 0,
    "sequence": 6
  },
  {
    "_id": "695ab3ea9006dc16c4b409d4",
    "name": "2020/2021",
    "startDate": "2020-09-01T00:00:00.000Z",
    "endDate": "2021-07-01T00:00:00.000Z",
    "active": false,
    "activeSemester": 1,
    "__v": 0,
    "sequence": 5
  },
  {
    "_id": "695ab3ec9006dc16c4b409de",
    "name": "2019/2020",
    "startDate": "2019-09-01T00:00:00.000Z",
    "endDate": "2020-07-01T00:00:00.000Z",
    "active": false,
    "activeSemester": 1,
    "__v": 0,
    "sequence": 4
  },
  {
    "_id": "695ab3ed9006dc16c4b409e8",
    "name": "2018/2019",
    "startDate": "2018-09-01T00:00:00.000Z",
    "endDate": "2019-07-01T00:00:00.000Z",
    "active": false,
    "activeSemester": 1,
    "__v": 0,
    "sequence": 3
  },
  {
    "_id": "695ab3ee9006dc16c4b409f2",
    "name": "2017/2018",
    "startDate": "2017-09-01T00:00:00.000Z",
    "endDate": "2018-07-01T00:00:00.000Z",
    "active": false,
    "activeSemester": 1,
    "__v": 0,
    "sequence": 2
  },
  {
    "_id": "695ab3ee9006dc16c4b409fc",
    "name": "2016/2017",
    "startDate": "2016-09-01T00:00:00.000Z",
    "endDate": "2017-07-01T00:00:00.000Z",
    "active": true,
    "activeSemester": 2,
    "__v": 0,
    "sequence": 1
  }
]