[
  {
    "_id": "69613e68765b6f10b410cc41",
    "sourceId": "1d6e638e-6ef9-41fa-bf6d-045c2e7a8283",
    "studentId": "695ab3f79006dc16c4b40a1d",
    "templateId": "69613bd05c0f43328cd97fef",
    "__v": 0,
    "assignmentId": "69613e27765b6f10b410cc3d",
    "languages": [],
    "recordedAt": "2026-01-10T18:34:47.629Z",
    "recordedBy": "695ab6dc9006dc16c4b40a51",
    "skillText": "Je sais respecter la consigne, m’appliquer et terminer mon travail.",
    "sourceKey": "table_bb94d334-7bee-49d7-9fb9-cae45c2e9388_row_1d6e638e-6ef9-41fa-bf6d-045c2e7a8283"
  },
  {
    "_id": "69613e8d765b6f10b410cc42",
    "sourceId": "e283b89c-cd00-4382-bccd-4b79dc510238",
    "studentId": "695ab3f79006dc16c4b40a1d",
    "templateId": "69613bd05c0f43328cd97fef",
    "__v": 0,
    "assignmentId": "69613e27765b6f10b410cc3d",
    "languages": [],
    "recordedAt": "2026-01-10T18:09:30.412Z",
    "recordedBy": "695ab6dc9006dc16c4b40a51",
    "skillText": "Je sais reconnaitre mes enseignantes et mes copains de classe.",
    "sourceKey": "table_165d797d-faa9-4f82-83f5-a757a09c7cbe_row_e283b89c-cd00-4382-bccd-4b79dc510238"
  },
  {
    "_id": "69613e8e765b6f10b410cc43",
    "templateId": "69613bd05c0f43328cd97fef",
    "sourceId": "896819fd-efdf-4540-b8f6-4880b41fbd81",
    "studentId": "695ab3f79006dc16c4b40a1d",
    "__v": 0,
    "assignmentId": "69613e27765b6f10b410cc3d",
    "languages": [],
    "recordedAt": "2026-01-10T18:34:50.326Z",
    "recordedBy": "695ab6dc9006dc16c4b40a51",
    "skillText": "Je sais nommer mes copains de classe et quelques adultes qui s’occupent de moi.",
    "sourceKey": "table_165d797d-faa9-4f82-83f5-a757a09c7cbe_row_896819fd-efdf-4540-b8f6-4880b41fbd81"
  },
  {
    "_id": "69613e8e765b6f10b410cc44",
    "templateId": "69613bd05c0f43328cd97fef",
    "sourceId": "88ff66b8-0f24-445b-aaa3-4490307cdd2e",
    "studentId": "695ab3f79006dc16c4b40a1d",
    "__v": 0,
    "assignmentId": "69613e27765b6f10b410cc3d",
    "languages": [],
    "recordedAt": "2026-01-10T18:34:50.748Z",
    "recordedBy": "695ab6dc9006dc16c4b40a51",
    "skillText": "Je sais nommer tous les élèves de la classe et les adultes du cycle.",
    "sourceKey": "table_165d797d-faa9-4f82-83f5-a757a09c7cbe_row_88ff66b8-0f24-445b-aaa3-4490307cdd2e"
  },
  {
    "_id": "69613e90765b6f10b410cc45",
    "templateId": "69613bd05c0f43328cd97fef",
    "sourceId": "9867c556-f035-4c6e-88bd-68722d3459b4",
    "studentId": "695ab3f79006dc16c4b40a1d",
    "__v": 0,
    "assignmentId": "69613e27765b6f10b410cc3d",
    "languages": [],
    "recordedAt": "2026-01-10T18:34:46.794Z",
    "recordedBy": "695ab6dc9006dc16c4b40a51",
    "skillText": "Je sais réaliser une tâche et la compléter/terminer.",
    "sourceKey": "table_bb94d334-7bee-49d7-9fb9-cae45c2e9388_row_9867c556-f035-4c6e-88bd-68722d3459b4"
  },
  {
    "_id": "69613e90765b6f10b410cc46",
    "templateId": "69613bd05c0f43328cd97fef",
    "sourceId": "95abb7fd-8f70-4353-bb58-d90250232461",
    "studentId": "695ab3f79006dc16c4b40a1d",
    "__v": 0,
    "assignmentId": "69613e27765b6f10b410cc3d",
    "languages": [],
    "recordedAt": "2026-01-10T18:09:26.361Z",
    "recordedBy": "695ab6dc9006dc16c4b40a51",
    "skillText": "Je sais écouter en silence.",
    "sourceKey": "table_bb94d334-7bee-49d7-9fb9-cae45c2e9388_row_95abb7fd-8f70-4353-bb58-d90250232461"
  },
  {
    "_id": "69613e91765b6f10b410cc47",
    "templateId": "69613bd05c0f43328cd97fef",
    "sourceId": "a1ba0bad-6494-430e-bd14-0d5ffddb4402",
    "studentId": "695ab3f79006dc16c4b40a1d",
    "__v": 0,
    "assignmentId": "69613e27765b6f10b410cc3d",
    "languages": [],
    "recordedAt": "2026-01-10T18:36:19.978Z",
    "recordedBy": "695ab6dc9006dc16c4b40a51",
    "skillText": "Je sais que j’ai le droit de me tromper, de jouer, d’apprendre, d’être protégé et aidé.",
    "sourceKey": "table_3e4fef9f-69b7-463c-bc2a-d7a7397b62d7_row_a1ba0bad-6494-430e-bd14-0d5ffddb4402"
  },
  {
    "_id": "69613e92765b6f10b410cc48",
    "templateId": "69613bd05c0f43328cd97fef",
    "sourceId": "51c3e1ab-81c8-4079-a149-07860f1c39a9",
    "studentId": "695ab3f79006dc16c4b40a1d",
    "__v": 0,
    "assignmentId": "69613e27765b6f10b410cc3d",
    "languages": [],
    "recordedAt": "2026-01-10T18:35:10.340Z",
    "recordedBy": "695ab6dc9006dc16c4b40a51",
    "skillText": "Je sais attendre mon tour et partager le matériel et les jouets.",
    "sourceKey": "table_3e4fef9f-69b7-463c-bc2a-d7a7397b62d7_row_51c3e1ab-81c8-4079-a149-07860f1c39a9"
  },
  {
    "_id": "69613e92765b6f10b410cc49",
    "templateId": "69613bd05c0f43328cd97fef",
    "sourceId": "ff4aa933-d2fb-4199-a447-a2876f61b11f",
    "studentId": "695ab3f79006dc16c4b40a1d",
    "__v": 0,
    "assignmentId": "69613e27765b6f10b410cc3d",
    "languages": [],
    "recordedAt": "2026-01-10T18:35:10.970Z",
    "recordedBy": "695ab6dc9006dc16c4b40a51",
    "skillText": "Je suis capable de participer à l’élaboration des règles de vie et je les respecte.",
    "sourceKey": "table_3e4fef9f-69b7-463c-bc2a-d7a7397b62d7_row_ff4aa933-d2fb-4199-a447-a2876f61b11f"
  },
  {
    "_id": "696cc6cfeb0d508ec8b8f779",
    "studentId": "696bd6fa0dbd3073ee9749fb",
    "templateId": "696bc8e4ddd9675504bbf046",
    "sourceId": "e283b89c-cd00-4382-bccd-4b79dc510238",
    "__v": 0,
    "assignmentId": "696c0f28eb0d508ec8b8f717",
    "languages": [],
    "recordedAt": "2026-01-18T11:54:07.854Z",
    "recordedBy": "695ab6dc9006dc16c4b40a51",
    "skillText": "Je sais reconnaitre mes enseignantes et mes copains de classe.",
    "sourceKey": "table_165d797d-faa9-4f82-83f5-a757a09c7cbe_row_e283b89c-cd00-4382-bccd-4b79dc510238"
  },
  {
    "_id": "696cca9deb0d508ec8b8f77b",
    "sourceId": "896819fd-efdf-4540-b8f6-4880b41fbd81",
    "studentId": "696bd6fa0dbd3073ee9749fb",
    "templateId": "696bc8e4ddd9675504bbf046",
    "__v": 0,
    "assignmentId": "696c0f28eb0d508ec8b8f717",
    "languages": [],
    "recordedAt": "2026-01-18T11:57:19.287Z",
    "recordedBy": "695ab6dc9006dc16c4b40a51",
    "skillText": "Je sais nommer mes copains de classe et quelques adultes qui s’occupent de moi.",
    "sourceKey": "table_165d797d-faa9-4f82-83f5-a757a09c7cbe_row_896819fd-efdf-4540-b8f6-4880b41fbd81"
  },
  {
    "_id": "696ccaa6eb0d508ec8b8f77c",
    "studentId": "696bd6fa0dbd3073ee9749fb",
    "templateId": "696bc8e4ddd9675504bbf046",
    "sourceId": "4a7be72f-a7e3-4b79-92e5-9ac33f9709e6",
    "__v": 0,
    "assignmentId": "696c0f28eb0d508ec8b8f717",
    "languages": [
      "fr",
      "en",
      "ar"
    ],
    "recordedAt": "2026-01-18T11:57:28.187Z",
    "recordedBy": "695ab6dc9006dc16c4b40a51",
    "skillText": "Je sais me faire comprendre quand j’ai besoin de faire quelque chose.",
    "sourceKey": "table_e221fdc5-baf1-43a4-b918-7fad65535b5c_row_4a7be72f-a7e3-4b79-92e5-9ac33f9709e6"
  },
  {
    "_id": "696ccaa9eb0d508ec8b8f77d",
    "studentId": "696bd6fa0dbd3073ee9749fb",
    "templateId": "696bc8e4ddd9675504bbf046",
    "sourceId": "9bae2da0-1c16-443c-89a2-9e86ae0b137f",
    "__v": 0,
    "assignmentId": "696c0f28eb0d508ec8b8f717",
    "languages": [
      "fr",
      "en",
      "ar"
    ],
    "recordedAt": "2026-01-18T11:57:32.449Z",
    "recordedBy": "695ab6dc9006dc16c4b40a51",
    "skillText": "Je sais raconter un évènement vécu.",
    "sourceKey": "table_8607dd78-a548-4d15-95b8-5d02def26494_row_9bae2da0-1c16-443c-89a2-9e86ae0b137f"
  }
]