[
  {
    "_id": "696aa55deb0d508ec8b8f652",
    "classId": "695ab3f09006dc16c4b40a0f",
    "teacherId": "695ab6dc9006dc16c4b40a51",
    "__v": 0,
    "assignedAt": "2026-01-16T20:53:49.612Z",
    "assignedBy": "694f0cc2c22267f5739af04a",
    "isProfPolyvalent": false,
    "languages": [
      "en",
      "ar"
    ],
    "schoolYearId": "695ab3ee9006dc16c4b409fc"
  },
  {
    "_id": "696c0eafeb0d508ec8b8f653",
    "teacherId": "695ab6dc9006dc16c4b40a51",
    "classId": "696bd6fa0dbd3073ee97493b",
    "__v": 0,
    "assignedAt": "2026-01-17T22:35:27.518Z",
    "assignedBy": "694f0cc2c22267f5739af04a",
    "isProfPolyvalent": false,
    "languages": [],
    "schoolYearId": "695ab3ee9006dc16c4b409fc"
  },
  {
    "_id": "696c0eafeb0d508ec8b8f654",
    "teacherId": "695ab6dc9006dc16c4b40a51",
    "classId": "696bd6fb0dbd3073ee974c73",
    "__v": 0,
    "assignedAt": "2026-01-17T22:35:27.520Z",
    "assignedBy": "694f0cc2c22267f5739af04a",
    "isProfPolyvalent": false,
    "languages": [],
    "schoolYearId": "695ab3ee9006dc16c4b409fc"
  },
  {
    "_id": "696c0eafeb0d508ec8b8f655",
    "teacherId": "695ab6dc9006dc16c4b40a51",
    "classId": "696bd6fc0dbd3073ee974f8b",
    "__v": 0,
    "assignedAt": "2026-01-17T22:35:27.521Z",
    "assignedBy": "694f0cc2c22267f5739af04a",
    "isProfPolyvalent": false,
    "languages": [],
    "schoolYearId": "695ab3ee9006dc16c4b409fc"
  },
  {
    "_id": "696c0eafeb0d508ec8b8f656",
    "classId": "696bd6fc0dbd3073ee9750d2",
    "teacherId": "695ab6dc9006dc16c4b40a51",
    "__v": 0,
    "assignedAt": "2026-01-17T22:35:27.521Z",
    "assignedBy": "694f0cc2c22267f5739af04a",
    "isProfPolyvalent": false,
    "languages": [],
    "schoolYearId": "695ab3ee9006dc16c4b409fc"
  },
  {
    "_id": "696c0eafeb0d508ec8b8f657",
    "teacherId": "695ab6dc9006dc16c4b40a51",
    "classId": "696bd6fb0dbd3073ee974dc7",
    "__v": 0,
    "assignedAt": "2026-01-17T22:35:27.522Z",
    "assignedBy": "694f0cc2c22267f5739af04a",
    "isProfPolyvalent": false,
    "languages": [],
    "schoolYearId": "695ab3ee9006dc16c4b409fc"
  },
  {
    "_id": "696cca10eb0d508ec8b8f77a",
    "teacherId": "696cca0573e66eea5811b0b6",
    "classId": "696bd6fa0dbd3073ee97493b",
    "__v": 0,
    "assignedAt": "2026-01-18T11:54:56.548Z",
    "assignedBy": "694f0cc2c22267f5739af04a",
    "isProfPolyvalent": false,
    "languages": [
      "ar"
    ],
    "schoolYearId": "695ab3ee9006dc16c4b409fc"
  }
]