[
  {
    "_id": "69638022043246ffc986fa8c",
    "templateAssignmentId": "69613e27765b6f10b410cc3d",
    "subAdminId": "695ab6e29006dc16c4b40a5d",
    "signedAt": "2026-01-11T10:49:06.135Z",
    "status": "signed",
    "type": "end_of_year",
    "signatureUrl": "https://localhost:4000/uploads/signatures/signature-695ab6e29006dc16c4b40a5d-1767980708855.png",
    "level": "PS",
    "schoolYearId": "695ab3ee9006dc16c4b409fc",
    "signaturePeriodId": "695ab3ee9006dc16c4b409fc_end_of_year",
    "__v": 0
  },
  {
    "_id": "6963802b043246ffc986fb55",
    "templateAssignmentId": "69629c9748292241df2330bf",
    "subAdminId": "695ab6e29006dc16c4b40a5d",
    "signedAt": "2026-01-11T10:49:15.558Z",
    "status": "signed",
    "type": "end_of_year",
    "signatureUrl": "https://localhost:4000/uploads/signatures/signature-695ab6e29006dc16c4b40a5d-1767980708855.png",
    "level": "PS",
    "schoolYearId": "695ab3ee9006dc16c4b409fc",
    "signaturePeriodId": "695ab3ee9006dc16c4b409fc_end_of_year",
    "__v": 0
  },
  {
    "_id": "696caa5914d4c63986a95ca3",
    "templateAssignmentId": "696c0f28eb0d508ec8b8f70c",
    "subAdminId": "695ab6e29006dc16c4b40a5d",
    "signedAt": "2026-01-18T09:39:37.801Z",
    "status": "signed",
    "type": "end_of_year",
    "signatureUrl": "https://localhost:4000/uploads/signatures/signature-695ab6e29006dc16c4b40a5d-1767980708855.png",
    "level": "MS",
    "schoolYearId": "695ab3ee9006dc16c4b409fc",
    "signaturePeriodId": "695ab3ee9006dc16c4b409fc_end_of_year",
    "__v": 0
  }
]