[
  {
    "_id": "69613ec45c0f43328cd98b4c",
    "templateAssignmentId": "69613e27765b6f10b410cc3d",
    "teacherId": "695ab6e29006dc16c4b40a5d",
    "changeType": "signature",
    "blockIndex": -1,
    "pageIndex": -1,
    "before": [],
    "changeId": "mk7631vv-2ors6rb",
    "dataVersion": 2,
    "userId": "695ab6e29006dc16c4b40a5d",
    "timestamp": "2026-01-09T17:45:40.167Z",
    "__v": 0
  },
  {
    "_id": "69613ed65c0f43328cd98bdf",
    "templateAssignmentId": "69613e27765b6f10b410cc3d",
    "teacherId": "695ab6e29006dc16c4b40a5d",
    "changeType": "unsign",
    "blockIndex": -1,
    "pageIndex": -1,
    "before": [],
    "changeId": "mk763frt-7jvbdr2",
    "dataVersion": 3,
    "userId": "695ab6e29006dc16c4b40a5d",
    "timestamp": "2026-01-09T17:45:58.169Z",
    "__v": 0
  },
  {
    "_id": "69627fa9e84b3760cb25ce11",
    "templateAssignmentId": "69613e27765b6f10b410cc3d",
    "teacherId": "695ab6e29006dc16c4b40a5d",
    "changeType": "signature",
    "blockIndex": -1,
    "pageIndex": -1,
    "before": [],
    "changeId": "mk8izstm-r554gx5",
    "dataVersion": 5,
    "userId": "695ab6e29006dc16c4b40a5d",
    "timestamp": "2026-01-10T16:34:49.634Z",
    "__v": 0
  },
  {
    "_id": "6962808be84b3760cb25ce65",
    "templateAssignmentId": "69613e27765b6f10b410cc3d",
    "teacherId": "695ab6e29006dc16c4b40a5d",
    "changeType": "unsign",
    "blockIndex": -1,
    "pageIndex": -1,
    "before": [],
    "changeId": "mk8j4mzd-kdi1xel",
    "dataVersion": 6,
    "userId": "695ab6e29006dc16c4b40a5d",
    "timestamp": "2026-01-10T16:38:35.353Z",
    "__v": 0
  },
  {
    "_id": "696282ef5daa411acef55ab0",
    "templateAssignmentId": "69613e27765b6f10b410cc3d",
    "teacherId": "695ab6e29006dc16c4b40a5d",
    "changeType": "signature",
    "blockIndex": -1,
    "pageIndex": -1,
    "before": [],
    "changeId": "mk8jhr95-9u9btu7",
    "dataVersion": 8,
    "userId": "695ab6e29006dc16c4b40a5d",
    "timestamp": "2026-01-10T16:48:47.406Z",
    "__v": 0
  },
  {
    "_id": "696295c2d3415df2afa5ce94",
    "templateAssignmentId": "69613e27765b6f10b410cc3d",
    "teacherId": "695ab6e29006dc16c4b40a5d",
    "changeType": "unsign",
    "blockIndex": -1,
    "pageIndex": -1,
    "before": [],
    "changeId": "mk8md1w8-yb2tvnc",
    "dataVersion": 9,
    "userId": "695ab6e29006dc16c4b40a5d",
    "timestamp": "2026-01-10T18:09:06.776Z",
    "__v": 0
  },
  {
    "_id": "69638022043246ffc986fa90",
    "templateAssignmentId": "69613e27765b6f10b410cc3d",
    "teacherId": "695ab6e29006dc16c4b40a5d",
    "changeType": "signature",
    "blockIndex": -1,
    "pageIndex": -1,
    "before": [],
    "changeId": "mk9m31pz-sav190x",
    "dataVersion": 11,
    "userId": "695ab6e29006dc16c4b40a5d",
    "timestamp": "2026-01-11T10:49:06.135Z",
    "__v": 0
  },
  {
    "_id": "6963802b043246ffc986fb59",
    "templateAssignmentId": "69629c9748292241df2330bf",
    "teacherId": "695ab6e29006dc16c4b40a5d",
    "changeType": "signature",
    "blockIndex": -1,
    "pageIndex": -1,
    "before": [],
    "changeId": "mk9m38yy-fmdyuq9",
    "dataVersion": 2,
    "userId": "695ab6e29006dc16c4b40a5d",
    "timestamp": "2026-01-11T10:49:15.558Z",
    "__v": 0
  },
  {
    "_id": "696c0fae9eeb0d80f85ccd59",
    "templateAssignmentId": "696c0f28eb0d508ec8b8f70c",
    "teacherId": "695ab6e29006dc16c4b40a5d",
    "changeType": "signature",
    "blockIndex": -1,
    "pageIndex": -1,
    "before": [],
    "changeId": "mkiw3zvu-s0ffzv4",
    "dataVersion": 2,
    "userId": "695ab6e29006dc16c4b40a5d",
    "timestamp": "2026-01-17T22:39:42.175Z",
    "__v": 0
  },
  {
    "_id": "696c0fba9eeb0d80f85ccd8d",
    "templateAssignmentId": "696c0f28eb0d508ec8b8f70c",
    "teacherId": "695ab6e29006dc16c4b40a5d",
    "changeType": "unsign",
    "blockIndex": -1,
    "pageIndex": -1,
    "before": [],
    "changeId": "mkiw49qj-ejuxjqj",
    "dataVersion": 3,
    "userId": "695ab6e29006dc16c4b40a5d",
    "timestamp": "2026-01-17T22:39:54.955Z",
    "__v": 0
  },
  {
    "_id": "696c103e9eeb0d80f85ccdd8",
    "templateAssignmentId": "696c0f28eb0d508ec8b8f70c",
    "teacherId": "695ab6e29006dc16c4b40a5d",
    "changeType": "signature",
    "blockIndex": -1,
    "pageIndex": -1,
    "before": [],
    "changeId": "mkiw7395-1zhb088",
    "dataVersion": 5,
    "userId": "695ab6e29006dc16c4b40a5d",
    "timestamp": "2026-01-17T22:42:06.516Z",
    "__v": 0
  },
  {
    "_id": "696c10e6dc80a2932c40cdec",
    "templateAssignmentId": "696c0f28eb0d508ec8b8f70c",
    "teacherId": "695ab6e29006dc16c4b40a5d",
    "changeType": "unsign",
    "blockIndex": -1,
    "pageIndex": -1,
    "before": [],
    "changeId": "mkiwap1y-2bfafdq",
    "dataVersion": 6,
    "userId": "695ab6e29006dc16c4b40a5d",
    "timestamp": "2026-01-17T22:44:54.742Z",
    "__v": 0
  },
  {
    "_id": "696c10e7dc80a2932c40ce1f",
    "templateAssignmentId": "696c0f28eb0d508ec8b8f70c",
    "teacherId": "695ab6e29006dc16c4b40a5d",
    "changeType": "signature",
    "blockIndex": -1,
    "pageIndex": -1,
    "before": [],
    "changeId": "mkiwapoy-n7yt3uz",
    "dataVersion": 8,
    "userId": "695ab6e29006dc16c4b40a5d",
    "timestamp": "2026-01-17T22:44:55.566Z",
    "__v": 0
  },
  {
    "_id": "696c11585ef6ee1f3b8c3b7c",
    "templateAssignmentId": "696c0f28eb0d508ec8b8f70c",
    "teacherId": "695ab6e29006dc16c4b40a5d",
    "changeType": "unsign",
    "blockIndex": -1,
    "pageIndex": -1,
    "before": [],
    "changeId": "mkiwd4ub-bmpx4bf",
    "dataVersion": 9,
    "userId": "695ab6e29006dc16c4b40a5d",
    "timestamp": "2026-01-17T22:46:48.515Z",
    "__v": 0
  },
  {
    "_id": "696c11595ef6ee1f3b8c3baf",
    "templateAssignmentId": "696c0f28eb0d508ec8b8f70c",
    "teacherId": "695ab6e29006dc16c4b40a5d",
    "changeType": "signature",
    "blockIndex": -1,
    "pageIndex": -1,
    "before": [],
    "changeId": "mkiwd5cx-j3h4lph",
    "dataVersion": 11,
    "userId": "695ab6e29006dc16c4b40a5d",
    "timestamp": "2026-01-17T22:46:49.182Z",
    "__v": 0
  },
  {
    "_id": "696c122f5ef6ee1f3b8c3c41",
    "templateAssignmentId": "696c0f28eb0d508ec8b8f70c",
    "teacherId": "695ab6e29006dc16c4b40a5d",
    "changeType": "unsign",
    "blockIndex": -1,
    "pageIndex": -1,
    "before": [],
    "changeId": "mkiwhr1l-rnopog2",
    "dataVersion": 12,
    "userId": "695ab6e29006dc16c4b40a5d",
    "timestamp": "2026-01-17T22:50:23.913Z",
    "__v": 0
  },
  {
    "_id": "696caa5914d4c63986a95caa",
    "templateAssignmentId": "696c0f28eb0d508ec8b8f70c",
    "teacherId": "695ab6e29006dc16c4b40a5d",
    "changeType": "signature",
    "blockIndex": -1,
    "pageIndex": -1,
    "before": [],
    "changeId": "mkjjoo27-ovlyjud",
    "dataVersion": 14,
    "userId": "695ab6e29006dc16c4b40a5d",
    "timestamp": "2026-01-18T09:39:37.801Z",
    "__v": 0
  }
]