[
  {
    "_id": "69955c6a8e07f416331e8009",
    "name": "PS B",
    "level": "PS",
    "schoolYearId": "69955b068e07f416331e7eac",
    "__v": 0
  },
  {
    "_id": "69955c6a8e07f416331e8016",
    "name": "PS D",
    "level": "PS",
    "schoolYearId": "69955b068e07f416331e7eac",
    "__v": 0
  },
  {
    "_id": "69955c6a8e07f416331e8032",
    "name": "PS A",
    "level": "PS",
    "schoolYearId": "69955b068e07f416331e7eac",
    "__v": 0
  },
  {
    "_id": "69955c6a8e07f416331e8041",
    "name": "PS C",
    "level": "PS",
    "schoolYearId": "69955b068e07f416331e7eac",
    "__v": 0
  },
  {
    "_id": "69955c6a8e07f416331e806a",
    "name": "PS F",
    "level": "PS",
    "schoolYearId": "69955b068e07f416331e7eac",
    "__v": 0
  },
  {
    "_id": "69955c6a8e07f416331e8093",
    "name": "PS E",
    "level": "PS",
    "schoolYearId": "69955b068e07f416331e7eac",
    "__v": 0
  },
  {
    "_id": "69955e218e07f416331edfbf",
    "name": "PS A",
    "level": "PS",
    "schoolYearId": "69955b068e07f416331e7ea2",
    "__v": 0
  },
  {
    "_id": "69955e218e07f416331ee11e",
    "name": "PS B",
    "level": "PS",
    "schoolYearId": "69955b068e07f416331e7ea2",
    "__v": 0
  },
  {
    "_id": "69955e228e07f416331ee265",
    "name": "PS C",
    "level": "PS",
    "schoolYearId": "69955b068e07f416331e7ea2",
    "__v": 0
  },
  {
    "_id": "69955e228e07f416331ee3d3",
    "name": "PS D",
    "level": "PS",
    "schoolYearId": "69955b068e07f416331e7ea2",
    "__v": 0
  },
  {
    "_id": "69955e238e07f416331ee534",
    "name": "PS E",
    "level": "PS",
    "schoolYearId": "69955b068e07f416331e7ea2",
    "__v": 0
  },
  {
    "_id": "69955f848e07f416331ee6b8",
    "name": "MS D",
    "level": "MS",
    "schoolYearId": "69955b068e07f416331e7ea2",
    "__v": 0
  },
  {
    "_id": "69955f848e07f416331ee6b9",
    "name": "MS B",
    "level": "MS",
    "schoolYearId": "69955b068e07f416331e7ea2",
    "__v": 0
  },
  {
    "_id": "69955f848e07f416331ee6ba",
    "name": "MS A",
    "level": "MS",
    "schoolYearId": "69955b068e07f416331e7ea2",
    "__v": 0
  },
  {
    "_id": "69955f848e07f416331ee6bb",
    "name": "MS E",
    "level": "MS",
    "schoolYearId": "69955b068e07f416331e7ea2",
    "__v": 0
  },
  {
    "_id": "69955f848e07f416331ee6bc",
    "name": "MS F",
    "level": "MS",
    "schoolYearId": "69955b068e07f416331e7ea2",
    "__v": 0
  },
  {
    "_id": "69955f848e07f416331ee6bd",
    "name": "MS C",
    "level": "MS",
    "schoolYearId": "69955b068e07f416331e7ea2",
    "__v": 0
  }
]