[
  {
    "_id": "692fd681c6e2f27f3a02732a",
    "addedCount": 0,
    "updatedCount": 0,
    "errorCount": 1,
    "reportJson": "[{\"status\":\"error\",\"message\":\"Invalid time value\"}]",
    "startedAt": "2025-12-03T06:19:45.454Z",
    "finishedAt": "2025-12-03T06:19:45.454Z",
    "__v": 0
  },
  {
    "_id": "692fd68fc6e2f27f3a02732c",
    "addedCount": 0,
    "updatedCount": 0,
    "errorCount": 2,
    "reportJson": "[{\"status\":\"error\",\"message\":\"Cannot read properties of undefined (reading 'toLowerCase')\"},{\"status\":\"error\",\"message\":\"Cannot read properties of undefined (reading 'toLowerCase')\"}]",
    "startedAt": "2025-12-03T06:19:59.060Z",
    "finishedAt": "2025-12-03T06:19:59.060Z",
    "__v": 0
  },
  {
    "_id": "692fd6a2c6e2f27f3a02732e",
    "addedCount": 0,
    "updatedCount": 0,
    "errorCount": 2,
    "reportJson": "[{\"status\":\"error\",\"message\":\"Cannot read properties of undefined (reading 'toLowerCase')\"},{\"status\":\"error\",\"message\":\"Cannot read properties of undefined (reading 'toLowerCase')\"}]",
    "startedAt": "2025-12-03T06:20:18.309Z",
    "finishedAt": "2025-12-03T06:20:18.309Z",
    "__v": 0
  },
  {
    "_id": "692fd6a9c6e2f27f3a027330",
    "addedCount": 0,
    "updatedCount": 0,
    "errorCount": 2,
    "reportJson": "[{\"status\":\"error\",\"message\":\"Cannot read properties of undefined (reading 'toLowerCase')\"},{\"status\":\"error\",\"message\":\"Cannot read properties of undefined (reading 'toLowerCase')\"}]",
    "startedAt": "2025-12-03T06:20:25.696Z",
    "finishedAt": "2025-12-03T06:20:25.696Z",
    "__v": 0
  },
  {
    "_id": "692fd6abc6e2f27f3a027332",
    "addedCount": 0,
    "updatedCount": 0,
    "errorCount": 2,
    "reportJson": "[{\"status\":\"error\",\"message\":\"Cannot read properties of undefined (reading 'toLowerCase')\"},{\"status\":\"error\",\"message\":\"Cannot read properties of undefined (reading 'toLowerCase')\"}]",
    "startedAt": "2025-12-03T06:20:27.033Z",
    "finishedAt": "2025-12-03T06:20:27.033Z",
    "__v": 0
  },
  {
    "_id": "692fd70dc6e2f27f3a027347",
    "addedCount": 0,
    "updatedCount": 0,
    "errorCount": 3,
    "reportJson": "[{\"status\":\"error\",\"message\":\"Invalid time value\"},{\"status\":\"error\",\"message\":\"Invalid time value\"},{\"status\":\"error\",\"message\":\"Invalid time value\"}]",
    "startedAt": "2025-12-03T06:22:05.505Z",
    "finishedAt": "2025-12-03T06:22:05.505Z",
    "__v": 0
  },
  {
    "_id": "69367299b3c5bc137dac896e",
    "addedCount": 334,
    "updatedCount": 9,
    "errorCount": 0,
    "reportJson": "[{\"status\":\"added\",\"studentId\":\"6936728bb3c5bc137dac7686\",\"classId\":\"692ff70740783b2ec7d7a53d\"},{\"status\":\"added\",\"studentId\":\"6936728bb3c5bc137dac7695\",\"classId\":\"692ff70740783b2ec7d7a53d\"},{\"status\":\"added\",\"studentId\":\"6936728bb3c5bc137dac76a4\",\"classId\":\"692ff70740783b2ec7d7a53d\"},{\"status\":\"added\",\"studentId\":\"6936728bb3c5bc137dac76b3\",\"classId\":\"692ff70740783b2ec7d7a53d\"},{\"status\":\"added\",\"studentId\":\"6936728bb3c5bc137dac76c2\",\"classId\":\"692ff70740783b2ec7d7a53d\"},{\"status\":\"added\",\"studentId\":\"6936728bb3c5bc137dac76d1\",\"classId\":\"692ff70740783b2ec7d7a53d\"},{\"status\":\"added\",\"studentId\":\"6936728bb3c5bc137dac76e0\",\"classId\":\"692ff70740783b2ec7d7a53d\"},{\"status\":\"added\",\"studentId\":\"6936728bb3c5bc137dac76ef\",\"classId\":\"692ff70740783b2ec7d7a53d\"},{\"status\":\"added\",\"studentId\":\"6936728bb3c5bc137dac76fe\",\"classId\":\"692ff70740783b2ec7d7a53d\"},{\"status\":\"added\",\"studentId\":\"6936728bb3c5bc137dac770d\",\"classId\":\"692ff70740783b2ec7d7a53d\"},{\"status\":\"added\",\"studentId\":\"6936728bb3c5bc137dac771c\",\"classId\":\"692ff70740783b2ec7d7a53d\"},{\"status\":\"added\",\"studentId\":\"6936728bb3c5bc137dac772b\",\"classId\":\"692ff70740783b2ec7d7a53d\"},{\"status\":\"added\",\"studentId\":\"6936728bb3c5bc137dac773a\",\"classId\":\"692ff70740783b2ec7d7a53d\"},{\"status\":\"added\",\"studentId\":\"6936728cb3c5bc137dac7749\",\"classId\":\"692ff70740783b2ec7d7a53d\"},{\"status\":\"added\",\"studentId\":\"6936728cb3c5bc137dac7758\",\"classId\":\"692ff70740783b2ec7d7a53d\"},{\"status\":\"added\",\"studentId\":\"6936728cb3c5bc137dac7767\",\"classId\":\"692ff70740783b2ec7d7a53d\"},{\"status\":\"added\",\"studentId\":\"6936728cb3c5bc137dac7776\",\"classId\":\"692ff70740783b2ec7d7a53d\"},{\"status\":\"added\",\"studentId\":\"6936728cb3c5bc137dac7785\",\"classId\":\"692ff70740783b2ec7d7a53d\"},{\"status\":\"added\",\"studentId\":\"6936728cb3c5bc137dac7794\",\"classId\":\"692ff70740783b2ec7d7a53d\"},{\"status\":\"added\",\"studentId\":\"6936728cb3c5bc137dac77a3\",\"classId\":\"692ff70740783b2ec7d7a53d\"},{\"status\":\"added\",\"studentId\":\"6936728cb3c5bc137dac77b2\",\"classId\":\"692ff70740783b2ec7d7a53d\"},{\"status\":\"added\",\"studentId\":\"6936728cb3c5bc137dac77c1\",\"classId\":\"692ff70740783b2ec7d7a53d\"},{\"status\":\"added\",\"studentId\":\"6936728cb3c5bc137dac77d0\",\"classId\":\"692ff70740783b2ec7d7a53d\"},{\"status\":\"added\",\"studentId\":\"6936728cb3c5bc137dac77df\",\"classId\":\"692ff70740783b2ec7d7a53d\"},{\"status\":\"added\",\"studentId\":\"6936728cb3c5bc137dac77ee\",\"classId\":\"692ff70740783b2ec7d7a53d\"},{\"status\":\"added\",\"studentId\":\"6936728cb3c5bc137dac77fd\",\"classId\":\"692ff70740783b2ec7d7a53d\"},{\"status\":\"added\",\"studentId\":\"6936728cb3c5bc137dac780c\",\"classId\":\"692ff70740783b2ec7d7a53d\"},{\"status\":\"added\",\"studentId\":\"6936728cb3c5bc137dac781b\",\"classId\":\"692ff70740783b2ec7d7a53d\"},{\"status\":\"added\",\"studentId\":\"6936728cb3c5bc137dac782a\",\"classId\":\"692ff70740783b2ec7d7a53d\"},{\"status\":\"added\",\"studentId\":\"6936728cb3c5bc137dac7839\",\"classId\":\"692ff70740783b2ec7d7a53d\"},{\"status\":\"added\",\"studentId\":\"6936728cb3c5bc137dac7848\",\"classId\":\"692ff70740783b2ec7d7a53d\"},{\"status\":\"added\",\"studentId\":\"6936728cb3c5bc137dac7857\",\"classId\":\"692ff70740783b2ec7d7a53d\"},{\"status\":\"added\",\"studentId\":\"6936728cb3c5bc137dac7866\",\"classId\":\"692ff70740783b2ec7d7a53d\"},{\"status\":\"added\",\"studentId\":\"6936728cb3c5bc137dac7875\",\"classId\":\"692ff70740783b2ec7d7a540\"},{\"status\":\"added\",\"studentId\":\"6936728db3c5bc137dac7884\",\"classId\":\"692ff70740783b2ec7d7a540\"},{\"status\":\"added\",\"studentId\":\"6936728db3c5bc137dac7893\",\"classId\":\"692ff70740783b2ec7d7a540\"},{\"status\":\"added\",\"studentId\":\"6936728db3c5bc137dac78a2\",\"classId\":\"692ff70740783b2ec7d7a540\"},{\"status\":\"added\",\"studentId\":\"6936728db3c5bc137dac78b1\",\"classId\":\"692ff70740783b2ec7d7a540\"},{\"status\":\"added\",\"studentId\":\"6936728db3c5bc137dac78c0\",\"classId\":\"692ff70740783b2ec7d7a540\"},{\"status\":\"added\",\"studentId\":\"6936728db3c5bc137dac78cf\",\"classId\":\"692ff70740783b2ec7d7a540\"},{\"status\":\"added\",\"studentId\":\"6936728db3c5bc137dac78de\",\"classId\":\"692ff70740783b2ec7d7a540\"},{\"status\":\"added\",\"studentId\":\"6936728db3c5bc137dac78ed\",\"classId\":\"692ff70740783b2ec7d7a540\"},{\"status\":\"added\",\"studentId\":\"6936728db3c5bc137dac78fc\",\"classId\":\"692ff70740783b2ec7d7a540\"},{\"status\":\"added\",\"studentId\":\"6936728db3c5bc137dac790b\",\"classId\":\"692ff70740783b2ec7d7a540\"},{\"status\":\"added\",\"studentId\":\"6936728db3c5bc137dac791a\",\"classId\":\"692ff70740783b2ec7d7a540\"},{\"status\":\"added\",\"studentId\":\"6936728db3c5bc137dac7929\",\"classId\":\"692ff70740783b2ec7d7a540\"},{\"status\":\"added\",\"studentId\":\"6936728db3c5bc137dac7938\",\"classId\":\"692ff70740783b2ec7d7a540\"},{\"status\":\"added\",\"studentId\":\"6936728db3c5bc137dac7947\",\"classId\":\"692ff70740783b2ec7d7a540\"},{\"status\":\"added\",\"studentId\":\"6936728db3c5bc137dac7956\",\"classId\":\"692ff70740783b2ec7d7a540\"},{\"status\":\"added\",\"studentId\":\"6936728db3c5bc137dac7965\",\"classId\":\"692ff70740783b2ec7d7a540\"},{\"status\":\"added\",\"studentId\":\"6936728db3c5bc137dac7974\",\"classId\":\"692ff70740783b2ec7d7a540\"},{\"status\":\"added\",\"studentId\":\"6936728db3c5bc137dac7983\",\"classId\":\"692ff70740783b2ec7d7a540\"},{\"status\":\"added\",\"studentId\":\"6936728db3c5bc137dac7992\",\"classId\":\"692ff70740783b2ec7d7a540\"},{\"status\":\"added\",\"studentId\":\"6936728db3c5bc137dac79a1\",\"classId\":\"692ff70740783b2ec7d7a540\"},{\"status\":\"added\",\"studentId\":\"6936728db3c5bc137dac79b0\",\"classId\":\"692ff70740783b2ec7d7a540\"},{\"status\":\"added\",\"studentId\":\"6936728db3c5bc137dac79bf\",\"classId\":\"692ff70740783b2ec7d7a540\"},{\"status\":\"added\",\"studentId\":\"6936728eb3c5bc137dac79ce\",\"classId\":\"692ff70740783b2ec7d7a540\"},{\"status\":\"added\",\"studentId\":\"6936728eb3c5bc137dac79dd\",\"classId\":\"692ff70740783b2ec7d7a540\"},{\"status\":\"added\",\"studentId\":\"6936728eb3c5bc137dac79ec\",\"classId\":\"692ff70740783b2ec7d7a540\"},{\"status\":\"added\",\"studentId\":\"6936728eb3c5bc137dac79fb\",\"classId\":\"692ff70740783b2ec7d7a540\"},{\"status\":\"added\",\"studentId\":\"6936728eb3c5bc137dac7a0a\",\"classId\":\"692ff70740783b2ec7d7a540\"},{\"status\":\"added\",\"studentId\":\"6936728eb3c5bc137dac7a19\",\"classId\":\"692ff70740783b2ec7d7a540\"},{\"status\":\"added\",\"studentId\":\"6936728eb3c5bc137dac7a28\",\"classId\":\"692ff70740783b2ec7d7a540\"},{\"status\":\"added\",\"studentId\":\"6936728eb3c5bc137dac7a37\",\"classId\":\"692ff70740783b2ec7d7a540\"},{\"status\":\"added\",\"studentId\":\"6936728eb3c5bc137dac7a46\",\"classId\":\"692ff70840783b2ec7d7a543\"},{\"status\":\"added\",\"studentId\":\"6936728eb3c5bc137dac7a55\",\"classId\":\"692ff70840783b2ec7d7a543\"},{\"status\":\"added\",\"studentId\":\"6936728eb3c5bc137dac7a64\",\"classId\":\"692ff70840783b2ec7d7a543\"},{\"status\":\"added\",\"studentId\":\"6936728eb3c5bc137dac7a73\",\"classId\":\"692ff70840783b2ec7d7a543\"},{\"status\":\"added\",\"studentId\":\"6936728eb3c5bc137dac7a82\",\"classId\":\"692ff70840783b2ec7d7a543\"},{\"status\":\"added\",\"studentId\":\"6936728eb3c5bc137dac7a91\",\"classId\":\"692ff70840783b2ec7d7a543\"},{\"status\":\"added\",\"studentId\":\"6936728eb3c5bc137dac7aa0\",\"classId\":\"692ff70840783b2ec7d7a543\"},{\"status\":\"added\",\"studentId\":\"6936728eb3c5bc137dac7aaf\",\"classId\":\"692ff70840783b2ec7d7a543\"},{\"status\":\"added\",\"studentId\":\"6936728eb3c5bc137dac7abe\",\"classId\":\"692ff70840783b2ec7d7a543\"},{\"status\":\"added\",\"studentId\":\"6936728eb3c5bc137dac7acd\",\"classId\":\"692ff70840783b2ec7d7a543\"},{\"status\":\"added\",\"studentId\":\"6936728eb3c5bc137dac7adc\",\"classId\":\"692ff70840783b2ec7d7a543\"},{\"status\":\"added\",\"studentId\":\"6936728eb3c5bc137dac7aeb\",\"classId\":\"692ff70840783b2ec7d7a543\"},{\"status\":\"added\",\"studentId\":\"6936728fb3c5bc137dac7afa\",\"classId\":\"692ff70840783b2ec7d7a543\"},{\"status\":\"added\",\"studentId\":\"6936728fb3c5bc137dac7b09\",\"classId\":\"692ff70840783b2ec7d7a543\"},{\"status\":\"added\",\"studentId\":\"6936728fb3c5bc137dac7b18\",\"classId\":\"692ff70840783b2ec7d7a543\"},{\"status\":\"added\",\"studentId\":\"6936728fb3c5bc137dac7b27\",\"classId\":\"692ff70840783b2ec7d7a543\"},{\"status\":\"added\",\"studentId\":\"6936728fb3c5bc137dac7b36\",\"classId\":\"692ff70840783b2ec7d7a543\"},{\"status\":\"added\",\"studentId\":\"6936728fb3c5bc137dac7b45\",\"classId\":\"692ff70840783b2ec7d7a543\"},{\"status\":\"added\",\"studentId\":\"6936728fb3c5bc137dac7b54\",\"classId\":\"692ff70840783b2ec7d7a543\"},{\"status\":\"added\",\"studentId\":\"6936728fb3c5bc137dac7b63\",\"classId\":\"692ff70840783b2ec7d7a543\"},{\"status\":\"added\",\"studentId\":\"6936728fb3c5bc137dac7b72\",\"classId\":\"692ff70840783b2ec7d7a543\"},{\"status\":\"added\",\"studentId\":\"6936728fb3c5bc137dac7b81\",\"classId\":\"692ff70840783b2ec7d7a543\"},{\"status\":\"added\",\"studentId\":\"6936728fb3c5bc137dac7b90\",\"classId\":\"692ff70840783b2ec7d7a543\"},{\"status\":\"added\",\"studentId\":\"6936728fb3c5bc137dac7b9f\",\"classId\":\"692ff70840783b2ec7d7a543\"},{\"status\":\"added\",\"studentId\":\"6936728fb3c5bc137dac7bae\",\"classId\":\"692ff70840783b2ec7d7a543\"},{\"status\":\"added\",\"studentId\":\"6936728fb3c5bc137dac7bbd\",\"classId\":\"692ff70840783b2ec7d7a543\"},{\"status\":\"added\",\"studentId\":\"6936728fb3c5bc137dac7bcc\",\"classId\":\"692ff70840783b2ec7d7a543\"},{\"status\":\"added\",\"studentId\":\"6936728fb3c5bc137dac7bdb\",\"classId\":\"692ff70840783b2ec7d7a543\"},{\"status\":\"added\",\"studentId\":\"6936728fb3c5bc137dac7bea\",\"classId\":\"692ff70640783b2ec7d7a531\"},{\"status\":\"added\",\"studentId\":\"6936728fb3c5bc137dac7bf9\",\"classId\":\"692ff70640783b2ec7d7a531\"},{\"status\":\"added\",\"studentId\":\"6936728fb3c5bc137dac7c08\",\"classId\":\"692ff70640783b2ec7d7a531\"},{\"status\":\"added\",\"studentId\":\"6936728fb3c5bc137dac7c17\",\"classId\":\"692ff70640783b2ec7d7a531\"},{\"status\":\"added\",\"studentId\":\"6936728fb3c5bc137dac7c26\",\"classId\":\"692ff70640783b2ec7d7a531\"},{\"status\":\"added\",\"studentId\":\"6936728fb3c5bc137dac7c35\",\"classId\":\"692ff70640783b2ec7d7a531\"},{\"status\":\"added\",\"studentId\":\"69367290b3c5bc137dac7c44\",\"classId\":\"692ff70640783b2ec7d7a531\"},{\"status\":\"added\",\"studentId\":\"69367290b3c5bc137dac7c53\",\"classId\":\"692ff70640783b2ec7d7a531\"},{\"status\":\"added\",\"studentId\":\"69367290b3c5bc137dac7c62\",\"classId\":\"692ff70640783b2ec7d7a531\"},{\"status\":\"added\",\"studentId\":\"69367290b3c5bc137dac7c71\",\"classId\":\"692ff70640783b2ec7d7a531\"},{\"status\":\"added\",\"studentId\":\"69367290b3c5bc137dac7c80\",\"classId\":\"692ff70640783b2ec7d7a531\"},{\"status\":\"added\",\"studentId\":\"69367290b3c5bc137dac7c8f\",\"classId\":\"692ff70640783b2ec7d7a531\"},{\"status\":\"added\",\"studentId\":\"69367290b3c5bc137dac7c9e\",\"classId\":\"692ff70640783b2ec7d7a531\"},{\"status\":\"added\",\"studentId\":\"69367290b3c5bc137dac7cad\",\"classId\":\"692ff70640783b2ec7d7a531\"},{\"status\":\"added\",\"studentId\":\"69367290b3c5bc137dac7cbc\",\"classId\":\"692ff70640783b2ec7d7a531\"},{\"status\":\"added\",\"studentId\":\"69367290b3c5bc137dac7ccb\",\"classId\":\"692ff70640783b2ec7d7a531\"},{\"status\":\"added\",\"studentId\":\"69367290b3c5bc137dac7cda\",\"classId\":\"692ff70640783b2ec7d7a531\"},{\"status\":\"added\",\"studentId\":\"69367290b3c5bc137dac7ce9\",\"classId\":\"692ff70640783b2ec7d7a531\"},{\"status\":\"added\",\"studentId\":\"69367290b3c5bc137dac7cf8\",\"classId\":\"692ff70640783b2ec7d7a531\"},{\"status\":\"added\",\"studentId\":\"69367290b3c5bc137dac7d07\",\"classId\":\"692ff70640783b2ec7d7a531\"},{\"status\":\"added\",\"studentId\":\"69367290b3c5bc137dac7d16\",\"classId\":\"692ff70640783b2ec7d7a531\"},{\"status\":\"added\",\"studentId\":\"69367290b3c5bc137dac7d25\",\"classId\":\"692ff70640783b2ec7d7a531\"},{\"status\":\"added\",\"studentId\":\"69367290b3c5bc137dac7d34\",\"classId\":\"692ff70640783b2ec7d7a531\"},{\"status\":\"added\",\"studentId\":\"69367290b3c5bc137dac7d43\",\"classId\":\"692ff70640783b2ec7d7a531\"},{\"status\":\"added\",\"studentId\":\"69367290b3c5bc137dac7d52\",\"classId\":\"692ff70640783b2ec7d7a531\"},{\"status\":\"added\",\"studentId\":\"69367290b3c5bc137dac7d61\",\"classId\":\"692ff70640783b2ec7d7a531\"},{\"status\":\"added\",\"studentId\":\"69367290b3c5bc137dac7d70\",\"classId\":\"692ff70640783b2ec7d7a531\"},{\"status\":\"added\",\"studentId\":\"69367290b3c5bc137dac7d7f\",\"classId\":\"692ff70640783b2ec7d7a531\"},{\"status\":\"updated\",\"studentId\":\"69367290b3c5bc137dac7d7f\",\"classId\":\"692ff70640783b2ec7d7a534\"},{\"status\":\"added\",\"studentId\":\"69367291b3c5bc137dac7d9b\",\"classId\":\"692ff70640783b2ec7d7a534\"},{\"status\":\"added\",\"studentId\":\"69367291b3c5bc137dac7daa\",\"classId\":\"692ff70640783b2ec7d7a534\"},{\"status\":\"added\",\"studentId\":\"69367291b3c5bc137dac7db9\",\"classId\":\"692ff70640783b2ec7d7a534\"},{\"status\":\"added\",\"studentId\":\"69367291b3c5bc137dac7dc8\",\"classId\":\"692ff70640783b2ec7d7a534\"},{\"status\":\"added\",\"studentId\":\"69367291b3c5bc137dac7dd7\",\"classId\":\"692ff70640783b2ec7d7a534\"},{\"status\":\"added\",\"studentId\":\"69367291b3c5bc137dac7de6\",\"classId\":\"692ff70640783b2ec7d7a534\"},{\"status\":\"added\",\"studentId\":\"69367291b3c5bc137dac7df5\",\"classId\":\"692ff70640783b2ec7d7a534\"},{\"status\":\"added\",\"studentId\":\"69367291b3c5bc137dac7e04\",\"classId\":\"692ff70640783b2ec7d7a534\"},{\"status\":\"added\",\"studentId\":\"69367291b3c5bc137dac7e13\",\"classId\":\"692ff70640783b2ec7d7a534\"},{\"status\":\"added\",\"studentId\":\"69367291b3c5bc137dac7e22\",\"classId\":\"692ff70640783b2ec7d7a534\"},{\"status\":\"added\",\"studentId\":\"69367291b3c5bc137dac7e31\",\"classId\":\"692ff70640783b2ec7d7a534\"},{\"status\":\"added\",\"studentId\":\"69367291b3c5bc137dac7e40\",\"classId\":\"692ff70640783b2ec7d7a534\"},{\"status\":\"added\",\"studentId\":\"69367291b3c5bc137dac7e4f\",\"classId\":\"692ff70640783b2ec7d7a534\"},{\"status\":\"added\",\"studentId\":\"69367291b3c5bc137dac7e5e\",\"classId\":\"692ff70640783b2ec7d7a534\"},{\"status\":\"added\",\"studentId\":\"69367291b3c5bc137dac7e6d\",\"classId\":\"692ff70640783b2ec7d7a534\"},{\"status\":\"added\",\"studentId\":\"69367291b3c5bc137dac7e7c\",\"classId\":\"692ff70640783b2ec7d7a534\"},{\"status\":\"added\",\"studentId\":\"69367291b3c5bc137dac7e8b\",\"classId\":\"692ff70640783b2ec7d7a534\"},{\"status\":\"added\",\"studentId\":\"69367291b3c5bc137dac7e9a\",\"classId\":\"692ff70640783b2ec7d7a534\"},{\"status\":\"added\",\"studentId\":\"69367291b3c5bc137dac7ea9\",\"classId\":\"692ff70640783b2ec7d7a534\"},{\"status\":\"added\",\"studentId\":\"69367291b3c5bc137dac7eb8\",\"classId\":\"692ff70640783b2ec7d7a534\"},{\"status\":\"added\",\"studentId\":\"69367292b3c5bc137dac7ec7\",\"classId\":\"692ff70640783b2ec7d7a534\"},{\"status\":\"added\",\"studentId\":\"69367292b3c5bc137dac7ed6\",\"classId\":\"692ff70640783b2ec7d7a534\"},{\"status\":\"added\",\"studentId\":\"69367292b3c5bc137dac7ee5\",\"classId\":\"692ff70640783b2ec7d7a534\"},{\"status\":\"added\",\"studentId\":\"69367292b3c5bc137dac7ef4\",\"classId\":\"692ff70640783b2ec7d7a534\"},{\"status\":\"added\",\"studentId\":\"69367292b3c5bc137dac7f03\",\"classId\":\"692ff70640783b2ec7d7a534\"},{\"status\":\"added\",\"studentId\":\"69367292b3c5bc137dac7f12\",\"classId\":\"692ff70640783b2ec7d7a537\"},{\"status\":\"added\",\"studentId\":\"69367292b3c5bc137dac7f21\",\"classId\":\"692ff70640783b2ec7d7a537\"},{\"status\":\"added\",\"studentId\":\"69367292b3c5bc137dac7f30\",\"classId\":\"692ff70640783b2ec7d7a537\"},{\"status\":\"added\",\"studentId\":\"69367292b3c5bc137dac7f3f\",\"classId\":\"692ff70640783b2ec7d7a537\"},{\"status\":\"added\",\"studentId\":\"69367292b3c5bc137dac7f4e\",\"classId\":\"692ff70640783b2ec7d7a537\"},{\"status\":\"added\",\"studentId\":\"69367292b3c5bc137dac7f5d\",\"classId\":\"692ff70640783b2ec7d7a537\"},{\"status\":\"added\",\"studentId\":\"69367292b3c5bc137dac7f6c\",\"classId\":\"692ff70640783b2ec7d7a537\"},{\"status\":\"added\",\"studentId\":\"69367292b3c5bc137dac7f7b\",\"classId\":\"692ff70640783b2ec7d7a537\"},{\"status\":\"added\",\"studentId\":\"69367292b3c5bc137dac7f8a\",\"classId\":\"692ff70640783b2ec7d7a537\"},{\"status\":\"added\",\"studentId\":\"69367292b3c5bc137dac7f99\",\"classId\":\"692ff70640783b2ec7d7a537\"},{\"status\":\"added\",\"studentId\":\"69367292b3c5bc137dac7fa8\",\"classId\":\"692ff70640783b2ec7d7a537\"},{\"status\":\"added\",\"studentId\":\"69367292b3c5bc137dac7fb7\",\"classId\":\"692ff70640783b2ec7d7a537\"},{\"status\":\"updated\",\"studentId\":\"69367292b3c5bc137dac7fb7\",\"classId\":\"692ff70640783b2ec7d7a537\"},{\"status\":\"added\",\"studentId\":\"69367292b3c5bc137dac7fca\",\"classId\":\"692ff70640783b2ec7d7a537\"},{\"status\":\"added\",\"studentId\":\"69367292b3c5bc137dac7fd9\",\"classId\":\"692ff70640783b2ec7d7a537\"},{\"status\":\"added\",\"studentId\":\"69367292b3c5bc137dac7fe8\",\"classId\":\"692ff70640783b2ec7d7a537\"},{\"status\":\"added\",\"studentId\":\"69367292b3c5bc137dac7ff7\",\"classId\":\"692ff70640783b2ec7d7a537\"},{\"status\":\"added\",\"studentId\":\"69367293b3c5bc137dac8006\",\"classId\":\"692ff70640783b2ec7d7a537\"},{\"status\":\"added\",\"studentId\":\"69367293b3c5bc137dac8015\",\"classId\":\"692ff70640783b2ec7d7a537\"},{\"status\":\"added\",\"studentId\":\"69367293b3c5bc137dac8024\",\"classId\":\"692ff70640783b2ec7d7a537\"},{\"status\":\"added\",\"studentId\":\"69367293b3c5bc137dac8033\",\"classId\":\"692ff70640783b2ec7d7a537\"},{\"status\":\"added\",\"studentId\":\"69367293b3c5bc137dac8042\",\"classId\":\"692ff70640783b2ec7d7a537\"},{\"status\":\"added\",\"studentId\":\"69367293b3c5bc137dac8051\",\"classId\":\"692ff70640783b2ec7d7a537\"},{\"status\":\"added\",\"studentId\":\"69367293b3c5bc137dac8060\",\"classId\":\"692ff70640783b2ec7d7a537\"},{\"status\":\"added\",\"studentId\":\"69367293b3c5bc137dac806f\",\"classId\":\"692ff70640783b2ec7d7a537\"},{\"status\":\"added\",\"studentId\":\"69367293b3c5bc137dac807e\",\"classId\":\"692ff70640783b2ec7d7a537\"},{\"status\":\"added\",\"studentId\":\"69367293b3c5bc137dac808d\",\"classId\":\"692ff70640783b2ec7d7a537\"},{\"status\":\"added\",\"studentId\":\"69367293b3c5bc137dac809c\",\"classId\":\"692ff70840783b2ec7d7a549\"},{\"status\":\"added\",\"studentId\":\"69367293b3c5bc137dac80ab\",\"classId\":\"692ff70840783b2ec7d7a549\"},{\"status\":\"added\",\"studentId\":\"69367293b3c5bc137dac80ba\",\"classId\":\"692ff70840783b2ec7d7a549\"},{\"status\":\"added\",\"studentId\":\"69367293b3c5bc137dac80c9\",\"classId\":\"692ff70840783b2ec7d7a549\"},{\"status\":\"added\",\"studentId\":\"69367293b3c5bc137dac80d8\",\"classId\":\"692ff70840783b2ec7d7a549\"},{\"status\":\"added\",\"studentId\":\"69367293b3c5bc137dac80e7\",\"classId\":\"692ff70840783b2ec7d7a549\"},{\"status\":\"added\",\"studentId\":\"69367293b3c5bc137dac80f6\",\"classId\":\"692ff70840783b2ec7d7a549\"},{\"status\":\"added\",\"studentId\":\"69367293b3c5bc137dac8105\",\"classId\":\"692ff70840783b2ec7d7a549\"},{\"status\":\"added\",\"studentId\":\"69367293b3c5bc137dac8114\",\"classId\":\"692ff70840783b2ec7d7a549\"},{\"status\":\"added\",\"studentId\":\"69367293b3c5bc137dac8123\",\"classId\":\"692ff70840783b2ec7d7a549\"},{\"status\":\"added\",\"studentId\":\"69367293b3c5bc137dac8132\",\"classId\":\"692ff70840783b2ec7d7a549\"},{\"status\":\"added\",\"studentId\":\"69367293b3c5bc137dac8141\",\"classId\":\"692ff70840783b2ec7d7a549\"},{\"status\":\"added\",\"studentId\":\"69367294b3c5bc137dac8150\",\"classId\":\"692ff70840783b2ec7d7a549\"},{\"status\":\"added\",\"studentId\":\"69367294b3c5bc137dac815f\",\"classId\":\"692ff70840783b2ec7d7a549\"},{\"status\":\"added\",\"studentId\":\"69367294b3c5bc137dac816e\",\"classId\":\"692ff70840783b2ec7d7a549\"},{\"status\":\"added\",\"studentId\":\"69367294b3c5bc137dac817d\",\"classId\":\"692ff70840783b2ec7d7a549\"},{\"status\":\"added\",\"studentId\":\"69367294b3c5bc137dac818c\",\"classId\":\"692ff70840783b2ec7d7a549\"},{\"status\":\"added\",\"studentId\":\"69367294b3c5bc137dac819b\",\"classId\":\"692ff70840783b2ec7d7a549\"},{\"status\":\"added\",\"studentId\":\"69367294b3c5bc137dac81aa\",\"classId\":\"692ff70840783b2ec7d7a549\"},{\"status\":\"added\",\"studentId\":\"69367294b3c5bc137dac81b9\",\"classId\":\"692ff70840783b2ec7d7a549\"},{\"status\":\"added\",\"studentId\":\"69367294b3c5bc137dac81c8\",\"classId\":\"692ff70840783b2ec7d7a549\"},{\"status\":\"added\",\"studentId\":\"69367294b3c5bc137dac81d7\",\"classId\":\"692ff70840783b2ec7d7a549\"},{\"status\":\"added\",\"studentId\":\"69367294b3c5bc137dac81e6\",\"classId\":\"692ff70840783b2ec7d7a549\"},{\"status\":\"added\",\"studentId\":\"69367294b3c5bc137dac81f5\",\"classId\":\"692ff70840783b2ec7d7a549\"},{\"status\":\"added\",\"studentId\":\"69367294b3c5bc137dac8204\",\"classId\":\"692ff70840783b2ec7d7a549\"},{\"status\":\"added\",\"studentId\":\"69367294b3c5bc137dac8213\",\"classId\":\"692ff70840783b2ec7d7a549\"},{\"status\":\"added\",\"studentId\":\"69367294b3c5bc137dac8222\",\"classId\":\"692ff70940783b2ec7d7a54c\"},{\"status\":\"added\",\"studentId\":\"69367294b3c5bc137dac8231\",\"classId\":\"692ff70940783b2ec7d7a54c\"},{\"status\":\"added\",\"studentId\":\"69367294b3c5bc137dac8240\",\"classId\":\"692ff70940783b2ec7d7a54c\"},{\"status\":\"added\",\"studentId\":\"69367294b3c5bc137dac824f\",\"classId\":\"692ff70940783b2ec7d7a54c\"},{\"status\":\"added\",\"studentId\":\"69367294b3c5bc137dac825e\",\"classId\":\"692ff70940783b2ec7d7a54c\"},{\"status\":\"added\",\"studentId\":\"69367294b3c5bc137dac826d\",\"classId\":\"692ff70940783b2ec7d7a54c\"},{\"status\":\"added\",\"studentId\":\"69367294b3c5bc137dac827c\",\"classId\":\"692ff70940783b2ec7d7a54c\"},{\"status\":\"added\",\"studentId\":\"69367295b3c5bc137dac828b\",\"classId\":\"692ff70940783b2ec7d7a54c\"},{\"status\":\"added\",\"studentId\":\"69367295b3c5bc137dac829a\",\"classId\":\"692ff70940783b2ec7d7a54c\"},{\"status\":\"added\",\"studentId\":\"69367295b3c5bc137dac82a9\",\"classId\":\"692ff70940783b2ec7d7a54c\"},{\"status\":\"added\",\"studentId\":\"69367295b3c5bc137dac82b8\",\"classId\":\"692ff70940783b2ec7d7a54c\"},{\"status\":\"added\",\"studentId\":\"69367295b3c5bc137dac82c7\",\"classId\":\"692ff70940783b2ec7d7a54c\"},{\"status\":\"added\",\"studentId\":\"69367295b3c5bc137dac82d6\",\"classId\":\"692ff70940783b2ec7d7a54c\"},{\"status\":\"added\",\"studentId\":\"69367295b3c5bc137dac82e5\",\"classId\":\"692ff70940783b2ec7d7a54c\"},{\"status\":\"added\",\"studentId\":\"69367295b3c5bc137dac82f4\",\"classId\":\"692ff70940783b2ec7d7a54c\"},{\"status\":\"added\",\"studentId\":\"69367295b3c5bc137dac8303\",\"classId\":\"692ff70940783b2ec7d7a54c\"},{\"status\":\"added\",\"studentId\":\"69367295b3c5bc137dac8312\",\"classId\":\"692ff70940783b2ec7d7a54c\"},{\"status\":\"added\",\"studentId\":\"69367295b3c5bc137dac8321\",\"classId\":\"692ff70940783b2ec7d7a54c\"},{\"status\":\"added\",\"studentId\":\"69367295b3c5bc137dac8330\",\"classId\":\"692ff70940783b2ec7d7a54c\"},{\"status\":\"added\",\"studentId\":\"69367295b3c5bc137dac833f\",\"classId\":\"692ff70940783b2ec7d7a54c\"},{\"status\":\"added\",\"studentId\":\"69367295b3c5bc137dac834e\",\"classId\":\"692ff70940783b2ec7d7a54c\"},{\"status\":\"updated\",\"studentId\":\"69367295b3c5bc137dac834e\",\"classId\":\"692ff70940783b2ec7d7a54c\"},{\"status\":\"added\",\"studentId\":\"69367295b3c5bc137dac8361\",\"classId\":\"692ff70940783b2ec7d7a54c\"},{\"status\":\"added\",\"studentId\":\"69367295b3c5bc137dac8370\",\"classId\":\"692ff70940783b2ec7d7a54c\"},{\"status\":\"added\",\"studentId\":\"69367295b3c5bc137dac837f\",\"classId\":\"692ff70940783b2ec7d7a54c\"},{\"status\":\"added\",\"studentId\":\"69367295b3c5bc137dac838e\",\"classId\":\"692ff70940783b2ec7d7a54c\"},{\"status\":\"added\",\"studentId\":\"69367295b3c5bc137dac839d\",\"classId\":\"692ff70940783b2ec7d7a54c\"},{\"status\":\"added\",\"studentId\":\"69367295b3c5bc137dac83ac\",\"classId\":\"692ff70940783b2ec7d7a54c\"},{\"status\":\"added\",\"studentId\":\"69367295b3c5bc137dac83bb\",\"classId\":\"692ff70940783b2ec7d7a54c\"},{\"status\":\"added\",\"studentId\":\"69367295b3c5bc137dac83ca\",\"classId\":\"692ff70940783b2ec7d7a54c\"},{\"status\":\"added\",\"studentId\":\"69367295b3c5bc137dac83d9\",\"classId\":\"692ff70940783b2ec7d7a54f\"},{\"status\":\"added\",\"studentId\":\"69367296b3c5bc137dac83e8\",\"classId\":\"692ff70940783b2ec7d7a54f\"},{\"status\":\"added\",\"studentId\":\"69367296b3c5bc137dac83f7\",\"classId\":\"692ff70940783b2ec7d7a54f\"},{\"status\":\"added\",\"studentId\":\"69367296b3c5bc137dac8406\",\"classId\":\"692ff70940783b2ec7d7a54f\"},{\"status\":\"added\",\"studentId\":\"69367296b3c5bc137dac8415\",\"classId\":\"692ff70940783b2ec7d7a54f\"},{\"status\":\"added\",\"studentId\":\"69367296b3c5bc137dac8424\",\"classId\":\"692ff70940783b2ec7d7a54f\"},{\"status\":\"added\",\"studentId\":\"69367296b3c5bc137dac8433\",\"classId\":\"692ff70940783b2ec7d7a54f\"},{\"status\":\"added\",\"studentId\":\"69367296b3c5bc137dac8442\",\"classId\":\"692ff70940783b2ec7d7a54f\"},{\"status\":\"added\",\"studentId\":\"69367296b3c5bc137dac8451\",\"classId\":\"692ff70940783b2ec7d7a54f\"},{\"status\":\"added\",\"studentId\":\"69367296b3c5bc137dac8460\",\"classId\":\"692ff70940783b2ec7d7a54f\"},{\"status\":\"added\",\"studentId\":\"69367296b3c5bc137dac846f\",\"classId\":\"692ff70940783b2ec7d7a54f\"},{\"status\":\"added\",\"studentId\":\"69367296b3c5bc137dac847e\",\"classId\":\"692ff70940783b2ec7d7a54f\"},{\"status\":\"added\",\"studentId\":\"69367296b3c5bc137dac848d\",\"classId\":\"692ff70940783b2ec7d7a54f\"},{\"status\":\"added\",\"studentId\":\"69367296b3c5bc137dac849c\",\"classId\":\"692ff70940783b2ec7d7a54f\"},{\"status\":\"added\",\"studentId\":\"69367296b3c5bc137dac84ab\",\"classId\":\"692ff70940783b2ec7d7a54f\"},{\"status\":\"added\",\"studentId\":\"69367296b3c5bc137dac84ba\",\"classId\":\"692ff70940783b2ec7d7a54f\"},{\"status\":\"added\",\"studentId\":\"69367296b3c5bc137dac84c9\",\"classId\":\"692ff70940783b2ec7d7a54f\"},{\"status\":\"added\",\"studentId\":\"69367296b3c5bc137dac84d8\",\"classId\":\"692ff70940783b2ec7d7a54f\"},{\"status\":\"added\",\"studentId\":\"69367296b3c5bc137dac84e7\",\"classId\":\"692ff70940783b2ec7d7a54f\"},{\"status\":\"added\",\"studentId\":\"69367296b3c5bc137dac84f6\",\"classId\":\"692ff70940783b2ec7d7a54f\"},{\"status\":\"added\",\"studentId\":\"69367296b3c5bc137dac8505\",\"classId\":\"692ff70940783b2ec7d7a54f\"},{\"status\":\"added\",\"studentId\":\"69367296b3c5bc137dac8514\",\"classId\":\"692ff70940783b2ec7d7a54f\"},{\"status\":\"added\",\"studentId\":\"69367297b3c5bc137dac8523\",\"classId\":\"692ff70940783b2ec7d7a54f\"},{\"status\":\"added\",\"studentId\":\"69367297b3c5bc137dac8532\",\"classId\":\"692ff70940783b2ec7d7a54f\"},{\"status\":\"added\",\"studentId\":\"69367297b3c5bc137dac8541\",\"classId\":\"692ff70940783b2ec7d7a54f\"},{\"status\":\"added\",\"studentId\":\"69367297b3c5bc137dac8550\",\"classId\":\"692ff70940783b2ec7d7a54f\"},{\"status\":\"added\",\"studentId\":\"69367297b3c5bc137dac855f\",\"classId\":\"692ff70940783b2ec7d7a54f\"},{\"status\":\"added\",\"studentId\":\"69367297b3c5bc137dac856e\",\"classId\":\"692ff70940783b2ec7d7a54f\"},{\"status\":\"added\",\"studentId\":\"69367297b3c5bc137dac857d\",\"classId\":\"692ff70940783b2ec7d7a54f\"},{\"status\":\"added\",\"studentId\":\"69367297b3c5bc137dac858c\",\"classId\":\"692ff70940783b2ec7d7a552\"},{\"status\":\"added\",\"studentId\":\"69367297b3c5bc137dac859b\",\"classId\":\"692ff70940783b2ec7d7a552\"},{\"status\":\"added\",\"studentId\":\"69367297b3c5bc137dac85aa\",\"classId\":\"692ff70940783b2ec7d7a552\"},{\"status\":\"added\",\"studentId\":\"69367297b3c5bc137dac85b9\",\"classId\":\"692ff70940783b2ec7d7a552\"},{\"status\":\"added\",\"studentId\":\"69367297b3c5bc137dac85c8\",\"classId\":\"692ff70940783b2ec7d7a552\"},{\"status\":\"added\",\"studentId\":\"69367297b3c5bc137dac85d7\",\"classId\":\"692ff70940783b2ec7d7a552\"},{\"status\":\"updated\",\"studentId\":\"69367297b3c5bc137dac85d7\",\"classId\":\"692ff70940783b2ec7d7a552\"},{\"status\":\"updated\",\"studentId\":\"69367297b3c5bc137dac85d7\",\"classId\":\"692ff70940783b2ec7d7a552\"},{\"status\":\"updated\",\"studentId\":\"69367297b3c5bc137dac85d7\",\"classId\":\"692ff70940783b2ec7d7a552\"},{\"status\":\"added\",\"studentId\":\"69367297b3c5bc137dac85f2\",\"classId\":\"692ff70940783b2ec7d7a552\"},{\"status\":\"added\",\"studentId\":\"69367297b3c5bc137dac8601\",\"classId\":\"692ff70940783b2ec7d7a552\"},{\"status\":\"added\",\"studentId\":\"69367297b3c5bc137dac8610\",\"classId\":\"692ff70940783b2ec7d7a552\"},{\"status\":\"added\",\"studentId\":\"69367297b3c5bc137dac861f\",\"classId\":\"692ff70940783b2ec7d7a552\"},{\"status\":\"added\",\"studentId\":\"69367297b3c5bc137dac862e\",\"classId\":\"692ff70940783b2ec7d7a552\"},{\"status\":\"added\",\"studentId\":\"69367297b3c5bc137dac863d\",\"classId\":\"692ff70940783b2ec7d7a552\"},{\"status\":\"added\",\"studentId\":\"69367297b3c5bc137dac864c\",\"classId\":\"692ff70940783b2ec7d7a552\"},{\"status\":\"added\",\"studentId\":\"69367297b3c5bc137dac865b\",\"classId\":\"692ff70940783b2ec7d7a552\"},{\"status\":\"added\",\"studentId\":\"69367298b3c5bc137dac866a\",\"classId\":\"692ff70940783b2ec7d7a552\"},{\"status\":\"added\",\"studentId\":\"69367298b3c5bc137dac8679\",\"classId\":\"692ff70940783b2ec7d7a552\"},{\"status\":\"added\",\"studentId\":\"69367298b3c5bc137dac8688\",\"classId\":\"692ff70940783b2ec7d7a552\"},{\"status\":\"added\",\"studentId\":\"69367298b3c5bc137dac8697\",\"classId\":\"692ff70940783b2ec7d7a552\"},{\"status\":\"updated\",\"studentId\":\"69367298b3c5bc137dac8697\",\"classId\":\"692ff70940783b2ec7d7a552\"},{\"status\":\"added\",\"studentId\":\"69367298b3c5bc137dac86aa\",\"classId\":\"692ff70940783b2ec7d7a552\"},{\"status\":\"added\",\"studentId\":\"69367298b3c5bc137dac86b9\",\"classId\":\"692ff70940783b2ec7d7a552\"},{\"status\":\"added\",\"studentId\":\"69367298b3c5bc137dac86c8\",\"classId\":\"692ff70940783b2ec7d7a552\"},{\"status\":\"added\",\"studentId\":\"69367298b3c5bc137dac86d7\",\"classId\":\"692ff70940783b2ec7d7a552\"},{\"status\":\"added\",\"studentId\":\"69367298b3c5bc137dac86e6\",\"classId\":\"692ff70940783b2ec7d7a552\"},{\"status\":\"added\",\"studentId\":\"69367298b3c5bc137dac86f5\",\"classId\":\"692ff70940783b2ec7d7a552\"},{\"status\":\"updated\",\"studentId\":\"69367298b3c5bc137dac86f5\",\"classId\":\"692ff70940783b2ec7d7a552\"},{\"status\":\"added\",\"studentId\":\"69367298b3c5bc137dac8708\",\"classId\":\"692ff70940783b2ec7d7a552\"},{\"status\":\"added\",\"studentId\":\"69367298b3c5bc137dac8717\",\"classId\":\"692ff70940783b2ec7d7a552\"},{\"status\":\"added\",\"studentId\":\"69367298b3c5bc137dac8726\",\"classId\":\"692ff70940783b2ec7d7a552\"},{\"status\":\"added\",\"studentId\":\"69367298b3c5bc137dac8735\",\"classId\":\"692ff70940783b2ec7d7a552\"},{\"status\":\"updated\",\"studentId\":\"69367298b3c5bc137dac8735\",\"classId\":\"692ff70940783b2ec7d7a552\"},{\"status\":\"added\",\"studentId\":\"69367298b3c5bc137dac8748\",\"classId\":\"692ff70940783b2ec7d7a552\"},{\"status\":\"added\",\"studentId\":\"69367298b3c5bc137dac8757\",\"classId\":\"692ff70940783b2ec7d7a552\"},{\"status\":\"added\",\"studentId\":\"69367298b3c5bc137dac8766\",\"classId\":\"692ff70740783b2ec7d7a53a\"},{\"status\":\"added\",\"studentId\":\"69367298b3c5bc137dac8775\",\"classId\":\"692ff70740783b2ec7d7a53a\"},{\"status\":\"added\",\"studentId\":\"69367298b3c5bc137dac8784\",\"classId\":\"692ff70740783b2ec7d7a53a\"},{\"status\":\"added\",\"studentId\":\"69367298b3c5bc137dac8793\",\"classId\":\"692ff70740783b2ec7d7a53a\"},{\"status\":\"added\",\"studentId\":\"69367298b3c5bc137dac87a2\",\"classId\":\"692ff70740783b2ec7d7a53a\"},{\"status\":\"added\",\"studentId\":\"69367298b3c5bc137dac87b1\",\"classId\":\"692ff70740783b2ec7d7a53a\"},{\"status\":\"added\",\"studentId\":\"69367299b3c5bc137dac87c0\",\"classId\":\"692ff70740783b2ec7d7a53a\"},{\"status\":\"added\",\"studentId\":\"69367299b3c5bc137dac87cf\",\"classId\":\"692ff70740783b2ec7d7a53a\"},{\"status\":\"added\",\"studentId\":\"69367299b3c5bc137dac87de\",\"classId\":\"692ff70740783b2ec7d7a53a\"},{\"status\":\"added\",\"studentId\":\"69367299b3c5bc137dac87ed\",\"classId\":\"692ff70740783b2ec7d7a53a\"},{\"status\":\"added\",\"studentId\":\"69367299b3c5bc137dac87fc\",\"classId\":\"692ff70740783b2ec7d7a53a\"},{\"status\":\"added\",\"studentId\":\"69367299b3c5bc137dac880b\",\"classId\":\"692ff70740783b2ec7d7a53a\"},{\"status\":\"added\",\"studentId\":\"69367299b3c5bc137dac881a\",\"classId\":\"692ff70740783b2ec7d7a53a\"},{\"status\":\"added\",\"studentId\":\"69367299b3c5bc137dac8829\",\"classId\":\"692ff70740783b2ec7d7a53a\"},{\"status\":\"added\",\"studentId\":\"69367299b3c5bc137dac8838\",\"classId\":\"692ff70740783b2ec7d7a53a\"},{\"status\":\"added\",\"studentId\":\"69367299b3c5bc137dac8847\",\"classId\":\"692ff70740783b2ec7d7a53a\"},{\"status\":\"added\",\"studentId\":\"69367299b3c5bc137dac8856\",\"classId\":\"692ff70740783b2ec7d7a53a\"},{\"status\":\"added\",\"studentId\":\"69367299b3c5bc137dac8865\",\"classId\":\"692ff70740783b2ec7d7a53a\"},{\"status\":\"added\",\"studentId\":\"69367299b3c5bc137dac8874\",\"classId\":\"692ff70740783b2ec7d7a53a\"},{\"status\":\"added\",\"studentId\":\"69367299b3c5bc137dac8883\",\"classId\":\"692ff70740783b2ec7d7a53a\"},{\"status\":\"added\",\"studentId\":\"69367299b3c5bc137dac8892\",\"classId\":\"692ff70740783b2ec7d7a53a\"},{\"status\":\"added\",\"studentId\":\"69367299b3c5bc137dac88a1\",\"classId\":\"692ff70740783b2ec7d7a53a\"},{\"status\":\"added\",\"studentId\":\"69367299b3c5bc137dac88b0\",\"classId\":\"69367299b3c5bc137dac88b3\"},{\"status\":\"added\",\"studentId\":\"69367299b3c5bc137dac88b9\",\"classId\":\"69367299b3c5bc137dac88b3\"},{\"status\":\"added\",\"studentId\":\"69367299b3c5bc137dac88c0\",\"classId\":\"69367299b3c5bc137dac88b3\"},{\"status\":\"added\",\"studentId\":\"69367299b3c5bc137dac88c7\",\"classId\":\"69367299b3c5bc137dac88b3\"},{\"status\":\"added\",\"studentId\":\"69367299b3c5bc137dac88ce\",\"classId\":\"69367299b3c5bc137dac88b3\"},{\"status\":\"added\",\"studentId\":\"69367299b3c5bc137dac88d5\",\"classId\":\"69367299b3c5bc137dac88b3\"},{\"status\":\"added\",\"studentId\":\"69367299b3c5bc137dac88dc\",\"classId\":\"69367299b3c5bc137dac88b3\"},{\"status\":\"added\",\"studentId\":\"69367299b3c5bc137dac88e3\",\"classId\":\"69367299b3c5bc137dac88b3\"},{\"status\":\"added\",\"studentId\":\"69367299b3c5bc137dac88ea\",\"classId\":\"69367299b3c5bc137dac88b3\"},{\"status\":\"added\",\"studentId\":\"69367299b3c5bc137dac88f1\",\"classId\":\"69367299b3c5bc137dac88b3\"},{\"status\":\"added\",\"studentId\":\"69367299b3c5bc137dac88f8\",\"classId\":\"69367299b3c5bc137dac88b3\"},{\"status\":\"added\",\"studentId\":\"69367299b3c5bc137dac88ff\",\"classId\":\"69367299b3c5bc137dac88b3\"},{\"status\":\"added\",\"studentId\":\"69367299b3c5bc137dac8906\",\"classId\":\"69367299b3c5bc137dac88b3\"},{\"status\":\"added\",\"studentId\":\"69367299b3c5bc137dac890d\",\"classId\":\"69367299b3c5bc137dac88b3\"},{\"status\":\"added\",\"studentId\":\"69367299b3c5bc137dac8914\",\"classId\":\"69367299b3c5bc137dac88b3\"},{\"status\":\"added\",\"studentId\":\"69367299b3c5bc137dac891b\",\"classId\":\"69367299b3c5bc137dac88b3\"},{\"status\":\"added\",\"studentId\":\"69367299b3c5bc137dac8922\",\"classId\":\"69367299b3c5bc137dac88b3\"},{\"status\":\"added\",\"studentId\":\"69367299b3c5bc137dac8929\",\"classId\":\"69367299b3c5bc137dac88b3\"},{\"status\":\"added\",\"studentId\":\"69367299b3c5bc137dac8930\",\"classId\":\"69367299b3c5bc137dac88b3\"},{\"status\":\"added\",\"studentId\":\"69367299b3c5bc137dac8937\",\"classId\":\"69367299b3c5bc137dac88b3\"},{\"status\":\"added\",\"studentId\":\"69367299b3c5bc137dac893e\",\"classId\":\"69367299b3c5bc137dac88b3\"},{\"status\":\"added\",\"studentId\":\"69367299b3c5bc137dac8945\",\"classId\":\"69367299b3c5bc137dac88b3\"},{\"status\":\"added\",\"studentId\":\"69367299b3c5bc137dac894c\",\"classId\":\"69367299b3c5bc137dac88b3\"},{\"status\":\"added\",\"studentId\":\"69367299b3c5bc137dac8953\",\"classId\":\"69367299b3c5bc137dac88b3\"},{\"status\":\"added\",\"studentId\":\"69367299b3c5bc137dac895a\",\"classId\":\"69367299b3c5bc137dac88b3\"},{\"status\":\"added\",\"studentId\":\"69367299b3c5bc137dac8961\",\"classId\":\"69367299b3c5bc137dac88b3\"},{\"status\":\"added\",\"studentId\":\"69367299b3c5bc137dac8968\",\"classId\":\"69367299b3c5bc137dac88b3\"}]",
    "startedAt": "2025-12-08T06:39:21.885Z",
    "finishedAt": "2025-12-08T06:39:21.885Z",
    "__v": 0
  },
  {
    "_id": "69368a5ec170178555bbf069",
    "addedCount": 334,
    "updatedCount": 9,
    "errorCount": 0,
    "reportJson": "[{\"status\":\"added\",\"studentId\":\"69368a5dc170178555bbe258\",\"classId\":\"692ff70740783b2ec7d7a53d\"},{\"status\":\"added\",\"studentId\":\"69368a5dc170178555bbe261\",\"classId\":\"692ff70740783b2ec7d7a53d\"},{\"status\":\"added\",\"studentId\":\"69368a5dc170178555bbe26c\",\"classId\":\"692ff70740783b2ec7d7a53d\"},{\"status\":\"added\",\"studentId\":\"69368a5dc170178555bbe277\",\"classId\":\"692ff70740783b2ec7d7a53d\"},{\"status\":\"added\",\"studentId\":\"69368a5dc170178555bbe282\",\"classId\":\"692ff70740783b2ec7d7a53d\"},{\"status\":\"added\",\"studentId\":\"69368a5dc170178555bbe28d\",\"classId\":\"692ff70740783b2ec7d7a53d\"},{\"status\":\"added\",\"studentId\":\"69368a5dc170178555bbe298\",\"classId\":\"692ff70740783b2ec7d7a53d\"},{\"status\":\"added\",\"studentId\":\"69368a5dc170178555bbe2a3\",\"classId\":\"692ff70740783b2ec7d7a53d\"},{\"status\":\"added\",\"studentId\":\"69368a5dc170178555bbe2ae\",\"classId\":\"692ff70740783b2ec7d7a53d\"},{\"status\":\"added\",\"studentId\":\"69368a5dc170178555bbe2b9\",\"classId\":\"692ff70740783b2ec7d7a53d\"},{\"status\":\"added\",\"studentId\":\"69368a5dc170178555bbe2c4\",\"classId\":\"692ff70740783b2ec7d7a53d\"},{\"status\":\"added\",\"studentId\":\"69368a5dc170178555bbe2cf\",\"classId\":\"692ff70740783b2ec7d7a53d\"},{\"status\":\"added\",\"studentId\":\"69368a5dc170178555bbe2da\",\"classId\":\"692ff70740783b2ec7d7a53d\"},{\"status\":\"added\",\"studentId\":\"69368a5dc170178555bbe2e5\",\"classId\":\"692ff70740783b2ec7d7a53d\"},{\"status\":\"added\",\"studentId\":\"69368a5dc170178555bbe2f0\",\"classId\":\"692ff70740783b2ec7d7a53d\"},{\"status\":\"added\",\"studentId\":\"69368a5dc170178555bbe2fb\",\"classId\":\"692ff70740783b2ec7d7a53d\"},{\"status\":\"added\",\"studentId\":\"69368a5dc170178555bbe306\",\"classId\":\"692ff70740783b2ec7d7a53d\"},{\"status\":\"added\",\"studentId\":\"69368a5dc170178555bbe311\",\"classId\":\"692ff70740783b2ec7d7a53d\"},{\"status\":\"added\",\"studentId\":\"69368a5dc170178555bbe31c\",\"classId\":\"692ff70740783b2ec7d7a53d\"},{\"status\":\"added\",\"studentId\":\"69368a5dc170178555bbe327\",\"classId\":\"692ff70740783b2ec7d7a53d\"},{\"status\":\"added\",\"studentId\":\"69368a5dc170178555bbe332\",\"classId\":\"692ff70740783b2ec7d7a53d\"},{\"status\":\"added\",\"studentId\":\"69368a5dc170178555bbe33d\",\"classId\":\"692ff70740783b2ec7d7a53d\"},{\"status\":\"added\",\"studentId\":\"69368a5dc170178555bbe348\",\"classId\":\"692ff70740783b2ec7d7a53d\"},{\"status\":\"added\",\"studentId\":\"69368a5dc170178555bbe353\",\"classId\":\"692ff70740783b2ec7d7a53d\"},{\"status\":\"added\",\"studentId\":\"69368a5dc170178555bbe35e\",\"classId\":\"692ff70740783b2ec7d7a53d\"},{\"status\":\"added\",\"studentId\":\"69368a5dc170178555bbe369\",\"classId\":\"692ff70740783b2ec7d7a53d\"},{\"status\":\"added\",\"studentId\":\"69368a5dc170178555bbe374\",\"classId\":\"692ff70740783b2ec7d7a53d\"},{\"status\":\"added\",\"studentId\":\"69368a5dc170178555bbe37f\",\"classId\":\"692ff70740783b2ec7d7a53d\"},{\"status\":\"added\",\"studentId\":\"69368a5dc170178555bbe38a\",\"classId\":\"692ff70740783b2ec7d7a53d\"},{\"status\":\"added\",\"studentId\":\"69368a5dc170178555bbe395\",\"classId\":\"692ff70740783b2ec7d7a53d\"},{\"status\":\"added\",\"studentId\":\"69368a5dc170178555bbe3a0\",\"classId\":\"692ff70740783b2ec7d7a53d\"},{\"status\":\"added\",\"studentId\":\"69368a5dc170178555bbe3ab\",\"classId\":\"692ff70740783b2ec7d7a53d\"},{\"status\":\"added\",\"studentId\":\"69368a5dc170178555bbe3b6\",\"classId\":\"692ff70740783b2ec7d7a53d\"},{\"status\":\"added\",\"studentId\":\"69368a5dc170178555bbe3c1\",\"classId\":\"692ff70740783b2ec7d7a540\"},{\"status\":\"added\",\"studentId\":\"69368a5dc170178555bbe3cc\",\"classId\":\"692ff70740783b2ec7d7a540\"},{\"status\":\"added\",\"studentId\":\"69368a5dc170178555bbe3d7\",\"classId\":\"692ff70740783b2ec7d7a540\"},{\"status\":\"added\",\"studentId\":\"69368a5dc170178555bbe3e2\",\"classId\":\"692ff70740783b2ec7d7a540\"},{\"status\":\"added\",\"studentId\":\"69368a5dc170178555bbe3ed\",\"classId\":\"692ff70740783b2ec7d7a540\"},{\"status\":\"added\",\"studentId\":\"69368a5dc170178555bbe3f8\",\"classId\":\"692ff70740783b2ec7d7a540\"},{\"status\":\"added\",\"studentId\":\"69368a5dc170178555bbe403\",\"classId\":\"692ff70740783b2ec7d7a540\"},{\"status\":\"added\",\"studentId\":\"69368a5dc170178555bbe40e\",\"classId\":\"692ff70740783b2ec7d7a540\"},{\"status\":\"added\",\"studentId\":\"69368a5dc170178555bbe419\",\"classId\":\"692ff70740783b2ec7d7a540\"},{\"status\":\"added\",\"studentId\":\"69368a5dc170178555bbe424\",\"classId\":\"692ff70740783b2ec7d7a540\"},{\"status\":\"added\",\"studentId\":\"69368a5dc170178555bbe42f\",\"classId\":\"692ff70740783b2ec7d7a540\"},{\"status\":\"added\",\"studentId\":\"69368a5dc170178555bbe43a\",\"classId\":\"692ff70740783b2ec7d7a540\"},{\"status\":\"added\",\"studentId\":\"69368a5dc170178555bbe445\",\"classId\":\"692ff70740783b2ec7d7a540\"},{\"status\":\"added\",\"studentId\":\"69368a5dc170178555bbe450\",\"classId\":\"692ff70740783b2ec7d7a540\"},{\"status\":\"added\",\"studentId\":\"69368a5dc170178555bbe45b\",\"classId\":\"692ff70740783b2ec7d7a540\"},{\"status\":\"added\",\"studentId\":\"69368a5dc170178555bbe466\",\"classId\":\"692ff70740783b2ec7d7a540\"},{\"status\":\"added\",\"studentId\":\"69368a5dc170178555bbe471\",\"classId\":\"692ff70740783b2ec7d7a540\"},{\"status\":\"added\",\"studentId\":\"69368a5dc170178555bbe47c\",\"classId\":\"692ff70740783b2ec7d7a540\"},{\"status\":\"added\",\"studentId\":\"69368a5dc170178555bbe487\",\"classId\":\"692ff70740783b2ec7d7a540\"},{\"status\":\"added\",\"studentId\":\"69368a5dc170178555bbe492\",\"classId\":\"692ff70740783b2ec7d7a540\"},{\"status\":\"added\",\"studentId\":\"69368a5dc170178555bbe49d\",\"classId\":\"692ff70740783b2ec7d7a540\"},{\"status\":\"added\",\"studentId\":\"69368a5dc170178555bbe4a8\",\"classId\":\"692ff70740783b2ec7d7a540\"},{\"status\":\"added\",\"studentId\":\"69368a5dc170178555bbe4b3\",\"classId\":\"692ff70740783b2ec7d7a540\"},{\"status\":\"added\",\"studentId\":\"69368a5dc170178555bbe4be\",\"classId\":\"692ff70740783b2ec7d7a540\"},{\"status\":\"added\",\"studentId\":\"69368a5dc170178555bbe4c9\",\"classId\":\"692ff70740783b2ec7d7a540\"},{\"status\":\"added\",\"studentId\":\"69368a5dc170178555bbe4d4\",\"classId\":\"692ff70740783b2ec7d7a540\"},{\"status\":\"added\",\"studentId\":\"69368a5dc170178555bbe4df\",\"classId\":\"692ff70740783b2ec7d7a540\"},{\"status\":\"added\",\"studentId\":\"69368a5dc170178555bbe4ea\",\"classId\":\"692ff70740783b2ec7d7a540\"},{\"status\":\"added\",\"studentId\":\"69368a5dc170178555bbe4f5\",\"classId\":\"692ff70740783b2ec7d7a540\"},{\"status\":\"added\",\"studentId\":\"69368a5dc170178555bbe500\",\"classId\":\"692ff70740783b2ec7d7a540\"},{\"status\":\"added\",\"studentId\":\"69368a5dc170178555bbe50b\",\"classId\":\"692ff70740783b2ec7d7a540\"},{\"status\":\"added\",\"studentId\":\"69368a5dc170178555bbe516\",\"classId\":\"692ff70840783b2ec7d7a543\"},{\"status\":\"added\",\"studentId\":\"69368a5dc170178555bbe521\",\"classId\":\"692ff70840783b2ec7d7a543\"},{\"status\":\"added\",\"studentId\":\"69368a5dc170178555bbe52c\",\"classId\":\"692ff70840783b2ec7d7a543\"},{\"status\":\"added\",\"studentId\":\"69368a5dc170178555bbe537\",\"classId\":\"692ff70840783b2ec7d7a543\"},{\"status\":\"added\",\"studentId\":\"69368a5dc170178555bbe542\",\"classId\":\"692ff70840783b2ec7d7a543\"},{\"status\":\"added\",\"studentId\":\"69368a5dc170178555bbe54d\",\"classId\":\"692ff70840783b2ec7d7a543\"},{\"status\":\"added\",\"studentId\":\"69368a5dc170178555bbe558\",\"classId\":\"692ff70840783b2ec7d7a543\"},{\"status\":\"added\",\"studentId\":\"69368a5dc170178555bbe563\",\"classId\":\"692ff70840783b2ec7d7a543\"},{\"status\":\"added\",\"studentId\":\"69368a5dc170178555bbe56e\",\"classId\":\"692ff70840783b2ec7d7a543\"},{\"status\":\"added\",\"studentId\":\"69368a5dc170178555bbe579\",\"classId\":\"692ff70840783b2ec7d7a543\"},{\"status\":\"added\",\"studentId\":\"69368a5dc170178555bbe584\",\"classId\":\"692ff70840783b2ec7d7a543\"},{\"status\":\"added\",\"studentId\":\"69368a5dc170178555bbe58f\",\"classId\":\"692ff70840783b2ec7d7a543\"},{\"status\":\"added\",\"studentId\":\"69368a5dc170178555bbe59a\",\"classId\":\"692ff70840783b2ec7d7a543\"},{\"status\":\"added\",\"studentId\":\"69368a5dc170178555bbe5a5\",\"classId\":\"692ff70840783b2ec7d7a543\"},{\"status\":\"added\",\"studentId\":\"69368a5dc170178555bbe5b0\",\"classId\":\"692ff70840783b2ec7d7a543\"},{\"status\":\"added\",\"studentId\":\"69368a5dc170178555bbe5bb\",\"classId\":\"692ff70840783b2ec7d7a543\"},{\"status\":\"added\",\"studentId\":\"69368a5dc170178555bbe5c6\",\"classId\":\"692ff70840783b2ec7d7a543\"},{\"status\":\"added\",\"studentId\":\"69368a5dc170178555bbe5d1\",\"classId\":\"692ff70840783b2ec7d7a543\"},{\"status\":\"added\",\"studentId\":\"69368a5dc170178555bbe5dc\",\"classId\":\"692ff70840783b2ec7d7a543\"},{\"status\":\"added\",\"studentId\":\"69368a5dc170178555bbe5e7\",\"classId\":\"692ff70840783b2ec7d7a543\"},{\"status\":\"added\",\"studentId\":\"69368a5dc170178555bbe5f2\",\"classId\":\"692ff70840783b2ec7d7a543\"},{\"status\":\"added\",\"studentId\":\"69368a5dc170178555bbe5fd\",\"classId\":\"692ff70840783b2ec7d7a543\"},{\"status\":\"added\",\"studentId\":\"69368a5dc170178555bbe608\",\"classId\":\"692ff70840783b2ec7d7a543\"},{\"status\":\"added\",\"studentId\":\"69368a5dc170178555bbe613\",\"classId\":\"692ff70840783b2ec7d7a543\"},{\"status\":\"added\",\"studentId\":\"69368a5dc170178555bbe61e\",\"classId\":\"692ff70840783b2ec7d7a543\"},{\"status\":\"added\",\"studentId\":\"69368a5dc170178555bbe629\",\"classId\":\"692ff70840783b2ec7d7a543\"},{\"status\":\"added\",\"studentId\":\"69368a5dc170178555bbe634\",\"classId\":\"692ff70840783b2ec7d7a543\"},{\"status\":\"added\",\"studentId\":\"69368a5dc170178555bbe63f\",\"classId\":\"692ff70840783b2ec7d7a543\"},{\"status\":\"added\",\"studentId\":\"69368a5dc170178555bbe64a\",\"classId\":\"692ff70640783b2ec7d7a531\"},{\"status\":\"added\",\"studentId\":\"69368a5dc170178555bbe653\",\"classId\":\"692ff70640783b2ec7d7a531\"},{\"status\":\"added\",\"studentId\":\"69368a5dc170178555bbe65e\",\"classId\":\"692ff70640783b2ec7d7a531\"},{\"status\":\"added\",\"studentId\":\"69368a5dc170178555bbe669\",\"classId\":\"692ff70640783b2ec7d7a531\"},{\"status\":\"added\",\"studentId\":\"69368a5dc170178555bbe674\",\"classId\":\"692ff70640783b2ec7d7a531\"},{\"status\":\"added\",\"studentId\":\"69368a5dc170178555bbe67f\",\"classId\":\"692ff70640783b2ec7d7a531\"},{\"status\":\"added\",\"studentId\":\"69368a5dc170178555bbe68a\",\"classId\":\"692ff70640783b2ec7d7a531\"},{\"status\":\"added\",\"studentId\":\"69368a5dc170178555bbe695\",\"classId\":\"692ff70640783b2ec7d7a531\"},{\"status\":\"added\",\"studentId\":\"69368a5dc170178555bbe6a0\",\"classId\":\"692ff70640783b2ec7d7a531\"},{\"status\":\"added\",\"studentId\":\"69368a5dc170178555bbe6ab\",\"classId\":\"692ff70640783b2ec7d7a531\"},{\"status\":\"added\",\"studentId\":\"69368a5dc170178555bbe6b6\",\"classId\":\"692ff70640783b2ec7d7a531\"},{\"status\":\"added\",\"studentId\":\"69368a5dc170178555bbe6c1\",\"classId\":\"692ff70640783b2ec7d7a531\"},{\"status\":\"added\",\"studentId\":\"69368a5dc170178555bbe6cc\",\"classId\":\"692ff70640783b2ec7d7a531\"},{\"status\":\"added\",\"studentId\":\"69368a5dc170178555bbe6d7\",\"classId\":\"692ff70640783b2ec7d7a531\"},{\"status\":\"added\",\"studentId\":\"69368a5dc170178555bbe6e2\",\"classId\":\"692ff70640783b2ec7d7a531\"},{\"status\":\"added\",\"studentId\":\"69368a5dc170178555bbe6ed\",\"classId\":\"692ff70640783b2ec7d7a531\"},{\"status\":\"added\",\"studentId\":\"69368a5dc170178555bbe6f8\",\"classId\":\"692ff70640783b2ec7d7a531\"},{\"status\":\"added\",\"studentId\":\"69368a5dc170178555bbe703\",\"classId\":\"692ff70640783b2ec7d7a531\"},{\"status\":\"added\",\"studentId\":\"69368a5dc170178555bbe70e\",\"classId\":\"692ff70640783b2ec7d7a531\"},{\"status\":\"added\",\"studentId\":\"69368a5ec170178555bbe719\",\"classId\":\"692ff70640783b2ec7d7a531\"},{\"status\":\"added\",\"studentId\":\"69368a5ec170178555bbe724\",\"classId\":\"692ff70640783b2ec7d7a531\"},{\"status\":\"added\",\"studentId\":\"69368a5ec170178555bbe72f\",\"classId\":\"692ff70640783b2ec7d7a531\"},{\"status\":\"added\",\"studentId\":\"69368a5ec170178555bbe73a\",\"classId\":\"692ff70640783b2ec7d7a531\"},{\"status\":\"added\",\"studentId\":\"69368a5ec170178555bbe745\",\"classId\":\"692ff70640783b2ec7d7a531\"},{\"status\":\"added\",\"studentId\":\"69368a5ec170178555bbe750\",\"classId\":\"692ff70640783b2ec7d7a531\"},{\"status\":\"added\",\"studentId\":\"69368a5ec170178555bbe75b\",\"classId\":\"692ff70640783b2ec7d7a531\"},{\"status\":\"added\",\"studentId\":\"69368a5ec170178555bbe766\",\"classId\":\"692ff70640783b2ec7d7a531\"},{\"status\":\"added\",\"studentId\":\"69368a5ec170178555bbe771\",\"classId\":\"692ff70640783b2ec7d7a531\"},{\"status\":\"updated\",\"studentId\":\"69368a5ec170178555bbe771\",\"classId\":\"692ff70640783b2ec7d7a534\"},{\"status\":\"added\",\"studentId\":\"69368a5ec170178555bbe786\",\"classId\":\"692ff70640783b2ec7d7a534\"},{\"status\":\"added\",\"studentId\":\"69368a5ec170178555bbe791\",\"classId\":\"692ff70640783b2ec7d7a534\"},{\"status\":\"added\",\"studentId\":\"69368a5ec170178555bbe79c\",\"classId\":\"692ff70640783b2ec7d7a534\"},{\"status\":\"added\",\"studentId\":\"69368a5ec170178555bbe7a7\",\"classId\":\"692ff70640783b2ec7d7a534\"},{\"status\":\"added\",\"studentId\":\"69368a5ec170178555bbe7b2\",\"classId\":\"692ff70640783b2ec7d7a534\"},{\"status\":\"added\",\"studentId\":\"69368a5ec170178555bbe7bd\",\"classId\":\"692ff70640783b2ec7d7a534\"},{\"status\":\"added\",\"studentId\":\"69368a5ec170178555bbe7c8\",\"classId\":\"692ff70640783b2ec7d7a534\"},{\"status\":\"added\",\"studentId\":\"69368a5ec170178555bbe7d3\",\"classId\":\"692ff70640783b2ec7d7a534\"},{\"status\":\"added\",\"studentId\":\"69368a5ec170178555bbe7de\",\"classId\":\"692ff70640783b2ec7d7a534\"},{\"status\":\"added\",\"studentId\":\"69368a5ec170178555bbe7e9\",\"classId\":\"692ff70640783b2ec7d7a534\"},{\"status\":\"added\",\"studentId\":\"69368a5ec170178555bbe7f4\",\"classId\":\"692ff70640783b2ec7d7a534\"},{\"status\":\"added\",\"studentId\":\"69368a5ec170178555bbe7ff\",\"classId\":\"692ff70640783b2ec7d7a534\"},{\"status\":\"added\",\"studentId\":\"69368a5ec170178555bbe80a\",\"classId\":\"692ff70640783b2ec7d7a534\"},{\"status\":\"added\",\"studentId\":\"69368a5ec170178555bbe815\",\"classId\":\"692ff70640783b2ec7d7a534\"},{\"status\":\"added\",\"studentId\":\"69368a5ec170178555bbe820\",\"classId\":\"692ff70640783b2ec7d7a534\"},{\"status\":\"added\",\"studentId\":\"69368a5ec170178555bbe82b\",\"classId\":\"692ff70640783b2ec7d7a534\"},{\"status\":\"added\",\"studentId\":\"69368a5ec170178555bbe836\",\"classId\":\"692ff70640783b2ec7d7a534\"},{\"status\":\"added\",\"studentId\":\"69368a5ec170178555bbe841\",\"classId\":\"692ff70640783b2ec7d7a534\"},{\"status\":\"added\",\"studentId\":\"69368a5ec170178555bbe84c\",\"classId\":\"692ff70640783b2ec7d7a534\"},{\"status\":\"added\",\"studentId\":\"69368a5ec170178555bbe857\",\"classId\":\"692ff70640783b2ec7d7a534\"},{\"status\":\"added\",\"studentId\":\"69368a5ec170178555bbe862\",\"classId\":\"692ff70640783b2ec7d7a534\"},{\"status\":\"added\",\"studentId\":\"69368a5ec170178555bbe86d\",\"classId\":\"692ff70640783b2ec7d7a534\"},{\"status\":\"added\",\"studentId\":\"69368a5ec170178555bbe878\",\"classId\":\"692ff70640783b2ec7d7a534\"},{\"status\":\"added\",\"studentId\":\"69368a5ec170178555bbe883\",\"classId\":\"692ff70640783b2ec7d7a534\"},{\"status\":\"added\",\"studentId\":\"69368a5ec170178555bbe88e\",\"classId\":\"692ff70640783b2ec7d7a534\"},{\"status\":\"added\",\"studentId\":\"69368a5ec170178555bbe899\",\"classId\":\"692ff70640783b2ec7d7a537\"},{\"status\":\"added\",\"studentId\":\"69368a5ec170178555bbe8a4\",\"classId\":\"692ff70640783b2ec7d7a537\"},{\"status\":\"added\",\"studentId\":\"69368a5ec170178555bbe8af\",\"classId\":\"692ff70640783b2ec7d7a537\"},{\"status\":\"added\",\"studentId\":\"69368a5ec170178555bbe8ba\",\"classId\":\"692ff70640783b2ec7d7a537\"},{\"status\":\"added\",\"studentId\":\"69368a5ec170178555bbe8c5\",\"classId\":\"692ff70640783b2ec7d7a537\"},{\"status\":\"added\",\"studentId\":\"69368a5ec170178555bbe8d0\",\"classId\":\"692ff70640783b2ec7d7a537\"},{\"status\":\"added\",\"studentId\":\"69368a5ec170178555bbe8db\",\"classId\":\"692ff70640783b2ec7d7a537\"},{\"status\":\"added\",\"studentId\":\"69368a5ec170178555bbe8e6\",\"classId\":\"692ff70640783b2ec7d7a537\"},{\"status\":\"added\",\"studentId\":\"69368a5ec170178555bbe8f1\",\"classId\":\"692ff70640783b2ec7d7a537\"},{\"status\":\"added\",\"studentId\":\"69368a5ec170178555bbe8fc\",\"classId\":\"692ff70640783b2ec7d7a537\"},{\"status\":\"added\",\"studentId\":\"69368a5ec170178555bbe907\",\"classId\":\"692ff70640783b2ec7d7a537\"},{\"status\":\"added\",\"studentId\":\"69368a5ec170178555bbe912\",\"classId\":\"692ff70640783b2ec7d7a537\"},{\"status\":\"updated\",\"studentId\":\"69368a5ec170178555bbe912\",\"classId\":\"692ff70640783b2ec7d7a537\"},{\"status\":\"added\",\"studentId\":\"69368a5ec170178555bbe921\",\"classId\":\"692ff70640783b2ec7d7a537\"},{\"status\":\"added\",\"studentId\":\"69368a5ec170178555bbe92c\",\"classId\":\"692ff70640783b2ec7d7a537\"},{\"status\":\"added\",\"studentId\":\"69368a5ec170178555bbe937\",\"classId\":\"692ff70640783b2ec7d7a537\"},{\"status\":\"added\",\"studentId\":\"69368a5ec170178555bbe942\",\"classId\":\"692ff70640783b2ec7d7a537\"},{\"status\":\"added\",\"studentId\":\"69368a5ec170178555bbe94d\",\"classId\":\"692ff70640783b2ec7d7a537\"},{\"status\":\"added\",\"studentId\":\"69368a5ec170178555bbe958\",\"classId\":\"692ff70640783b2ec7d7a537\"},{\"status\":\"added\",\"studentId\":\"69368a5ec170178555bbe963\",\"classId\":\"692ff70640783b2ec7d7a537\"},{\"status\":\"added\",\"studentId\":\"69368a5ec170178555bbe96e\",\"classId\":\"692ff70640783b2ec7d7a537\"},{\"status\":\"added\",\"studentId\":\"69368a5ec170178555bbe979\",\"classId\":\"692ff70640783b2ec7d7a537\"},{\"status\":\"added\",\"studentId\":\"69368a5ec170178555bbe984\",\"classId\":\"692ff70640783b2ec7d7a537\"},{\"status\":\"added\",\"studentId\":\"69368a5ec170178555bbe98f\",\"classId\":\"692ff70640783b2ec7d7a537\"},{\"status\":\"added\",\"studentId\":\"69368a5ec170178555bbe99a\",\"classId\":\"692ff70640783b2ec7d7a537\"},{\"status\":\"added\",\"studentId\":\"69368a5ec170178555bbe9a5\",\"classId\":\"692ff70640783b2ec7d7a537\"},{\"status\":\"added\",\"studentId\":\"69368a5ec170178555bbe9b0\",\"classId\":\"692ff70640783b2ec7d7a537\"},{\"status\":\"added\",\"studentId\":\"69368a5ec170178555bbe9bb\",\"classId\":\"692ff70840783b2ec7d7a549\"},{\"status\":\"added\",\"studentId\":\"69368a5ec170178555bbe9c4\",\"classId\":\"692ff70840783b2ec7d7a549\"},{\"status\":\"added\",\"studentId\":\"69368a5ec170178555bbe9cf\",\"classId\":\"692ff70840783b2ec7d7a549\"},{\"status\":\"added\",\"studentId\":\"69368a5ec170178555bbe9da\",\"classId\":\"692ff70840783b2ec7d7a549\"},{\"status\":\"added\",\"studentId\":\"69368a5ec170178555bbe9e5\",\"classId\":\"692ff70840783b2ec7d7a549\"},{\"status\":\"added\",\"studentId\":\"69368a5ec170178555bbe9f0\",\"classId\":\"692ff70840783b2ec7d7a549\"},{\"status\":\"added\",\"studentId\":\"69368a5ec170178555bbe9fb\",\"classId\":\"692ff70840783b2ec7d7a549\"},{\"status\":\"added\",\"studentId\":\"69368a5ec170178555bbea06\",\"classId\":\"692ff70840783b2ec7d7a549\"},{\"status\":\"added\",\"studentId\":\"69368a5ec170178555bbea11\",\"classId\":\"692ff70840783b2ec7d7a549\"},{\"status\":\"added\",\"studentId\":\"69368a5ec170178555bbea1c\",\"classId\":\"692ff70840783b2ec7d7a549\"},{\"status\":\"added\",\"studentId\":\"69368a5ec170178555bbea27\",\"classId\":\"692ff70840783b2ec7d7a549\"},{\"status\":\"added\",\"studentId\":\"69368a5ec170178555bbea32\",\"classId\":\"692ff70840783b2ec7d7a549\"},{\"status\":\"added\",\"studentId\":\"69368a5ec170178555bbea3d\",\"classId\":\"692ff70840783b2ec7d7a549\"},{\"status\":\"added\",\"studentId\":\"69368a5ec170178555bbea48\",\"classId\":\"692ff70840783b2ec7d7a549\"},{\"status\":\"added\",\"studentId\":\"69368a5ec170178555bbea53\",\"classId\":\"692ff70840783b2ec7d7a549\"},{\"status\":\"added\",\"studentId\":\"69368a5ec170178555bbea5e\",\"classId\":\"692ff70840783b2ec7d7a549\"},{\"status\":\"added\",\"studentId\":\"69368a5ec170178555bbea69\",\"classId\":\"692ff70840783b2ec7d7a549\"},{\"status\":\"added\",\"studentId\":\"69368a5ec170178555bbea74\",\"classId\":\"692ff70840783b2ec7d7a549\"},{\"status\":\"added\",\"studentId\":\"69368a5ec170178555bbea7f\",\"classId\":\"692ff70840783b2ec7d7a549\"},{\"status\":\"added\",\"studentId\":\"69368a5ec170178555bbea8a\",\"classId\":\"692ff70840783b2ec7d7a549\"},{\"status\":\"added\",\"studentId\":\"69368a5ec170178555bbea95\",\"classId\":\"692ff70840783b2ec7d7a549\"},{\"status\":\"added\",\"studentId\":\"69368a5ec170178555bbeaa0\",\"classId\":\"692ff70840783b2ec7d7a549\"},{\"status\":\"added\",\"studentId\":\"69368a5ec170178555bbeaab\",\"classId\":\"692ff70840783b2ec7d7a549\"},{\"status\":\"added\",\"studentId\":\"69368a5ec170178555bbeab6\",\"classId\":\"692ff70840783b2ec7d7a549\"},{\"status\":\"added\",\"studentId\":\"69368a5ec170178555bbeac1\",\"classId\":\"692ff70840783b2ec7d7a549\"},{\"status\":\"added\",\"studentId\":\"69368a5ec170178555bbeacc\",\"classId\":\"692ff70840783b2ec7d7a549\"},{\"status\":\"added\",\"studentId\":\"69368a5ec170178555bbead7\",\"classId\":\"692ff70940783b2ec7d7a54c\"},{\"status\":\"added\",\"studentId\":\"69368a5ec170178555bbeae2\",\"classId\":\"692ff70940783b2ec7d7a54c\"},{\"status\":\"added\",\"studentId\":\"69368a5ec170178555bbeaed\",\"classId\":\"692ff70940783b2ec7d7a54c\"},{\"status\":\"added\",\"studentId\":\"69368a5ec170178555bbeaf8\",\"classId\":\"692ff70940783b2ec7d7a54c\"},{\"status\":\"added\",\"studentId\":\"69368a5ec170178555bbeb03\",\"classId\":\"692ff70940783b2ec7d7a54c\"},{\"status\":\"added\",\"studentId\":\"69368a5ec170178555bbeb0e\",\"classId\":\"692ff70940783b2ec7d7a54c\"},{\"status\":\"added\",\"studentId\":\"69368a5ec170178555bbeb19\",\"classId\":\"692ff70940783b2ec7d7a54c\"},{\"status\":\"added\",\"studentId\":\"69368a5ec170178555bbeb24\",\"classId\":\"692ff70940783b2ec7d7a54c\"},{\"status\":\"added\",\"studentId\":\"69368a5ec170178555bbeb2f\",\"classId\":\"692ff70940783b2ec7d7a54c\"},{\"status\":\"added\",\"studentId\":\"69368a5ec170178555bbeb3a\",\"classId\":\"692ff70940783b2ec7d7a54c\"},{\"status\":\"added\",\"studentId\":\"69368a5ec170178555bbeb45\",\"classId\":\"692ff70940783b2ec7d7a54c\"},{\"status\":\"added\",\"studentId\":\"69368a5ec170178555bbeb50\",\"classId\":\"692ff70940783b2ec7d7a54c\"},{\"status\":\"added\",\"studentId\":\"69368a5ec170178555bbeb5b\",\"classId\":\"692ff70940783b2ec7d7a54c\"},{\"status\":\"added\",\"studentId\":\"69368a5ec170178555bbeb66\",\"classId\":\"692ff70940783b2ec7d7a54c\"},{\"status\":\"added\",\"studentId\":\"69368a5ec170178555bbeb71\",\"classId\":\"692ff70940783b2ec7d7a54c\"},{\"status\":\"added\",\"studentId\":\"69368a5ec170178555bbeb7c\",\"classId\":\"692ff70940783b2ec7d7a54c\"},{\"status\":\"added\",\"studentId\":\"69368a5ec170178555bbeb87\",\"classId\":\"692ff70940783b2ec7d7a54c\"},{\"status\":\"added\",\"studentId\":\"69368a5ec170178555bbeb92\",\"classId\":\"692ff70940783b2ec7d7a54c\"},{\"status\":\"added\",\"studentId\":\"69368a5ec170178555bbeb9d\",\"classId\":\"692ff70940783b2ec7d7a54c\"},{\"status\":\"added\",\"studentId\":\"69368a5ec170178555bbeba8\",\"classId\":\"692ff70940783b2ec7d7a54c\"},{\"status\":\"added\",\"studentId\":\"69368a5ec170178555bbebb3\",\"classId\":\"692ff70940783b2ec7d7a54c\"},{\"status\":\"updated\",\"studentId\":\"69368a5ec170178555bbebb3\",\"classId\":\"692ff70940783b2ec7d7a54c\"},{\"status\":\"added\",\"studentId\":\"69368a5ec170178555bbebc2\",\"classId\":\"692ff70940783b2ec7d7a54c\"},{\"status\":\"added\",\"studentId\":\"69368a5ec170178555bbebcd\",\"classId\":\"692ff70940783b2ec7d7a54c\"},{\"status\":\"added\",\"studentId\":\"69368a5ec170178555bbebd8\",\"classId\":\"692ff70940783b2ec7d7a54c\"},{\"status\":\"added\",\"studentId\":\"69368a5ec170178555bbebe3\",\"classId\":\"692ff70940783b2ec7d7a54c\"},{\"status\":\"added\",\"studentId\":\"69368a5ec170178555bbebee\",\"classId\":\"692ff70940783b2ec7d7a54c\"},{\"status\":\"added\",\"studentId\":\"69368a5ec170178555bbebf9\",\"classId\":\"692ff70940783b2ec7d7a54c\"},{\"status\":\"added\",\"studentId\":\"69368a5ec170178555bbec04\",\"classId\":\"692ff70940783b2ec7d7a54c\"},{\"status\":\"added\",\"studentId\":\"69368a5ec170178555bbec0f\",\"classId\":\"692ff70940783b2ec7d7a54c\"},{\"status\":\"added\",\"studentId\":\"69368a5ec170178555bbec1a\",\"classId\":\"692ff70940783b2ec7d7a54f\"},{\"status\":\"added\",\"studentId\":\"69368a5ec170178555bbec25\",\"classId\":\"692ff70940783b2ec7d7a54f\"},{\"status\":\"added\",\"studentId\":\"69368a5ec170178555bbec30\",\"classId\":\"692ff70940783b2ec7d7a54f\"},{\"status\":\"added\",\"studentId\":\"69368a5ec170178555bbec3b\",\"classId\":\"692ff70940783b2ec7d7a54f\"},{\"status\":\"added\",\"studentId\":\"69368a5ec170178555bbec46\",\"classId\":\"692ff70940783b2ec7d7a54f\"},{\"status\":\"added\",\"studentId\":\"69368a5ec170178555bbec51\",\"classId\":\"692ff70940783b2ec7d7a54f\"},{\"status\":\"added\",\"studentId\":\"69368a5ec170178555bbec5c\",\"classId\":\"692ff70940783b2ec7d7a54f\"},{\"status\":\"added\",\"studentId\":\"69368a5ec170178555bbec67\",\"classId\":\"692ff70940783b2ec7d7a54f\"},{\"status\":\"added\",\"studentId\":\"69368a5ec170178555bbec72\",\"classId\":\"692ff70940783b2ec7d7a54f\"},{\"status\":\"added\",\"studentId\":\"69368a5ec170178555bbec7d\",\"classId\":\"692ff70940783b2ec7d7a54f\"},{\"status\":\"added\",\"studentId\":\"69368a5ec170178555bbec88\",\"classId\":\"692ff70940783b2ec7d7a54f\"},{\"status\":\"added\",\"studentId\":\"69368a5ec170178555bbec93\",\"classId\":\"692ff70940783b2ec7d7a54f\"},{\"status\":\"added\",\"studentId\":\"69368a5ec170178555bbec9e\",\"classId\":\"692ff70940783b2ec7d7a54f\"},{\"status\":\"added\",\"studentId\":\"69368a5ec170178555bbeca9\",\"classId\":\"692ff70940783b2ec7d7a54f\"},{\"status\":\"added\",\"studentId\":\"69368a5ec170178555bbecb4\",\"classId\":\"692ff70940783b2ec7d7a54f\"},{\"status\":\"added\",\"studentId\":\"69368a5ec170178555bbecbf\",\"classId\":\"692ff70940783b2ec7d7a54f\"},{\"status\":\"added\",\"studentId\":\"69368a5ec170178555bbecca\",\"classId\":\"692ff70940783b2ec7d7a54f\"},{\"status\":\"added\",\"studentId\":\"69368a5ec170178555bbecd5\",\"classId\":\"692ff70940783b2ec7d7a54f\"},{\"status\":\"added\",\"studentId\":\"69368a5ec170178555bbece0\",\"classId\":\"692ff70940783b2ec7d7a54f\"},{\"status\":\"added\",\"studentId\":\"69368a5ec170178555bbeceb\",\"classId\":\"692ff70940783b2ec7d7a54f\"},{\"status\":\"added\",\"studentId\":\"69368a5ec170178555bbecf6\",\"classId\":\"692ff70940783b2ec7d7a54f\"},{\"status\":\"added\",\"studentId\":\"69368a5ec170178555bbed01\",\"classId\":\"692ff70940783b2ec7d7a54f\"},{\"status\":\"added\",\"studentId\":\"69368a5ec170178555bbed0c\",\"classId\":\"692ff70940783b2ec7d7a54f\"},{\"status\":\"added\",\"studentId\":\"69368a5ec170178555bbed17\",\"classId\":\"692ff70940783b2ec7d7a54f\"},{\"status\":\"added\",\"studentId\":\"69368a5ec170178555bbed22\",\"classId\":\"692ff70940783b2ec7d7a54f\"},{\"status\":\"added\",\"studentId\":\"69368a5ec170178555bbed2d\",\"classId\":\"692ff70940783b2ec7d7a54f\"},{\"status\":\"added\",\"studentId\":\"69368a5ec170178555bbed38\",\"classId\":\"692ff70940783b2ec7d7a54f\"},{\"status\":\"added\",\"studentId\":\"69368a5ec170178555bbed43\",\"classId\":\"692ff70940783b2ec7d7a54f\"},{\"status\":\"added\",\"studentId\":\"69368a5ec170178555bbed4e\",\"classId\":\"692ff70940783b2ec7d7a54f\"},{\"status\":\"added\",\"studentId\":\"69368a5ec170178555bbed59\",\"classId\":\"692ff70940783b2ec7d7a552\"},{\"status\":\"added\",\"studentId\":\"69368a5ec170178555bbed64\",\"classId\":\"692ff70940783b2ec7d7a552\"},{\"status\":\"added\",\"studentId\":\"69368a5ec170178555bbed6f\",\"classId\":\"692ff70940783b2ec7d7a552\"},{\"status\":\"added\",\"studentId\":\"69368a5ec170178555bbed7a\",\"classId\":\"692ff70940783b2ec7d7a552\"},{\"status\":\"added\",\"studentId\":\"69368a5ec170178555bbed85\",\"classId\":\"692ff70940783b2ec7d7a552\"},{\"status\":\"added\",\"studentId\":\"69368a5ec170178555bbed90\",\"classId\":\"692ff70940783b2ec7d7a552\"},{\"status\":\"updated\",\"studentId\":\"69368a5ec170178555bbed90\",\"classId\":\"692ff70940783b2ec7d7a552\"},{\"status\":\"updated\",\"studentId\":\"69368a5ec170178555bbed90\",\"classId\":\"692ff70940783b2ec7d7a552\"},{\"status\":\"updated\",\"studentId\":\"69368a5ec170178555bbed90\",\"classId\":\"692ff70940783b2ec7d7a552\"},{\"status\":\"added\",\"studentId\":\"69368a5ec170178555bbeda7\",\"classId\":\"692ff70940783b2ec7d7a552\"},{\"status\":\"added\",\"studentId\":\"69368a5ec170178555bbedb2\",\"classId\":\"692ff70940783b2ec7d7a552\"},{\"status\":\"added\",\"studentId\":\"69368a5ec170178555bbedbd\",\"classId\":\"692ff70940783b2ec7d7a552\"},{\"status\":\"added\",\"studentId\":\"69368a5ec170178555bbedc8\",\"classId\":\"692ff70940783b2ec7d7a552\"},{\"status\":\"added\",\"studentId\":\"69368a5ec170178555bbedd3\",\"classId\":\"692ff70940783b2ec7d7a552\"},{\"status\":\"added\",\"studentId\":\"69368a5ec170178555bbedde\",\"classId\":\"692ff70940783b2ec7d7a552\"},{\"status\":\"added\",\"studentId\":\"69368a5ec170178555bbede9\",\"classId\":\"692ff70940783b2ec7d7a552\"},{\"status\":\"added\",\"studentId\":\"69368a5ec170178555bbedf4\",\"classId\":\"692ff70940783b2ec7d7a552\"},{\"status\":\"added\",\"studentId\":\"69368a5ec170178555bbedff\",\"classId\":\"692ff70940783b2ec7d7a552\"},{\"status\":\"added\",\"studentId\":\"69368a5ec170178555bbee0a\",\"classId\":\"692ff70940783b2ec7d7a552\"},{\"status\":\"added\",\"studentId\":\"69368a5ec170178555bbee15\",\"classId\":\"692ff70940783b2ec7d7a552\"},{\"status\":\"added\",\"studentId\":\"69368a5ec170178555bbee20\",\"classId\":\"692ff70940783b2ec7d7a552\"},{\"status\":\"updated\",\"studentId\":\"69368a5ec170178555bbee20\",\"classId\":\"692ff70940783b2ec7d7a552\"},{\"status\":\"added\",\"studentId\":\"69368a5ec170178555bbee2f\",\"classId\":\"692ff70940783b2ec7d7a552\"},{\"status\":\"added\",\"studentId\":\"69368a5ec170178555bbee3a\",\"classId\":\"692ff70940783b2ec7d7a552\"},{\"status\":\"added\",\"studentId\":\"69368a5ec170178555bbee45\",\"classId\":\"692ff70940783b2ec7d7a552\"},{\"status\":\"added\",\"studentId\":\"69368a5ec170178555bbee50\",\"classId\":\"692ff70940783b2ec7d7a552\"},{\"status\":\"added\",\"studentId\":\"69368a5ec170178555bbee5b\",\"classId\":\"692ff70940783b2ec7d7a552\"},{\"status\":\"added\",\"studentId\":\"69368a5ec170178555bbee66\",\"classId\":\"692ff70940783b2ec7d7a552\"},{\"status\":\"updated\",\"studentId\":\"69368a5ec170178555bbee66\",\"classId\":\"692ff70940783b2ec7d7a552\"},{\"status\":\"added\",\"studentId\":\"69368a5ec170178555bbee75\",\"classId\":\"692ff70940783b2ec7d7a552\"},{\"status\":\"added\",\"studentId\":\"69368a5ec170178555bbee80\",\"classId\":\"692ff70940783b2ec7d7a552\"},{\"status\":\"added\",\"studentId\":\"69368a5ec170178555bbee8b\",\"classId\":\"692ff70940783b2ec7d7a552\"},{\"status\":\"added\",\"studentId\":\"69368a5ec170178555bbee96\",\"classId\":\"692ff70940783b2ec7d7a552\"},{\"status\":\"updated\",\"studentId\":\"69368a5ec170178555bbee96\",\"classId\":\"692ff70940783b2ec7d7a552\"},{\"status\":\"added\",\"studentId\":\"69368a5ec170178555bbeea5\",\"classId\":\"692ff70940783b2ec7d7a552\"},{\"status\":\"added\",\"studentId\":\"69368a5ec170178555bbeeb0\",\"classId\":\"692ff70940783b2ec7d7a552\"},{\"status\":\"added\",\"studentId\":\"69368a5ec170178555bbeebb\",\"classId\":\"692ff70740783b2ec7d7a53a\"},{\"status\":\"added\",\"studentId\":\"69368a5ec170178555bbeec6\",\"classId\":\"692ff70740783b2ec7d7a53a\"},{\"status\":\"added\",\"studentId\":\"69368a5ec170178555bbeed1\",\"classId\":\"692ff70740783b2ec7d7a53a\"},{\"status\":\"added\",\"studentId\":\"69368a5ec170178555bbeedc\",\"classId\":\"692ff70740783b2ec7d7a53a\"},{\"status\":\"added\",\"studentId\":\"69368a5ec170178555bbeee7\",\"classId\":\"692ff70740783b2ec7d7a53a\"},{\"status\":\"added\",\"studentId\":\"69368a5ec170178555bbeef2\",\"classId\":\"692ff70740783b2ec7d7a53a\"},{\"status\":\"added\",\"studentId\":\"69368a5ec170178555bbeefd\",\"classId\":\"692ff70740783b2ec7d7a53a\"},{\"status\":\"added\",\"studentId\":\"69368a5ec170178555bbef08\",\"classId\":\"692ff70740783b2ec7d7a53a\"},{\"status\":\"added\",\"studentId\":\"69368a5ec170178555bbef13\",\"classId\":\"692ff70740783b2ec7d7a53a\"},{\"status\":\"added\",\"studentId\":\"69368a5ec170178555bbef1e\",\"classId\":\"692ff70740783b2ec7d7a53a\"},{\"status\":\"added\",\"studentId\":\"69368a5ec170178555bbef29\",\"classId\":\"692ff70740783b2ec7d7a53a\"},{\"status\":\"added\",\"studentId\":\"69368a5ec170178555bbef34\",\"classId\":\"692ff70740783b2ec7d7a53a\"},{\"status\":\"added\",\"studentId\":\"69368a5ec170178555bbef3f\",\"classId\":\"692ff70740783b2ec7d7a53a\"},{\"status\":\"added\",\"studentId\":\"69368a5ec170178555bbef4a\",\"classId\":\"692ff70740783b2ec7d7a53a\"},{\"status\":\"added\",\"studentId\":\"69368a5ec170178555bbef55\",\"classId\":\"692ff70740783b2ec7d7a53a\"},{\"status\":\"added\",\"studentId\":\"69368a5ec170178555bbef60\",\"classId\":\"692ff70740783b2ec7d7a53a\"},{\"status\":\"added\",\"studentId\":\"69368a5ec170178555bbef6b\",\"classId\":\"692ff70740783b2ec7d7a53a\"},{\"status\":\"added\",\"studentId\":\"69368a5ec170178555bbef76\",\"classId\":\"692ff70740783b2ec7d7a53a\"},{\"status\":\"added\",\"studentId\":\"69368a5ec170178555bbef81\",\"classId\":\"692ff70740783b2ec7d7a53a\"},{\"status\":\"added\",\"studentId\":\"69368a5ec170178555bbef8c\",\"classId\":\"692ff70740783b2ec7d7a53a\"},{\"status\":\"added\",\"studentId\":\"69368a5ec170178555bbef97\",\"classId\":\"692ff70740783b2ec7d7a53a\"},{\"status\":\"added\",\"studentId\":\"69368a5ec170178555bbefa2\",\"classId\":\"692ff70740783b2ec7d7a53a\"},{\"status\":\"added\",\"studentId\":\"69368a5ec170178555bbefad\",\"classId\":\"69367299b3c5bc137dac88b3\"},{\"status\":\"added\",\"studentId\":\"69368a5ec170178555bbefb4\",\"classId\":\"69367299b3c5bc137dac88b3\"},{\"status\":\"added\",\"studentId\":\"69368a5ec170178555bbefbb\",\"classId\":\"69367299b3c5bc137dac88b3\"},{\"status\":\"added\",\"studentId\":\"69368a5ec170178555bbefc2\",\"classId\":\"69367299b3c5bc137dac88b3\"},{\"status\":\"added\",\"studentId\":\"69368a5ec170178555bbefc9\",\"classId\":\"69367299b3c5bc137dac88b3\"},{\"status\":\"added\",\"studentId\":\"69368a5ec170178555bbefd0\",\"classId\":\"69367299b3c5bc137dac88b3\"},{\"status\":\"added\",\"studentId\":\"69368a5ec170178555bbefd7\",\"classId\":\"69367299b3c5bc137dac88b3\"},{\"status\":\"added\",\"studentId\":\"69368a5ec170178555bbefde\",\"classId\":\"69367299b3c5bc137dac88b3\"},{\"status\":\"added\",\"studentId\":\"69368a5ec170178555bbefe5\",\"classId\":\"69367299b3c5bc137dac88b3\"},{\"status\":\"added\",\"studentId\":\"69368a5ec170178555bbefec\",\"classId\":\"69367299b3c5bc137dac88b3\"},{\"status\":\"added\",\"studentId\":\"69368a5ec170178555bbeff3\",\"classId\":\"69367299b3c5bc137dac88b3\"},{\"status\":\"added\",\"studentId\":\"69368a5ec170178555bbeffa\",\"classId\":\"69367299b3c5bc137dac88b3\"},{\"status\":\"added\",\"studentId\":\"69368a5ec170178555bbf001\",\"classId\":\"69367299b3c5bc137dac88b3\"},{\"status\":\"added\",\"studentId\":\"69368a5ec170178555bbf008\",\"classId\":\"69367299b3c5bc137dac88b3\"},{\"status\":\"added\",\"studentId\":\"69368a5ec170178555bbf00f\",\"classId\":\"69367299b3c5bc137dac88b3\"},{\"status\":\"added\",\"studentId\":\"69368a5ec170178555bbf016\",\"classId\":\"69367299b3c5bc137dac88b3\"},{\"status\":\"added\",\"studentId\":\"69368a5ec170178555bbf01d\",\"classId\":\"69367299b3c5bc137dac88b3\"},{\"status\":\"added\",\"studentId\":\"69368a5ec170178555bbf024\",\"classId\":\"69367299b3c5bc137dac88b3\"},{\"status\":\"added\",\"studentId\":\"69368a5ec170178555bbf02b\",\"classId\":\"69367299b3c5bc137dac88b3\"},{\"status\":\"added\",\"studentId\":\"69368a5ec170178555bbf032\",\"classId\":\"69367299b3c5bc137dac88b3\"},{\"status\":\"added\",\"studentId\":\"69368a5ec170178555bbf039\",\"classId\":\"69367299b3c5bc137dac88b3\"},{\"status\":\"added\",\"studentId\":\"69368a5ec170178555bbf040\",\"classId\":\"69367299b3c5bc137dac88b3\"},{\"status\":\"added\",\"studentId\":\"69368a5ec170178555bbf047\",\"classId\":\"69367299b3c5bc137dac88b3\"},{\"status\":\"added\",\"studentId\":\"69368a5ec170178555bbf04e\",\"classId\":\"69367299b3c5bc137dac88b3\"},{\"status\":\"added\",\"studentId\":\"69368a5ec170178555bbf055\",\"classId\":\"69367299b3c5bc137dac88b3\"},{\"status\":\"added\",\"studentId\":\"69368a5ec170178555bbf05c\",\"classId\":\"69367299b3c5bc137dac88b3\"},{\"status\":\"added\",\"studentId\":\"69368a5ec170178555bbf063\",\"classId\":\"69367299b3c5bc137dac88b3\"}]",
    "startedAt": "2025-12-08T08:20:46.875Z",
    "finishedAt": "2025-12-08T08:20:46.875Z",
    "__v": 0
  }
]