[
  {
    "_id": "692fdcfdc6e2f27f3a027a81",
    "studentId": "692fd744c6e2f27f3a02734c",
    "schoolYearId": "692fd580c6e2f27f3a0272af",
    "level": "PS",
    "classId": "692fd58ec6e2f27f3a0272d1",
    "templateId": "69270db77cb95dd7ea636324",
    "data": {
      "student": {
        "_id": "692fd744c6e2f27f3a02734c",
        "logicalKey": "test_psa-e_2000-01-01",
        "firstName": "TEST",
        "lastName": "PSA-E",
        "dateOfBirth": "2000-01-01T00:00:00.000Z",
        "status": "active",
        "promotions": [],
        "__v": 0
      },
      "enrollment": {
        "_id": "692fd744c6e2f27f3a027350",
        "studentId": "692fd744c6e2f27f3a02734c",
        "classId": "692fd58ec6e2f27f3a0272d1",
        "schoolYearId": "692fd580c6e2f27f3a0272af",
        "status": "active",
        "promotionStatus": "pending",
        "__v": 0
      },
      "statuses": [],
      "assignment": {
        "_id": "692fdafb0fcac806835f9c92",
        "studentId": "692fd744c6e2f27f3a02734c",
        "templateId": "69270db77cb95dd7ea636324",
        "__v": 0,
        "assignedAt": "2025-12-03T06:38:51.256Z",
        "assignedBy": "69159ae1c39c7b0427963393",
        "assignedTeachers": [
          "69298f359e9a88ba819f9b71",
          "692fd7d1c6e2f27f3a0273b3"
        ],
        "data": {
          "language_toggle_0_5": [
            {
              "code": "en",
              "label": "English",
              "logo": "https://upload.wikimedia.org/wikipedia/commons/a/a4/Flag_of_the_United_States.svg",
              "active": true
            },
            {
              "code": "fr",
              "label": "Français",
              "logo": "https://upload.wikimedia.org/wikipedia/en/c/c3/Flag_of_France.svg",
              "active": false
            },
            {
              "code": "ar",
              "label": "العربية",
              "logo": "https://upload.wikimedia.org/wikipedia/commons/5/59/Flag_of_Lebanon.svg",
              "active": true
            }
          ]
        },
        "isCompleted": true,
        "status": "signed",
        "templateVersion": 2,
        "completedAt": "2025-12-03T06:46:58.445Z",
        "completedBy": "69298f359e9a88ba819f9b71"
      }
    },
    "createdAt": "2025-12-03T06:47:25.123Z",
    "__v": 0
  },
  {
    "_id": "693fb0a0ffcb20306ba6e7cb",
    "studentId": "69368a5dc170178555bbe64a",
    "schoolYearId": "692ff6e007bd2be8b2cc2f3c",
    "level": "PS",
    "classId": "692ff70640783b2ec7d7a531",
    "templateId": "693bac8cd5c6d548c2493ead",
    "data": {
      "student": {
        "_id": "69368a5dc170178555bbe64a",
        "logicalKey": "abikaram_naya_2020-01-01",
        "firstName": "ABIKARAM",
        "lastName": "Naya",
        "dateOfBirth": "2020-01-01T00:00:00.000Z",
        "status": "active",
        "promotions": [],
        "__v": 0
      },
      "enrollment": {
        "_id": "69368a5dc170178555bbe64e",
        "studentId": "69368a5dc170178555bbe64a",
        "classId": "692ff70640783b2ec7d7a531",
        "schoolYearId": "692ff6e007bd2be8b2cc2f3c",
        "status": "active",
        "promotionStatus": "pending",
        "__v": 0
      },
      "statuses": [],
      "assignment": {
        "_id": "693faedd5c05bd906ca52917",
        "templateId": "693bac8cd5c6d548c2493ead",
        "studentId": "69368a5dc170178555bbe64a",
        "__v": 0,
        "assignedAt": "2025-12-15T06:46:53.142Z",
        "assignedBy": "69312ea31b2fe24a727c20d3",
        "assignedTeachers": [
          "69298f359e9a88ba819f9b71",
          "692fd7d1c6e2f27f3a0273b3",
          "6936ecea9a45697f7aadbfae"
        ],
        "data": {
          "signatures": [
            {
              "type": "standard",
              "signedAt": "2025-12-15T06:53:25.436Z",
              "subAdminId": "69298f449e9a88ba819f9b75",
              "schoolYearId": "692ff6e007bd2be8b2cc2f3c",
              "schoolYearName": "2025/2026"
            },
            {
              "type": "end_of_year",
              "signedAt": "2025-12-15T06:54:13.309Z",
              "subAdminId": "69298f449e9a88ba819f9b75",
              "schoolYearId": "692ff6e007bd2be8b2cc2f3c",
              "schoolYearName": "2025/2026"
            }
          ]
        },
        "isCompleted": true,
        "isCompletedSem1": true,
        "isCompletedSem2": true,
        "status": "signed",
        "teacherCompletions": [
          {
            "teacherId": "69298f359e9a88ba819f9b71",
            "completed": true,
            "completedAt": "2025-12-15T06:52:34.368Z",
            "completedSem1": true,
            "completedAtSem1": "2025-12-15T06:52:34.368Z",
            "completedSem2": true,
            "completedAtSem2": "2025-12-15T06:53:49.583Z",
            "_id": "693fb032ffcb20306ba6e026"
          },
          {
            "teacherId": "692fd7d1c6e2f27f3a0273b3",
            "completed": true,
            "completedAt": "2025-12-15T06:52:41.194Z",
            "completedSem1": true,
            "completedAtSem1": "2025-12-15T06:52:41.194Z",
            "completedSem2": true,
            "completedAtSem2": "2025-12-15T06:53:59.279Z",
            "_id": "693fb039ffcb20306ba6e14a"
          },
          {
            "teacherId": "6936ecea9a45697f7aadbfae",
            "completed": true,
            "completedAt": "2025-12-15T06:52:49.589Z",
            "completedSem1": true,
            "completedAtSem1": "2025-12-15T06:52:49.589Z",
            "completedSem2": true,
            "completedAtSem2": "2025-12-15T06:54:05.427Z",
            "_id": "693fb041ffcb20306ba6e294"
          }
        ],
        "templateVersion": 15,
        "completedAt": "2025-12-15T06:52:49.589Z",
        "completedAtSem1": "2025-12-15T06:52:49.589Z",
        "completedBy": "6936ecea9a45697f7aadbfae",
        "completedAtSem2": "2025-12-15T06:54:05.427Z"
      },
      "className": "PS A"
    },
    "createdAt": "2025-12-15T06:54:24.998Z",
    "__v": 0
  },
  {
    "_id": "693fb26bffcb20306ba6f652",
    "studentId": "693fb1ebffcb20306ba6ecdd",
    "schoolYearId": "692ff6e007bd2be8b2cc2f3c",
    "level": "PS",
    "classId": "692ff70640783b2ec7d7a531",
    "templateId": "693bac8cd5c6d548c2493ead",
    "data": {
      "student": {
        "_id": "693fb1ebffcb20306ba6ecdd",
        "logicalKey": "aaa_aaa_2000-01-01",
        "firstName": "aaa",
        "lastName": "aaa",
        "dateOfBirth": "2000-01-01T00:00:00.000Z",
        "status": "active",
        "promotions": [],
        "__v": 0
      },
      "enrollment": {
        "_id": "693fb1ebffcb20306ba6ece1",
        "studentId": "693fb1ebffcb20306ba6ecdd",
        "classId": "692ff70640783b2ec7d7a531",
        "schoolYearId": "692ff6e007bd2be8b2cc2f3c",
        "status": "active",
        "promotionStatus": "pending",
        "__v": 0
      },
      "statuses": [],
      "assignment": {
        "_id": "693fb1ebffcb20306ba6ece9",
        "templateId": "693bac8cd5c6d548c2493ead",
        "templateVersion": 15,
        "studentId": "693fb1ebffcb20306ba6ecdd",
        "assignedTeachers": [
          "69298f359e9a88ba819f9b71",
          "692fd7d1c6e2f27f3a0273b3",
          "6936ecea9a45697f7aadbfae"
        ],
        "status": "signed",
        "assignedAt": "2025-12-15T06:59:55.314Z",
        "assignedBy": "69312ea31b2fe24a727c20d3",
        "isCompleted": true,
        "isCompletedSem1": true,
        "isCompletedSem2": true,
        "teacherCompletions": [
          {
            "teacherId": "69298f359e9a88ba819f9b71",
            "completed": true,
            "completedAt": "2025-12-15T07:00:13.572Z",
            "completedSem1": true,
            "completedAtSem1": "2025-12-15T07:00:13.572Z",
            "completedSem2": true,
            "completedAtSem2": "2025-12-15T07:01:31.506Z",
            "_id": "693fb1fdffcb20306ba6ee1c"
          },
          {
            "teacherId": "692fd7d1c6e2f27f3a0273b3",
            "completed": true,
            "completedAt": "2025-12-15T07:00:20.506Z",
            "completedSem1": true,
            "completedAtSem1": "2025-12-15T07:00:20.506Z",
            "completedSem2": true,
            "completedAtSem2": "2025-12-15T07:01:39.896Z",
            "_id": "693fb204ffcb20306ba6ef44"
          },
          {
            "teacherId": "6936ecea9a45697f7aadbfae",
            "completed": true,
            "completedAt": "2025-12-15T07:00:27.408Z",
            "completedSem1": true,
            "completedAtSem1": "2025-12-15T07:00:27.408Z",
            "completedSem2": true,
            "completedAtSem2": "2025-12-15T07:01:48.823Z",
            "_id": "693fb20bffcb20306ba6f092"
          }
        ],
        "__v": 0,
        "completedAt": "2025-12-15T07:00:27.408Z",
        "completedAtSem1": "2025-12-15T07:00:27.408Z",
        "completedBy": "6936ecea9a45697f7aadbfae",
        "completedAtSem2": "2025-12-15T07:01:48.823Z",
        "data": {
          "signatures": [
            {
              "type": "end_of_year",
              "signedAt": "2025-12-15T07:01:57.752Z",
              "subAdminId": "69298f449e9a88ba819f9b75",
              "schoolYearId": "692ff6e007bd2be8b2cc2f3c",
              "schoolYearName": "2025/2026"
            }
          ]
        }
      },
      "className": "PS A"
    },
    "createdAt": "2025-12-15T07:02:03.400Z",
    "__v": 0
  },
  {
    "_id": "693fba7fdbe2e8ad0cc7545a",
    "studentId": "693fb970dbe2e8ad0cc74a27",
    "schoolYearId": "692ff6e007bd2be8b2cc2f3c",
    "level": "PS",
    "classId": "692ff70640783b2ec7d7a531",
    "templateId": "693bac8cd5c6d548c2493ead",
    "data": {
      "student": {
        "_id": "693fb970dbe2e8ad0cc74a27",
        "logicalKey": "abc_abc_2000-01-01",
        "firstName": "abc",
        "lastName": "abc",
        "dateOfBirth": "2000-01-01T00:00:00.000Z",
        "status": "active",
        "promotions": [],
        "__v": 0
      },
      "enrollment": {
        "_id": "693fb970dbe2e8ad0cc74a2b",
        "studentId": "693fb970dbe2e8ad0cc74a27",
        "classId": "692ff70640783b2ec7d7a531",
        "schoolYearId": "692ff6e007bd2be8b2cc2f3c",
        "status": "active",
        "promotionStatus": "pending",
        "__v": 0
      },
      "statuses": [],
      "assignment": {
        "_id": "693fb970dbe2e8ad0cc74a33",
        "templateId": "693bac8cd5c6d548c2493ead",
        "templateVersion": 15,
        "studentId": "693fb970dbe2e8ad0cc74a27",
        "assignedTeachers": [
          "69298f359e9a88ba819f9b71",
          "692fd7d1c6e2f27f3a0273b3",
          "6936ecea9a45697f7aadbfae"
        ],
        "status": "signed",
        "assignedAt": "2025-12-15T07:32:00.422Z",
        "assignedBy": "69312ea31b2fe24a727c20d3",
        "isCompleted": true,
        "isCompletedSem1": true,
        "isCompletedSem2": true,
        "teacherCompletions": [
          {
            "teacherId": "69298f359e9a88ba819f9b71",
            "completed": true,
            "completedAt": "2025-12-15T07:34:38.701Z",
            "completedSem1": true,
            "completedAtSem1": "2025-12-15T07:34:38.701Z",
            "completedSem2": true,
            "completedAtSem2": "2025-12-15T07:35:33.234Z",
            "_id": "693fba0edbe2e8ad0cc74b6a"
          },
          {
            "teacherId": "692fd7d1c6e2f27f3a0273b3",
            "completed": true,
            "completedAt": "2025-12-15T07:34:51.511Z",
            "completedSem1": true,
            "completedAtSem1": "2025-12-15T07:34:51.511Z",
            "completedSem2": true,
            "completedAtSem2": "2025-12-15T07:36:00.238Z",
            "_id": "693fba1bdbe2e8ad0cc74c96"
          },
          {
            "teacherId": "6936ecea9a45697f7aadbfae",
            "completed": true,
            "completedAt": "2025-12-15T07:35:00.659Z",
            "completedSem1": true,
            "completedAtSem1": "2025-12-15T07:35:00.659Z",
            "completedSem2": true,
            "completedAtSem2": "2025-12-15T07:36:08.871Z",
            "_id": "693fba24dbe2e8ad0cc74de8"
          }
        ],
        "__v": 0,
        "completedAt": "2025-12-15T07:35:00.659Z",
        "completedAtSem1": "2025-12-15T07:35:00.659Z",
        "completedBy": "6936ecea9a45697f7aadbfae",
        "completedAtSem2": "2025-12-15T07:36:08.871Z",
        "data": {
          "signatures": [
            {
              "type": "end_of_year",
              "signedAt": "2025-12-15T07:36:15.962Z",
              "subAdminId": "69298f449e9a88ba819f9b75",
              "schoolYearId": "692ff6e007bd2be8b2cc2f3c",
              "schoolYearName": "2025/2026",
              "level": "PS"
            }
          ]
        }
      },
      "className": "PS A"
    },
    "createdAt": "2025-12-15T07:36:31.241Z",
    "__v": 0
  },
  {
    "_id": "693fbfa267f6b846b9434fb2",
    "studentId": "693fbf1567f6b846b9434639",
    "schoolYearId": "692ff6e007bd2be8b2cc2f3c",
    "level": "PS",
    "classId": "692ff70640783b2ec7d7a531",
    "templateId": "693bac8cd5c6d548c2493ead",
    "data": {
      "student": {
        "_id": "693fbf1567f6b846b9434639",
        "logicalKey": "maybe_maybe_2000-01-01",
        "firstName": "maybe",
        "lastName": "maybe",
        "dateOfBirth": "2000-01-01T00:00:00.000Z",
        "status": "active",
        "promotions": [],
        "__v": 0
      },
      "enrollment": {
        "_id": "693fbf1567f6b846b943463d",
        "studentId": "693fbf1567f6b846b9434639",
        "classId": "692ff70640783b2ec7d7a531",
        "schoolYearId": "692ff6e007bd2be8b2cc2f3c",
        "status": "active",
        "promotionStatus": "pending",
        "__v": 0
      },
      "statuses": [],
      "assignment": {
        "_id": "693fbf1567f6b846b9434645",
        "templateId": "693bac8cd5c6d548c2493ead",
        "templateVersion": 15,
        "studentId": "693fbf1567f6b846b9434639",
        "assignedTeachers": [
          "69298f359e9a88ba819f9b71",
          "692fd7d1c6e2f27f3a0273b3",
          "6936ecea9a45697f7aadbfae"
        ],
        "status": "signed",
        "assignedAt": "2025-12-15T07:56:05.279Z",
        "assignedBy": "69312ea31b2fe24a727c20d3",
        "isCompleted": true,
        "isCompletedSem1": true,
        "isCompletedSem2": true,
        "teacherCompletions": [
          {
            "teacherId": "69298f359e9a88ba819f9b71",
            "completed": true,
            "completedAt": "2025-12-15T07:56:52.778Z",
            "completedSem1": true,
            "completedAtSem1": "2025-12-15T07:56:52.778Z",
            "completedSem2": true,
            "completedAtSem2": "2025-12-15T07:57:50.554Z",
            "_id": "693fbf4467f6b846b94347c0"
          },
          {
            "teacherId": "692fd7d1c6e2f27f3a0273b3",
            "completed": true,
            "completedAt": "2025-12-15T07:56:59.877Z",
            "completedSem1": true,
            "completedAtSem1": "2025-12-15T07:56:59.877Z",
            "completedSem2": true,
            "completedAtSem2": "2025-12-15T07:57:58.121Z",
            "_id": "693fbf4b67f6b846b94348f0"
          },
          {
            "teacherId": "6936ecea9a45697f7aadbfae",
            "completed": true,
            "completedAt": "2025-12-15T07:57:09.805Z",
            "completedSem1": true,
            "completedAtSem1": "2025-12-15T07:57:09.805Z",
            "completedSem2": true,
            "completedAtSem2": "2025-12-15T07:58:04.579Z",
            "_id": "693fbf5567f6b846b9434a46"
          }
        ],
        "__v": 0,
        "completedAt": "2025-12-15T07:57:09.805Z",
        "completedAtSem1": "2025-12-15T07:57:09.805Z",
        "completedBy": "6936ecea9a45697f7aadbfae",
        "completedAtSem2": "2025-12-15T07:58:04.579Z",
        "data": {
          "signatures": [
            {
              "type": "end_of_year",
              "signedAt": "2025-12-15T07:58:17.714Z",
              "subAdminId": "69298f449e9a88ba819f9b75",
              "schoolYearId": "692ff6e007bd2be8b2cc2f3c",
              "schoolYearName": "2025/2026",
              "level": "PS"
            }
          ]
        }
      },
      "className": "PS A"
    },
    "createdAt": "2025-12-15T07:58:26.670Z",
    "__v": 0
  },
  {
    "_id": "693fc2afc9b3aa535e310f83",
    "studentId": "693fc170c9b3aa535e310612",
    "schoolYearId": "692ff6e007bd2be8b2cc2f3c",
    "level": "PS",
    "classId": "692ff70640783b2ec7d7a531",
    "templateId": "693bac8cd5c6d548c2493ead",
    "data": {
      "student": {
        "_id": "693fc170c9b3aa535e310612",
        "logicalKey": "oldi_oldi_2000-01-01",
        "firstName": "oldi",
        "lastName": "oldi",
        "dateOfBirth": "2000-01-01T00:00:00.000Z",
        "status": "active",
        "promotions": [],
        "__v": 0
      },
      "enrollment": {
        "_id": "693fc170c9b3aa535e310616",
        "studentId": "693fc170c9b3aa535e310612",
        "classId": "692ff70640783b2ec7d7a531",
        "schoolYearId": "692ff6e007bd2be8b2cc2f3c",
        "status": "active",
        "promotionStatus": "pending",
        "__v": 0
      },
      "statuses": [],
      "assignment": {
        "_id": "693fc170c9b3aa535e31061e",
        "templateId": "693bac8cd5c6d548c2493ead",
        "templateVersion": 15,
        "studentId": "693fc170c9b3aa535e310612",
        "assignedTeachers": [
          "69298f359e9a88ba819f9b71",
          "692fd7d1c6e2f27f3a0273b3",
          "6936ecea9a45697f7aadbfae"
        ],
        "status": "signed",
        "assignedAt": "2025-12-15T08:06:08.326Z",
        "assignedBy": "69312ea31b2fe24a727c20d3",
        "isCompleted": true,
        "isCompletedSem1": true,
        "isCompletedSem2": true,
        "teacherCompletions": [
          {
            "teacherId": "69298f359e9a88ba819f9b71",
            "completed": true,
            "completedAt": "2025-12-15T08:06:32.675Z",
            "completedSem1": true,
            "completedAtSem1": "2025-12-15T08:06:32.675Z",
            "completedSem2": true,
            "completedAtSem2": "2025-12-15T08:10:57.416Z",
            "_id": "693fc188c9b3aa535e31075e"
          },
          {
            "teacherId": "692fd7d1c6e2f27f3a0273b3",
            "completed": true,
            "completedAt": "2025-12-15T08:06:39.284Z",
            "completedSem1": true,
            "completedAtSem1": "2025-12-15T08:06:39.284Z",
            "completedSem2": true,
            "completedAtSem2": "2025-12-15T08:11:06.350Z",
            "_id": "693fc18fc9b3aa535e310892"
          },
          {
            "teacherId": "6936ecea9a45697f7aadbfae",
            "completed": true,
            "completedAt": "2025-12-15T08:06:47.149Z",
            "completedSem1": true,
            "completedAtSem1": "2025-12-15T08:06:47.149Z",
            "completedSem2": true,
            "completedAtSem2": "2025-12-15T08:11:15.053Z",
            "_id": "693fc197c9b3aa535e3109ec"
          }
        ],
        "__v": 0,
        "completedAt": "2025-12-15T08:06:47.149Z",
        "completedAtSem1": "2025-12-15T08:06:47.149Z",
        "completedBy": "6936ecea9a45697f7aadbfae",
        "completedAtSem2": "2025-12-15T08:11:15.053Z",
        "data": {
          "signatures": [
            {
              "type": "end_of_year",
              "signedAt": "2025-12-15T08:11:26.159Z",
              "subAdminId": "69298f449e9a88ba819f9b75",
              "schoolYearId": "692ff6e007bd2be8b2cc2f3c",
              "schoolYearName": "2025/2026",
              "level": "PS"
            }
          ]
        }
      },
      "className": "PS A"
    },
    "createdAt": "2025-12-15T08:11:27.935Z",
    "__v": 0
  },
  {
    "_id": "693fe0e1a66c8e01e1b67fea",
    "studentId": "693fe073a66c8e01e1b675d5",
    "schoolYearId": "692ff6e007bd2be8b2cc2f3c",
    "level": "PS",
    "classId": "692ff70640783b2ec7d7a531",
    "templateId": "693bac8cd5c6d548c2493ead",
    "data": {
      "student": {
        "_id": "693fe073a66c8e01e1b675d5",
        "logicalKey": "ohwell_ohwell_2000-01-01",
        "firstName": "ohwell",
        "lastName": "ohwell",
        "dateOfBirth": "2000-01-01T00:00:00.000Z",
        "status": "active",
        "promotions": [],
        "__v": 0
      },
      "enrollment": {
        "_id": "693fe073a66c8e01e1b675d9",
        "studentId": "693fe073a66c8e01e1b675d5",
        "classId": "692ff70640783b2ec7d7a531",
        "schoolYearId": "692ff6e007bd2be8b2cc2f3c",
        "status": "active",
        "promotionStatus": "pending",
        "__v": 0
      },
      "statuses": [],
      "assignment": {
        "_id": "693fe073a66c8e01e1b675e1",
        "templateId": "693bac8cd5c6d548c2493ead",
        "templateVersion": 15,
        "studentId": "693fe073a66c8e01e1b675d5",
        "assignedTeachers": [
          "69298f359e9a88ba819f9b71",
          "692fd7d1c6e2f27f3a0273b3",
          "6936ecea9a45697f7aadbfae"
        ],
        "status": "signed",
        "assignedAt": "2025-12-15T10:18:27.963Z",
        "assignedBy": "69312ea31b2fe24a727c20d3",
        "isCompleted": true,
        "isCompletedSem1": true,
        "isCompletedSem2": true,
        "teacherCompletions": [
          {
            "teacherId": "69298f359e9a88ba819f9b71",
            "completed": true,
            "completedAt": "2025-12-15T10:18:37.644Z",
            "completedSem1": true,
            "completedAtSem1": "2025-12-15T10:18:37.644Z",
            "completedSem2": true,
            "completedAtSem2": "2025-12-15T10:19:32.716Z",
            "_id": "693fe07da66c8e01e1b67725"
          },
          {
            "teacherId": "692fd7d1c6e2f27f3a0273b3",
            "completed": true,
            "completedAt": "2025-12-15T10:18:44.884Z",
            "completedSem1": true,
            "completedAtSem1": "2025-12-15T10:18:44.884Z",
            "completedSem2": true,
            "completedAtSem2": "2025-12-15T10:19:42.325Z",
            "_id": "693fe084a66c8e01e1b6785d"
          },
          {
            "teacherId": "6936ecea9a45697f7aadbfae",
            "completed": true,
            "completedAt": "2025-12-15T10:18:54.164Z",
            "completedSem1": true,
            "completedAtSem1": "2025-12-15T10:18:54.164Z",
            "completedSem2": true,
            "completedAtSem2": "2025-12-15T10:19:50.028Z",
            "_id": "693fe08ea66c8e01e1b679bb"
          }
        ],
        "__v": 0,
        "completedAt": "2025-12-15T10:18:54.164Z",
        "completedAtSem1": "2025-12-15T10:18:54.164Z",
        "completedBy": "6936ecea9a45697f7aadbfae",
        "completedAtSem2": "2025-12-15T10:19:50.028Z",
        "data": {
          "signatures": [
            {
              "type": "end_of_year",
              "signedAt": "2025-12-15T10:20:03.770Z",
              "subAdminId": "69298f449e9a88ba819f9b75",
              "schoolYearId": "692ff6e007bd2be8b2cc2f3c",
              "schoolYearName": "2025/2026",
              "level": "PS"
            }
          ]
        }
      },
      "className": "PS A"
    },
    "createdAt": "2025-12-15T10:20:17.561Z",
    "__v": 0
  },
  {
    "_id": "693fe16aa66c8e01e1b685ec",
    "studentId": "693fc170c9b3aa535e310612",
    "schoolYearId": "69302c8376d55a479c3b8682",
    "level": "MS",
    "classId": "693fb0b1ffcb20306ba6e7f7",
    "templateId": "693bac8cd5c6d548c2493ead",
    "data": {
      "student": {
        "_id": "693fc170c9b3aa535e310612",
        "logicalKey": "oldi_oldi_2000-01-01",
        "firstName": "oldi",
        "lastName": "oldi",
        "dateOfBirth": "2000-01-01T00:00:00.000Z",
        "status": "active",
        "promotions": [
          {
            "schoolYearId": "692ff6e007bd2be8b2cc2f3c",
            "date": "2025-12-15T08:11:27.937Z",
            "fromLevel": "PS",
            "toLevel": "MS",
            "promotedBy": "69298f449e9a88ba819f9b75",
            "_id": "693fc2afc9b3aa535e310f88"
          }
        ],
        "__v": 1,
        "nextLevel": "MS"
      },
      "enrollment": {
        "_id": "693fc2afc9b3aa535e310f86",
        "studentId": "693fc170c9b3aa535e310612",
        "schoolYearId": "69302c8376d55a479c3b8682",
        "status": "active",
        "promotionStatus": "pending",
        "__v": 0,
        "classId": "693fb0b1ffcb20306ba6e7f7"
      },
      "statuses": [],
      "assignment": {
        "_id": "693fc170c9b3aa535e31061e",
        "templateId": "693bac8cd5c6d548c2493ead",
        "templateVersion": 15,
        "studentId": "693fc170c9b3aa535e310612",
        "assignedTeachers": [
          "69298f359e9a88ba819f9b71",
          "692fd7d1c6e2f27f3a0273b3",
          "6936ecea9a45697f7aadbfae"
        ],
        "status": "signed",
        "assignedAt": "2025-12-15T08:06:08.326Z",
        "assignedBy": "69312ea31b2fe24a727c20d3",
        "isCompleted": true,
        "isCompletedSem1": true,
        "isCompletedSem2": true,
        "teacherCompletions": [
          {
            "teacherId": "69298f359e9a88ba819f9b71",
            "completed": true,
            "completedAt": "2025-12-15T08:12:08.938Z",
            "completedSem1": true,
            "completedAtSem1": "2025-12-15T08:12:08.938Z",
            "_id": "693fc2d8c9b3aa535e311073"
          },
          {
            "teacherId": "692fd7d1c6e2f27f3a0273b3",
            "completed": true,
            "completedAt": "2025-12-15T08:12:14.990Z",
            "completedSem1": true,
            "completedAtSem1": "2025-12-15T08:12:14.990Z",
            "_id": "693fc2dec9b3aa535e311105"
          },
          {
            "teacherId": "6936ecea9a45697f7aadbfae",
            "completed": true,
            "completedAt": "2025-12-15T08:12:20.827Z",
            "completedSem1": true,
            "completedAtSem1": "2025-12-15T08:12:20.827Z",
            "_id": "693fc2e4c9b3aa535e31119a"
          }
        ],
        "__v": 0,
        "completedAt": "2025-12-15T08:12:20.827Z",
        "completedAtSem1": "2025-12-15T08:12:20.827Z",
        "completedBy": "6936ecea9a45697f7aadbfae",
        "completedAtSem2": "2025-12-15T08:11:15.053Z",
        "data": {
          "signatures": [
            {
              "type": "end_of_year",
              "signedAt": "2025-12-15T08:11:26.159Z",
              "subAdminId": "69298f449e9a88ba819f9b75",
              "schoolYearId": "692ff6e007bd2be8b2cc2f3c",
              "schoolYearName": "2025/2026",
              "level": "PS"
            },
            {
              "type": "standard",
              "signedAt": "2025-12-15T10:07:17.854Z",
              "subAdminId": "69298f449e9a88ba819f9b75",
              "schoolYearId": "69302c8376d55a479c3b8682",
              "schoolYearName": "2026/2027",
              "level": "MS"
            },
            {
              "type": "end_of_year",
              "signedAt": "2025-12-15T10:22:24.882Z",
              "subAdminId": "69298f449e9a88ba819f9b75",
              "schoolYearId": "69302c8376d55a479c3b8682",
              "schoolYearName": "2026/2027",
              "level": "MS"
            }
          ],
          "promotions": [
            {
              "from": "PS",
              "to": "MS",
              "date": "2025-12-15T08:11:27.940Z",
              "year": "2025/2026",
              "class": "PS A"
            }
          ]
        }
      },
      "className": "MS A"
    },
    "createdAt": "2025-12-15T10:22:34.521Z",
    "__v": 0
  },
  {
    "_id": "69410ed4a8ec89a9f8358ff3",
    "studentId": "69410b10a8ec89a9f835697a",
    "schoolYearId": "692ff6e007bd2be8b2cc2f3c",
    "level": "PS",
    "classId": "692ff70640783b2ec7d7a531",
    "templateId": "693bac8cd5c6d548c2493ead",
    "data": {
      "student": {
        "_id": "69410b10a8ec89a9f835697a",
        "logicalKey": "isfinal_isfinal_2000-01-01",
        "firstName": "isfinal",
        "lastName": "isfinal",
        "dateOfBirth": "2000-01-01T00:00:00.000Z",
        "status": "active",
        "promotions": [],
        "__v": 0
      },
      "enrollment": {
        "_id": "69410b10a8ec89a9f835697e",
        "studentId": "69410b10a8ec89a9f835697a",
        "classId": "692ff70640783b2ec7d7a531",
        "schoolYearId": "692ff6e007bd2be8b2cc2f3c",
        "status": "active",
        "promotionStatus": "pending",
        "__v": 0
      },
      "statuses": [],
      "assignment": {
        "_id": "69410b10a8ec89a9f8356987",
        "templateId": "693bac8cd5c6d548c2493ead",
        "templateVersion": 16,
        "studentId": "69410b10a8ec89a9f835697a",
        "assignedTeachers": [
          "69298f359e9a88ba819f9b71",
          "692fd7d1c6e2f27f3a0273b3",
          "6936ecea9a45697f7aadbfae"
        ],
        "status": "signed",
        "assignedAt": "2025-12-16T07:32:32.453Z",
        "assignedBy": "69312ea31b2fe24a727c20d3",
        "isCompleted": true,
        "isCompletedSem1": true,
        "isCompletedSem2": true,
        "teacherCompletions": [
          {
            "teacherId": "69298f359e9a88ba819f9b71",
            "completed": true,
            "completedAt": "2025-12-16T07:36:19.230Z",
            "completedSem1": true,
            "completedAtSem1": "2025-12-16T07:36:19.230Z",
            "completedSem2": true,
            "completedAtSem2": "2025-12-16T07:47:04.105Z",
            "_id": "69410bf3a8ec89a9f8356d93"
          },
          {
            "teacherId": "692fd7d1c6e2f27f3a0273b3",
            "completed": true,
            "completedAt": "2025-12-16T07:36:47.719Z",
            "completedSem1": true,
            "completedAtSem1": "2025-12-16T07:36:47.719Z",
            "completedSem2": true,
            "completedAtSem2": "2025-12-16T07:47:18.133Z",
            "_id": "69410c0fa8ec89a9f835718d"
          },
          {
            "teacherId": "6936ecea9a45697f7aadbfae",
            "completed": true,
            "completedAt": "2025-12-16T07:37:28.428Z",
            "completedSem1": true,
            "completedAtSem1": "2025-12-16T07:37:28.428Z",
            "completedSem2": true,
            "completedAtSem2": "2025-12-16T07:47:49.565Z",
            "_id": "69410c38a8ec89a9f8357710"
          }
        ],
        "__v": 0,
        "data": {
          "table_2_16_row_0": [
            {
              "code": "lb",
              "label": "Lebanese",
              "emoji": "🇱🇧",
              "active": true,
              "level": "PS"
            },
            {
              "code": "fr",
              "label": "French",
              "emoji": "🇫🇷",
              "active": true,
              "level": "PS"
            },
            {
              "code": "en",
              "label": "English",
              "emoji": "🇬🇧",
              "active": true,
              "level": "PS"
            }
          ],
          "signatures": [
            {
              "type": "standard",
              "signedAt": "2025-12-16T07:45:06.746Z",
              "subAdminId": "69298f449e9a88ba819f9b75",
              "schoolYearId": "692ff6e007bd2be8b2cc2f3c",
              "schoolYearName": "2025/2026",
              "level": "PS"
            },
            {
              "type": "end_of_year",
              "signedAt": "2025-12-16T07:48:01.578Z",
              "subAdminId": "69298f449e9a88ba819f9b75",
              "schoolYearId": "692ff6e007bd2be8b2cc2f3c",
              "schoolYearName": "2025/2026",
              "level": "PS"
            }
          ],
          "dropdown_1": "Option 2"
        },
        "completedAt": "2025-12-16T07:37:28.428Z",
        "completedAtSem1": "2025-12-16T07:37:28.428Z",
        "completedBy": "6936ecea9a45697f7aadbfae",
        "completedAtSem2": "2025-12-16T07:47:49.565Z"
      },
      "className": "PS A"
    },
    "createdAt": "2025-12-16T07:48:36.301Z",
    "__v": 0
  },
  {
    "_id": "69427ae25945d6938d02a9f9",
    "studentId": "694276ca5945d6938d02a2f5",
    "schoolYearId": "692ff6e007bd2be8b2cc2f3c",
    "level": "PS",
    "classId": "692ff70640783b2ec7d7a531",
    "templateId": "693bac8cd5c6d548c2493ead",
    "data": {
      "student": {
        "_id": "694276ca5945d6938d02a2f5",
        "logicalKey": "ly_ly_2000-01-01",
        "firstName": "ly",
        "lastName": "ly",
        "dateOfBirth": "2000-01-01T00:00:00.000Z",
        "status": "active",
        "promotions": [],
        "__v": 0
      },
      "enrollment": {
        "_id": "694276ca5945d6938d02a2f9",
        "studentId": "694276ca5945d6938d02a2f5",
        "classId": "692ff70640783b2ec7d7a531",
        "schoolYearId": "692ff6e007bd2be8b2cc2f3c",
        "status": "active",
        "promotionStatus": "pending",
        "__v": 0
      },
      "statuses": [],
      "assignment": {
        "_id": "694276ca5945d6938d02a302",
        "templateId": "693bac8cd5c6d548c2493ead",
        "templateVersion": 16,
        "studentId": "694276ca5945d6938d02a2f5",
        "assignedTeachers": [
          "69298f359e9a88ba819f9b71",
          "692fd7d1c6e2f27f3a0273b3",
          "6936ecea9a45697f7aadbfae"
        ],
        "status": "signed",
        "assignedAt": "2025-12-17T09:24:26.755Z",
        "assignedBy": "69312ea31b2fe24a727c20d3",
        "isCompleted": true,
        "isCompletedSem1": true,
        "isCompletedSem2": true,
        "teacherCompletions": [
          {
            "teacherId": "69298f359e9a88ba819f9b71",
            "completed": true,
            "completedAt": "2025-12-17T09:40:01.594Z",
            "completedSem1": true,
            "completedAtSem1": "2025-12-17T09:40:01.594Z",
            "completedSem2": true,
            "completedAtSem2": "2025-12-17T09:40:59.243Z",
            "_id": "69427a715945d6938d02a3dc"
          },
          {
            "teacherId": "692fd7d1c6e2f27f3a0273b3",
            "completed": true,
            "completedAt": "2025-12-17T09:40:10.980Z",
            "completedSem1": true,
            "completedAtSem1": "2025-12-17T09:40:10.980Z",
            "completedSem2": true,
            "completedAtSem2": "2025-12-17T09:41:10.638Z",
            "_id": "69427a7a5945d6938d02a488"
          },
          {
            "teacherId": "6936ecea9a45697f7aadbfae",
            "completed": true,
            "completedAt": "2025-12-17T09:40:19.002Z",
            "completedSem1": true,
            "completedAtSem1": "2025-12-17T09:40:19.002Z",
            "completedSem2": true,
            "completedAtSem2": "2025-12-17T09:41:21.236Z",
            "_id": "69427a835945d6938d02a55b"
          }
        ],
        "__v": 0,
        "completedAt": "2025-12-17T09:40:19.002Z",
        "completedAtSem1": "2025-12-17T09:40:19.002Z",
        "completedBy": "6936ecea9a45697f7aadbfae",
        "completedAtSem2": "2025-12-17T09:41:21.236Z",
        "data": {
          "signatures": [
            {
              "type": "end_of_year",
              "signedAt": "2025-12-17T09:41:34.804Z",
              "subAdminId": "69298f449e9a88ba819f9b75",
              "schoolYearId": "692ff6e007bd2be8b2cc2f3c",
              "schoolYearName": "2025/2026",
              "level": "PS"
            }
          ]
        }
      },
      "className": "PS A"
    },
    "createdAt": "2025-12-17T09:41:54.636Z",
    "__v": 0
  },
  {
    "_id": "69428368a0eb0c0b2f73368c",
    "studentId": "694282d3a0eb0c0b2f732fd2",
    "schoolYearId": "692ff6e007bd2be8b2cc2f3c",
    "level": "PS",
    "classId": "692ff70640783b2ec7d7a531",
    "templateId": "693bac8cd5c6d548c2493ead",
    "data": {
      "student": {
        "_id": "694282d3a0eb0c0b2f732fd2",
        "logicalKey": "again_again_2000-01-01",
        "firstName": "again",
        "lastName": "again",
        "dateOfBirth": "2000-01-01T00:00:00.000Z",
        "status": "active",
        "promotions": [],
        "__v": 0
      },
      "enrollment": {
        "_id": "694282d3a0eb0c0b2f732fd6",
        "studentId": "694282d3a0eb0c0b2f732fd2",
        "classId": "692ff70640783b2ec7d7a531",
        "schoolYearId": "692ff6e007bd2be8b2cc2f3c",
        "status": "active",
        "promotionStatus": "pending",
        "__v": 0
      },
      "statuses": [],
      "assignment": {
        "_id": "694282d3a0eb0c0b2f732fdf",
        "templateId": "693bac8cd5c6d548c2493ead",
        "templateVersion": 16,
        "studentId": "694282d3a0eb0c0b2f732fd2",
        "assignedTeachers": [
          "69298f359e9a88ba819f9b71",
          "692fd7d1c6e2f27f3a0273b3",
          "6936ecea9a45697f7aadbfae"
        ],
        "status": "signed",
        "assignedAt": "2025-12-17T10:15:47.346Z",
        "assignedBy": "69312ea31b2fe24a727c20d3",
        "isCompleted": true,
        "isCompletedSem1": true,
        "isCompletedSem2": true,
        "teacherCompletions": [
          {
            "teacherId": "69298f359e9a88ba819f9b71",
            "completed": true,
            "completedAt": "2025-12-17T10:16:57.895Z",
            "completedSem1": true,
            "completedAtSem1": "2025-12-17T10:16:57.895Z",
            "completedSem2": true,
            "completedAtSem2": "2025-12-17T10:17:45.904Z",
            "_id": "69428319a0eb0c0b2f73311f"
          },
          {
            "teacherId": "692fd7d1c6e2f27f3a0273b3",
            "completed": true,
            "completedAt": "2025-12-17T10:17:05.668Z",
            "completedSem1": true,
            "completedAtSem1": "2025-12-17T10:17:05.668Z",
            "completedSem2": true,
            "completedAtSem2": "2025-12-17T10:17:51.993Z",
            "_id": "69428321a0eb0c0b2f7331cc"
          },
          {
            "teacherId": "6936ecea9a45697f7aadbfae",
            "completed": true,
            "completedAt": "2025-12-17T10:17:13.058Z",
            "completedSem1": true,
            "completedAtSem1": "2025-12-17T10:17:13.058Z",
            "completedSem2": true,
            "completedAtSem2": "2025-12-17T10:17:58.960Z",
            "_id": "69428329a0eb0c0b2f73329e"
          }
        ],
        "__v": 0,
        "completedAt": "2025-12-17T10:17:13.058Z",
        "completedAtSem1": "2025-12-17T10:17:13.058Z",
        "completedBy": "6936ecea9a45697f7aadbfae",
        "completedAtSem2": "2025-12-17T10:17:58.960Z",
        "data": {
          "signatures": [
            {
              "type": "end_of_year",
              "signedAt": "2025-12-17T10:18:06.667Z",
              "subAdminId": "69298f449e9a88ba819f9b75",
              "schoolYearId": "69302c8376d55a479c3b8682",
              "schoolYearName": "2026/2027",
              "level": "PS"
            }
          ]
        }
      },
      "className": "PS A"
    },
    "createdAt": "2025-12-17T10:18:16.197Z",
    "__v": 0
  },
  {
    "_id": "6942979da1ad50794fcb22d3",
    "studentId": "693fb970dbe2e8ad0cc74a27",
    "schoolYearId": "69302c8376d55a479c3b8682",
    "level": "MS",
    "classId": "693fb0b1ffcb20306ba6e7f7",
    "templateId": "693bac8cd5c6d548c2493ead",
    "data": {
      "student": {
        "_id": "693fb970dbe2e8ad0cc74a27",
        "logicalKey": "abc_abc_2000-01-01",
        "firstName": "abc",
        "lastName": "abc",
        "dateOfBirth": "2000-01-01T00:00:00.000Z",
        "status": "active",
        "promotions": [
          {
            "schoolYearId": "692ff6e007bd2be8b2cc2f3c",
            "date": "2025-12-15T07:36:31.244Z",
            "fromLevel": "PS",
            "toLevel": "MS",
            "promotedBy": "69298f449e9a88ba819f9b75",
            "_id": "693fba7fdbe2e8ad0cc7545f"
          }
        ],
        "__v": 1,
        "nextLevel": "MS"
      },
      "enrollment": {
        "_id": "693fba7fdbe2e8ad0cc7545d",
        "studentId": "693fb970dbe2e8ad0cc74a27",
        "schoolYearId": "69302c8376d55a479c3b8682",
        "status": "active",
        "promotionStatus": "pending",
        "__v": 0,
        "classId": "693fb0b1ffcb20306ba6e7f7"
      },
      "statuses": [],
      "assignment": {
        "_id": "693fb970dbe2e8ad0cc74a33",
        "templateId": "693bac8cd5c6d548c2493ead",
        "templateVersion": 16,
        "studentId": "693fb970dbe2e8ad0cc74a27",
        "assignedTeachers": [
          "69298f359e9a88ba819f9b71",
          "692fd7d1c6e2f27f3a0273b3",
          "6936ecea9a45697f7aadbfae"
        ],
        "status": "signed",
        "assignedAt": "2025-12-15T07:32:00.422Z",
        "assignedBy": "69312ea31b2fe24a727c20d3",
        "isCompleted": true,
        "isCompletedSem1": true,
        "isCompletedSem2": true,
        "teacherCompletions": [
          {
            "teacherId": "69298f359e9a88ba819f9b71",
            "completed": true,
            "completedAt": "2025-12-15T07:37:06.190Z",
            "completedSem1": true,
            "completedAtSem1": "2025-12-15T07:37:06.190Z",
            "_id": "693fbaa2dbe2e8ad0cc75544"
          },
          {
            "teacherId": "692fd7d1c6e2f27f3a0273b3",
            "completed": true,
            "completedAt": "2025-12-15T07:37:13.501Z",
            "completedSem1": true,
            "completedAtSem1": "2025-12-15T07:37:13.501Z",
            "_id": "693fbaa9dbe2e8ad0cc755ce"
          },
          {
            "teacherId": "6936ecea9a45697f7aadbfae",
            "completed": true,
            "completedAt": "2025-12-15T07:37:19.857Z",
            "completedSem1": true,
            "completedAtSem1": "2025-12-15T07:37:19.857Z",
            "_id": "693fbaafdbe2e8ad0cc7565a"
          }
        ],
        "__v": 0,
        "completedAt": "2025-12-15T07:37:19.857Z",
        "completedAtSem1": "2025-12-15T07:37:19.857Z",
        "completedBy": "6936ecea9a45697f7aadbfae",
        "completedAtSem2": "2025-12-15T07:36:08.871Z",
        "data": {
          "signatures": [
            {
              "type": "end_of_year",
              "signedAt": "2025-12-15T07:36:15.962Z",
              "subAdminId": "69298f449e9a88ba819f9b75",
              "schoolYearId": "692ff6e007bd2be8b2cc2f3c",
              "schoolYearName": "2025/2026",
              "level": "PS"
            },
            {
              "type": "standard",
              "signedAt": "2025-12-15T07:37:37.372Z",
              "subAdminId": "69298f449e9a88ba819f9b75",
              "schoolYearId": "69302c8376d55a479c3b8682",
              "schoolYearName": "2026/2027",
              "level": "MS"
            },
            {
              "type": "end_of_year",
              "signedAt": "2025-12-17T11:44:23.852Z",
              "subAdminId": "69298f449e9a88ba819f9b75",
              "schoolYearId": "693fe11da66c8e01e1b682dd",
              "schoolYearName": "2027/2028",
              "level": "MS"
            },
            {
              "type": "standard",
              "signedAt": "2025-12-15T07:35:10.443Z",
              "subAdminId": "69298f449e9a88ba819f9b75",
              "schoolYearName": "2025/2026",
              "level": "PS"
            },
            {
              "type": "end_of_year",
              "signedAt": "2025-12-15T07:36:15.961Z",
              "subAdminId": "69298f449e9a88ba819f9b75",
              "schoolYearName": "2026/2027",
              "level": "PS"
            },
            {
              "type": "end_of_year",
              "signedAt": "2025-12-17T11:44:23.850Z",
              "subAdminId": "69298f449e9a88ba819f9b75",
              "schoolYearName": "2026/2027",
              "level": "MS"
            }
          ],
          "promotions": [
            {
              "from": "PS",
              "to": "MS",
              "date": "2025-12-15T07:36:31.247Z",
              "year": "2026/2027",
              "class": "PS A"
            }
          ]
        }
      },
      "className": "MS A"
    },
    "createdAt": "2025-12-17T11:44:29.424Z",
    "__v": 0
  },
  {
    "_id": "69429f413d288cd12fec4eaf",
    "studentId": "69429edc3d288cd12fec485a",
    "schoolYearId": "692ff6e007bd2be8b2cc2f3c",
    "level": "PS",
    "classId": "692ff70640783b2ec7d7a531",
    "templateId": "693bac8cd5c6d548c2493ead",
    "data": {
      "student": {
        "_id": "69429edc3d288cd12fec485a",
        "logicalKey": "gb_gb_2000-01-01",
        "firstName": "gb",
        "lastName": "gb",
        "dateOfBirth": "2000-01-01T00:00:00.000Z",
        "status": "active",
        "promotions": [],
        "__v": 0
      },
      "enrollment": {
        "_id": "69429edc3d288cd12fec485e",
        "studentId": "69429edc3d288cd12fec485a",
        "classId": "692ff70640783b2ec7d7a531",
        "schoolYearId": "692ff6e007bd2be8b2cc2f3c",
        "status": "active",
        "promotionStatus": "pending",
        "__v": 0
      },
      "statuses": [],
      "assignment": {
        "_id": "69429edc3d288cd12fec4867",
        "templateId": "693bac8cd5c6d548c2493ead",
        "templateVersion": 16,
        "studentId": "69429edc3d288cd12fec485a",
        "assignedTeachers": [
          "69298f359e9a88ba819f9b71",
          "692fd7d1c6e2f27f3a0273b3",
          "6936ecea9a45697f7aadbfae"
        ],
        "status": "signed",
        "assignedAt": "2025-12-17T12:15:24.732Z",
        "assignedBy": "69312ea31b2fe24a727c20d3",
        "isCompleted": true,
        "isCompletedSem1": true,
        "isCompletedSem2": true,
        "teacherCompletions": [
          {
            "teacherId": "69298f359e9a88ba819f9b71",
            "completed": true,
            "completedAt": "2025-12-17T12:15:38.869Z",
            "completedSem1": true,
            "completedAtSem1": "2025-12-17T12:15:38.869Z",
            "completedSem2": true,
            "completedAtSem2": "2025-12-17T12:16:24.891Z",
            "_id": "69429eea3d288cd12fec491f"
          },
          {
            "teacherId": "692fd7d1c6e2f27f3a0273b3",
            "completed": true,
            "completedAt": "2025-12-17T12:15:47.354Z",
            "completedSem1": true,
            "completedAtSem1": "2025-12-17T12:15:47.354Z",
            "completedSem2": true,
            "completedAtSem2": "2025-12-17T12:16:39.308Z",
            "_id": "69429ef33d288cd12fec49cb"
          },
          {
            "teacherId": "6936ecea9a45697f7aadbfae",
            "completed": true,
            "completedAt": "2025-12-17T12:15:57.673Z",
            "completedSem1": true,
            "completedAtSem1": "2025-12-17T12:15:57.673Z",
            "completedSem2": true,
            "completedAtSem2": "2025-12-17T12:16:47.983Z",
            "_id": "69429efd3d288cd12fec4a9d"
          }
        ],
        "__v": 0,
        "completedAt": "2025-12-17T12:15:57.673Z",
        "completedAtSem1": "2025-12-17T12:15:57.673Z",
        "completedBy": "6936ecea9a45697f7aadbfae",
        "completedAtSem2": "2025-12-17T12:16:47.983Z",
        "data": {
          "signatures": [
            {
              "type": "end_of_year",
              "signedAt": "2025-12-17T12:16:56.838Z",
              "subAdminId": "69298f449e9a88ba819f9b75",
              "schoolYearId": "69302c8376d55a479c3b8682",
              "schoolYearName": "2026/2027",
              "level": "PS"
            }
          ]
        }
      },
      "className": "PS A"
    },
    "createdAt": "2025-12-17T12:17:05.656Z",
    "__v": 0
  },
  {
    "_id": "6942a4e1234da7de490748bb",
    "studentId": "6942a481234da7de490741b8",
    "schoolYearId": "692ff6e007bd2be8b2cc2f3c",
    "level": "PS",
    "classId": "692ff70640783b2ec7d7a531",
    "templateId": "693bac8cd5c6d548c2493ead",
    "data": {
      "student": {
        "_id": "6942a481234da7de490741b8",
        "logicalKey": "gb2_gb2_2000-01-01",
        "firstName": "gb2",
        "lastName": "gb2",
        "dateOfBirth": "2000-01-01T00:00:00.000Z",
        "status": "active",
        "promotions": [],
        "__v": 0
      },
      "enrollment": {
        "_id": "6942a481234da7de490741bc",
        "studentId": "6942a481234da7de490741b8",
        "classId": "692ff70640783b2ec7d7a531",
        "schoolYearId": "692ff6e007bd2be8b2cc2f3c",
        "status": "active",
        "promotionStatus": "pending",
        "__v": 0
      },
      "statuses": [],
      "assignment": {
        "_id": "6942a481234da7de490741c5",
        "templateId": "693bac8cd5c6d548c2493ead",
        "templateVersion": 16,
        "studentId": "6942a481234da7de490741b8",
        "assignedTeachers": [
          "69298f359e9a88ba819f9b71",
          "692fd7d1c6e2f27f3a0273b3",
          "6936ecea9a45697f7aadbfae"
        ],
        "status": "signed",
        "assignedAt": "2025-12-17T12:39:29.862Z",
        "assignedBy": "69312ea31b2fe24a727c20d3",
        "isCompleted": true,
        "isCompletedSem1": true,
        "isCompletedSem2": true,
        "teacherCompletions": [
          {
            "teacherId": "69298f359e9a88ba819f9b71",
            "completed": true,
            "completedAt": "2025-12-17T12:39:46.149Z",
            "completedSem1": true,
            "completedAtSem1": "2025-12-17T12:39:46.149Z",
            "completedSem2": true,
            "completedAtSem2": "2025-12-17T12:40:40.565Z",
            "_id": "6942a492234da7de4907427c"
          },
          {
            "teacherId": "692fd7d1c6e2f27f3a0273b3",
            "completed": true,
            "completedAt": "2025-12-17T12:40:09.087Z",
            "completedSem1": true,
            "completedAtSem1": "2025-12-17T12:40:09.087Z",
            "completedSem2": true,
            "completedAtSem2": "2025-12-17T12:40:50.331Z",
            "_id": "6942a4a9234da7de490743ed"
          },
          {
            "teacherId": "6936ecea9a45697f7aadbfae",
            "completed": true,
            "completedAt": "2025-12-17T12:40:17.668Z",
            "completedSem1": true,
            "completedAtSem1": "2025-12-17T12:40:17.668Z",
            "completedSem2": true,
            "completedAtSem2": "2025-12-17T12:40:56.379Z",
            "_id": "6942a4b1234da7de490744bf"
          }
        ],
        "__v": 0,
        "completedAt": "2025-12-17T12:40:17.668Z",
        "completedAtSem1": "2025-12-17T12:40:17.668Z",
        "completedBy": "6936ecea9a45697f7aadbfae",
        "completedAtSem2": "2025-12-17T12:40:56.379Z",
        "data": {
          "signatures": [
            {
              "type": "end_of_year",
              "signedAt": "2025-12-17T12:41:04.066Z",
              "subAdminId": "69298f449e9a88ba819f9b75",
              "schoolYearId": "69302c8376d55a479c3b8682",
              "schoolYearName": "2026/2027",
              "level": "PS"
            }
          ]
        }
      },
      "className": "PS A"
    },
    "createdAt": "2025-12-17T12:41:05.971Z",
    "__v": 0
  },
  {
    "_id": "6942a59e1bc15ad5a2204407",
    "studentId": "6942a54b1bc15ad5a2203dba",
    "schoolYearId": "692ff6e007bd2be8b2cc2f3c",
    "level": "PS",
    "classId": "692ff70640783b2ec7d7a531",
    "templateId": "693bac8cd5c6d548c2493ead",
    "data": {
      "student": {
        "_id": "6942a54b1bc15ad5a2203dba",
        "logicalKey": "gb3_gb3_2000-01-01",
        "firstName": "gb3",
        "lastName": "gb3",
        "dateOfBirth": "2000-01-01T00:00:00.000Z",
        "status": "active",
        "promotions": [],
        "__v": 0
      },
      "enrollment": {
        "_id": "6942a54b1bc15ad5a2203dbe",
        "studentId": "6942a54b1bc15ad5a2203dba",
        "classId": "692ff70640783b2ec7d7a531",
        "schoolYearId": "692ff6e007bd2be8b2cc2f3c",
        "status": "active",
        "promotionStatus": "pending",
        "__v": 0
      },
      "statuses": [],
      "assignment": {
        "_id": "6942a54b1bc15ad5a2203dc7",
        "templateId": "693bac8cd5c6d548c2493ead",
        "templateVersion": 16,
        "studentId": "6942a54b1bc15ad5a2203dba",
        "assignedTeachers": [
          "69298f359e9a88ba819f9b71",
          "692fd7d1c6e2f27f3a0273b3",
          "6936ecea9a45697f7aadbfae"
        ],
        "status": "signed",
        "assignedAt": "2025-12-17T12:42:51.737Z",
        "assignedBy": "69312ea31b2fe24a727c20d3",
        "isCompleted": true,
        "isCompletedSem1": true,
        "isCompletedSem2": true,
        "teacherCompletions": [
          {
            "teacherId": "69298f359e9a88ba819f9b71",
            "completed": true,
            "completedAt": "2025-12-17T12:43:02.638Z",
            "completedSem1": true,
            "completedAtSem1": "2025-12-17T12:43:02.638Z",
            "completedSem2": true,
            "completedAtSem2": "2025-12-17T12:43:49.050Z",
            "_id": "6942a5561bc15ad5a2203e80"
          },
          {
            "teacherId": "692fd7d1c6e2f27f3a0273b3",
            "completed": true,
            "completedAt": "2025-12-17T12:43:12.208Z",
            "completedSem1": true,
            "completedAtSem1": "2025-12-17T12:43:12.208Z",
            "completedSem2": true,
            "completedAtSem2": "2025-12-17T12:43:56.278Z",
            "_id": "6942a5601bc15ad5a2203f2d"
          },
          {
            "teacherId": "6936ecea9a45697f7aadbfae",
            "completed": true,
            "completedAt": "2025-12-17T12:43:25.429Z",
            "completedSem1": true,
            "completedAtSem1": "2025-12-17T12:43:25.429Z",
            "completedSem2": true,
            "completedAtSem2": "2025-12-17T12:44:01.886Z",
            "_id": "6942a56d1bc15ad5a2203fff"
          }
        ],
        "__v": 0,
        "completedAt": "2025-12-17T12:43:25.429Z",
        "completedAtSem1": "2025-12-17T12:43:25.429Z",
        "completedBy": "6936ecea9a45697f7aadbfae",
        "completedAtSem2": "2025-12-17T12:44:01.886Z",
        "data": {
          "signatures": [
            {
              "type": "end_of_year",
              "signedAt": "2025-12-17T12:44:12.905Z",
              "subAdminId": "69298f449e9a88ba819f9b75",
              "schoolYearId": "69302c8376d55a479c3b8682",
              "schoolYearName": "2026/2027",
              "level": "PS"
            }
          ]
        }
      },
      "className": "PS A"
    },
    "createdAt": "2025-12-17T12:44:14.779Z",
    "__v": 0
  },
  {
    "_id": "6942aac623538b734163b8e0",
    "studentId": "6942aa6a23538b734163b58a",
    "schoolYearId": "692ff6e007bd2be8b2cc2f3c",
    "level": "PS",
    "classId": "692ff70640783b2ec7d7a531",
    "templateId": "693bac8cd5c6d548c2493ead",
    "data": {
      "student": {
        "_id": "6942aa6a23538b734163b58a",
        "logicalKey": "gb4_gb4_2000-01-01",
        "firstName": "gb4",
        "lastName": "gb4",
        "dateOfBirth": "2000-01-01T00:00:00.000Z",
        "status": "active",
        "promotions": [],
        "__v": 0
      },
      "enrollment": {
        "_id": "6942aa6a23538b734163b58e",
        "studentId": "6942aa6a23538b734163b58a",
        "classId": "692ff70640783b2ec7d7a531",
        "schoolYearId": "692ff6e007bd2be8b2cc2f3c",
        "status": "active",
        "promotionStatus": "pending",
        "__v": 0
      },
      "statuses": [],
      "assignment": {
        "_id": "6942aa6a23538b734163b597",
        "templateId": "693bac8cd5c6d548c2493ead",
        "templateVersion": 16,
        "studentId": "6942aa6a23538b734163b58a",
        "assignedTeachers": [
          "69298f359e9a88ba819f9b71",
          "692fd7d1c6e2f27f3a0273b3",
          "6936ecea9a45697f7aadbfae"
        ],
        "status": "signed",
        "assignedAt": "2025-12-17T13:04:42.439Z",
        "assignedBy": "69312ea31b2fe24a727c20d3",
        "isCompleted": false,
        "isCompletedSem1": false,
        "isCompletedSem2": true,
        "teacherCompletions": [
          {
            "teacherId": "69298f359e9a88ba819f9b71",
            "completedSem2": true,
            "completedAtSem2": "2025-12-17T13:04:55.742Z",
            "_id": "6942aa7723538b734163b650"
          },
          {
            "teacherId": "692fd7d1c6e2f27f3a0273b3",
            "completedSem2": true,
            "completedAtSem2": "2025-12-17T13:05:31.512Z",
            "_id": "6942aa9b23538b734163b718"
          },
          {
            "teacherId": "6936ecea9a45697f7aadbfae",
            "completedSem2": true,
            "completedAtSem2": "2025-12-17T13:05:41.475Z",
            "_id": "6942aaa523538b734163b7ea"
          }
        ],
        "__v": 0,
        "completedAtSem2": "2025-12-17T13:05:41.475Z"
      },
      "className": "PS A"
    },
    "createdAt": "2025-12-17T13:06:14.360Z",
    "__v": 0
  },
  {
    "_id": "6943a819a6edc3cdca46e183",
    "studentId": "69439f6aa6edc3cdca46d6ec",
    "schoolYearId": "692ff6e007bd2be8b2cc2f3c",
    "level": "PS",
    "classId": "692ff70640783b2ec7d7a531",
    "templateId": "693bac8cd5c6d548c2493ead",
    "data": {
      "student": {
        "_id": "69439f6aa6edc3cdca46d6ec",
        "logicalKey": "pat_bou_2000-01-01",
        "firstName": "pat",
        "lastName": "bou",
        "dateOfBirth": "2000-01-01T00:00:00.000Z",
        "status": "active",
        "promotions": [],
        "__v": 0
      },
      "enrollment": {
        "_id": "69439f6aa6edc3cdca46d6f0",
        "studentId": "69439f6aa6edc3cdca46d6ec",
        "classId": "692ff70640783b2ec7d7a531",
        "schoolYearId": "692ff6e007bd2be8b2cc2f3c",
        "status": "active",
        "promotionStatus": "pending",
        "__v": 0
      },
      "statuses": [],
      "assignment": {
        "_id": "69439f6ba6edc3cdca46d6f9",
        "templateId": "693bac8cd5c6d548c2493ead",
        "templateVersion": 16,
        "studentId": "69439f6aa6edc3cdca46d6ec",
        "assignedTeachers": [
          "69298f359e9a88ba819f9b71",
          "692fd7d1c6e2f27f3a0273b3",
          "6936ecea9a45697f7aadbfae"
        ],
        "status": "signed",
        "assignedAt": "2025-12-18T06:30:03.027Z",
        "assignedBy": "6931377e1b2fe24a727c21e2",
        "isCompleted": true,
        "isCompletedSem1": true,
        "isCompletedSem2": true,
        "teacherCompletions": [
          {
            "teacherId": "69298f359e9a88ba819f9b71",
            "completed": true,
            "completedAt": "2025-12-18T06:33:20.624Z",
            "completedSem1": true,
            "completedAtSem1": "2025-12-18T06:33:20.624Z",
            "completedSem2": true,
            "completedAtSem2": "2025-12-18T07:00:36.642Z",
            "_id": "6943a030a6edc3cdca46d7d4"
          },
          {
            "teacherId": "692fd7d1c6e2f27f3a0273b3",
            "completed": true,
            "completedAt": "2025-12-18T06:34:15.599Z",
            "completedSem1": true,
            "completedAtSem1": "2025-12-18T06:34:15.599Z",
            "completedSem2": true,
            "completedAtSem2": "2025-12-18T07:00:40.645Z",
            "_id": "6943a067a6edc3cdca46d930"
          },
          {
            "teacherId": "6936ecea9a45697f7aadbfae",
            "completed": true,
            "completedAt": "2025-12-18T06:36:48.353Z",
            "completedSem1": true,
            "completedAtSem1": "2025-12-18T06:36:48.353Z",
            "completedSem2": true,
            "completedAtSem2": "2025-12-18T07:00:44.245Z",
            "_id": "6943a0f3a6edc3cdca46d9da"
          }
        ],
        "__v": 0,
        "data": {
          "table_2_16_row_0": [
            {
              "code": "lb",
              "label": "Lebanese",
              "emoji": "🇱🇧",
              "active": true,
              "level": "PS"
            },
            {
              "code": "fr",
              "label": "French",
              "emoji": "🇫🇷",
              "active": true,
              "level": "PS"
            },
            {
              "code": "en",
              "label": "English",
              "emoji": "🇬🇧",
              "active": true,
              "level": "PS"
            }
          ],
          "signatures": [
            {
              "type": "standard",
              "signedAt": "2025-12-18T06:36:57.642Z",
              "subAdminId": "69298f449e9a88ba819f9b75",
              "schoolYearId": "692ff6e007bd2be8b2cc2f3c",
              "schoolYearName": "2025/2026",
              "level": "PS"
            },
            {
              "type": "end_of_year",
              "signedAt": "2025-12-18T07:05:48.969Z",
              "subAdminId": "69298f449e9a88ba819f9b75",
              "schoolYearId": "69302c8376d55a479c3b8682",
              "schoolYearName": "2026/2027",
              "level": "PS"
            }
          ]
        },
        "completedAt": "2025-12-18T06:36:48.353Z",
        "completedAtSem1": "2025-12-18T06:36:48.353Z",
        "completedBy": "6936ecea9a45697f7aadbfae",
        "completedAtSem2": "2025-12-18T07:00:44.245Z"
      },
      "className": "PS A"
    },
    "createdAt": "2025-12-18T07:07:05.493Z",
    "__v": 0
  }
]