[
  {
    "_id": "692ff6e007bd2be8b2cc2f3c",
    "name": "2025/2026",
    "startDate": "2025-09-01T00:00:00.000Z",
    "endDate": "2026-07-01T00:00:00.000Z",
    "active": true,
    "__v": 0,
    "activeSemester": 1,
    "sequence": 2
  },
  {
    "_id": "69302c8376d55a479c3b8682",
    "name": "2026/2027",
    "startDate": "2026-09-01T00:00:00.000Z",
    "endDate": "2027-07-01T00:00:00.000Z",
    "active": false,
    "__v": 0,
    "activeSemester": 2,
    "sequence": 3
  },
  {
    "_id": "693fe11da66c8e01e1b682dd",
    "name": "2027/2028",
    "startDate": "2027-09-01T00:00:00.000Z",
    "endDate": "2028-07-01T00:00:00.000Z",
    "active": false,
    "activeSemester": 2,
    "__v": 0,
    "sequence": 4
  }
]