[
  {
    "_id": "69410be82727f7a5be61a780",
    "studentId": "69410b10a8ec89a9f835697a",
    "templateId": "693bac8cd5c6d548c2493ead",
    "sourceKey": "table_2_16_row_0",
    "__v": 0,
    "assignmentId": "69410b10a8ec89a9f8356987",
    "languages": [
      "lb",
      "fr",
      "en"
    ],
    "recordedAt": "2025-12-16T07:37:17.085Z",
    "recordedBy": "6936ecea9a45697f7aadbfae",
    "skillText": "Je sais reconnaitre mes enseignantes et mes copains de classe."
  },
  {
    "_id": "69414a602727f7a5be61a781",
    "studentId": "69368a5dc170178555bbe653",
    "templateId": "693bac8cd5c6d548c2493ead",
    "sourceKey": "table_2_16_row_0",
    "__v": 0,
    "assignmentId": "693faedd5c05bd906ca52918",
    "languages": [
      "lb",
      "fr"
    ],
    "recordedAt": "2025-12-16T12:03:18.483Z",
    "recordedBy": "6936ecea9a45697f7aadbfae",
    "skillText": "Je sais reconnaitre mes enseignantes et mes copains de classe."
  },
  {
    "_id": "69414a992727f7a5be61a782",
    "templateId": "693bac8cd5c6d548c2493ead",
    "sourceKey": "table_2_19_row_0",
    "studentId": "69368a5dc170178555bbe653",
    "__v": 0,
    "assignmentId": "693faedd5c05bd906ca52918",
    "languages": [
      "fr"
    ],
    "recordedAt": "2025-12-16T12:03:37.066Z",
    "recordedBy": "6936ecea9a45697f7aadbfae",
    "skillText": "Je sais écouter en silence."
  },
  {
    "_id": "69414da72727f7a5be61a783",
    "sourceKey": "table_2_16_row_0",
    "studentId": "69368a5dc170178555bbe68a",
    "templateId": "693bac8cd5c6d548c2493ead",
    "__v": 0,
    "assignmentId": "693faedd5c05bd906ca5291d",
    "languages": [
      "lb"
    ],
    "recordedAt": "2025-12-16T12:16:39.669Z",
    "recordedBy": "692fd7d1c6e2f27f3a0273b3",
    "skillText": "Je sais reconnaitre mes enseignantes et mes copains de classe."
  },
  {
    "_id": "69439fa9424ee805da0d56a1",
    "templateId": "693bac8cd5c6d548c2493ead",
    "sourceKey": "table_2_16_row_0",
    "studentId": "69439f6aa6edc3cdca46d6ec",
    "__v": 0,
    "assignmentId": "69439f6ba6edc3cdca46d6f9",
    "languages": [
      "lb",
      "fr",
      "en"
    ],
    "recordedAt": "2025-12-18T06:36:42.433Z",
    "recordedBy": "6936ecea9a45697f7aadbfae",
    "skillText": "Je sais reconnaitre mes enseignantes et mes copains de classe."
  }
]