[
  {
    "_id": "69298f7d339c1972782312c8",
    "teacherId": "69298f359e9a88ba819f9b71",
    "subAdminId": "69298f449e9a88ba819f9b75",
    "__v": 0,
    "assignedAt": "2025-12-08T08:24:08.310Z",
    "assignedBy": "69312ea31b2fe24a727c20d3"
  },
  {
    "_id": "692fdae80fcac806835f9c90",
    "teacherId": "692fd7d1c6e2f27f3a0273b3",
    "subAdminId": "69298f449e9a88ba819f9b75",
    "__v": 0,
    "assignedAt": "2025-12-08T08:22:24.382Z",
    "assignedBy": "69312ea31b2fe24a727c20d3"
  },
  {
    "_id": "693697017a9696e143d6de04",
    "subAdminId": "69327f0d616213b7062f1e5c",
    "teacherId": "69298f359e9a88ba819f9b71",
    "__v": 0,
    "assignedAt": "2025-12-08T09:14:45.126Z",
    "assignedBy": "69312ea31b2fe24a727c20d3"
  },
  {
    "_id": "693697037a9696e143d6de06",
    "subAdminId": "69327f0d616213b7062f1e5c",
    "teacherId": "692fd7d1c6e2f27f3a0273b3",
    "__v": 0,
    "assignedAt": "2025-12-08T09:14:43.627Z",
    "assignedBy": "69312ea31b2fe24a727c20d3"
  }
]