[
  {
    "_id": "69298f4f339c1972782312c6",
    "classId": "6915c985bb32f55265852ff9",
    "teacherId": "69298f359e9a88ba819f9b71",
    "__v": 0,
    "assignedAt": "2025-11-28T12:27:31.872Z",
    "assignedBy": "69159ae1c39c7b0427963393",
    "schoolYearId": "6915c54a572b6d1bc8838c30"
  },
  {
    "_id": "692fd7970fcac806835f9c8e",
    "classId": "692fd58ec6e2f27f3a0272d1",
    "teacherId": "69298f359e9a88ba819f9b71",
    "__v": 0,
    "assignedAt": "2025-12-03T08:30:26.619Z",
    "assignedBy": "69159ae1c39c7b0427963393",
    "schoolYearId": "692fd580c6e2f27f3a0272af"
  },
  {
    "_id": "692fd7dc0fcac806835f9c8f",
    "classId": "692fd58ec6e2f27f3a0272d1",
    "teacherId": "692fd7d1c6e2f27f3a0273b3",
    "__v": 0,
    "assignedAt": "2025-12-03T06:25:32.910Z",
    "assignedBy": "69159ae1c39c7b0427963393",
    "schoolYearId": "692fd580c6e2f27f3a0272af"
  },
  {
    "_id": "692ff5280fcac806835f9c99",
    "teacherId": "69298f359e9a88ba819f9b71",
    "classId": "692fd58ec6e2f27f3a0272d4",
    "__v": 0,
    "assignedAt": "2025-12-03T08:30:32.345Z",
    "assignedBy": "69159ae1c39c7b0427963393",
    "schoolYearId": "692fd580c6e2f27f3a0272af"
  },
  {
    "_id": "692ff5380fcac806835f9c9a",
    "teacherId": "69298f359e9a88ba819f9b71",
    "classId": "692fd590c6e2f27f3a0272e3",
    "__v": 0,
    "assignedAt": "2025-12-03T08:30:48.326Z",
    "assignedBy": "69159ae1c39c7b0427963393",
    "schoolYearId": "692fd580c6e2f27f3a0272af"
  },
  {
    "_id": "692ffc500fcac806835f9ca0",
    "classId": "692ff37595b6ff073a62dd6b",
    "teacherId": "69298f359e9a88ba819f9b71",
    "__v": 0,
    "assignedAt": "2025-12-03T09:01:04.388Z",
    "assignedBy": "69159ae1c39c7b0427963393",
    "schoolYearId": "692ff37595b6ff073a62dd68"
  },
  {
    "_id": "692ffe1d0fcac806835f9cab",
    "classId": "692ff70840783b2ec7d7a549",
    "teacherId": "69298f359e9a88ba819f9b71",
    "__v": 0,
    "assignedAt": "2025-12-05T13:21:36.717Z",
    "assignedBy": "69312ea31b2fe24a727c20d3",
    "schoolYearId": "692ff6e007bd2be8b2cc2f3c",
    "isProfPolyvalent": false,
    "languages": [
      "en"
    ]
  },
  {
    "_id": "69369f787a9696e143d6df3a",
    "classId": "692ff70740783b2ec7d7a53d",
    "teacherId": "69298f359e9a88ba819f9b71",
    "__v": 0,
    "assignedAt": "2025-12-08T09:50:48.662Z",
    "assignedBy": "69312ea31b2fe24a727c20d3",
    "isProfPolyvalent": false,
    "languages": [
      "en"
    ],
    "schoolYearId": "692ff6e007bd2be8b2cc2f3c"
  },
  {
    "_id": "6936a0307a9696e143d6df3b",
    "classId": "692ff70640783b2ec7d7a531",
    "teacherId": "69298f359e9a88ba819f9b71",
    "__v": 0,
    "assignedAt": "2025-12-08T09:53:52.090Z",
    "assignedBy": "69312ea31b2fe24a727c20d3",
    "isProfPolyvalent": false,
    "languages": [
      "en"
    ],
    "schoolYearId": "692ff6e007bd2be8b2cc2f3c"
  },
  {
    "_id": "6936a0307a9696e143d6df3c",
    "teacherId": "69298f359e9a88ba819f9b71",
    "classId": "692ff70640783b2ec7d7a534",
    "__v": 0,
    "assignedAt": "2025-12-08T09:53:52.091Z",
    "assignedBy": "69312ea31b2fe24a727c20d3",
    "isProfPolyvalent": false,
    "languages": [
      "en"
    ],
    "schoolYearId": "692ff6e007bd2be8b2cc2f3c"
  },
  {
    "_id": "6936a06e7a9696e143d6df3d",
    "classId": "692ff70640783b2ec7d7a531",
    "teacherId": "692fd7d1c6e2f27f3a0273b3",
    "__v": 0,
    "assignedAt": "2025-12-08T09:54:54.732Z",
    "assignedBy": "69312ea31b2fe24a727c20d3",
    "isProfPolyvalent": false,
    "languages": [
      "ar"
    ],
    "schoolYearId": "692ff6e007bd2be8b2cc2f3c"
  },
  {
    "_id": "6936a06e7a9696e143d6df3e",
    "teacherId": "692fd7d1c6e2f27f3a0273b3",
    "classId": "692ff70640783b2ec7d7a534",
    "__v": 0,
    "assignedAt": "2025-12-08T09:54:54.732Z",
    "assignedBy": "69312ea31b2fe24a727c20d3",
    "isProfPolyvalent": false,
    "languages": [
      "ar"
    ],
    "schoolYearId": "692ff6e007bd2be8b2cc2f3c"
  },
  {
    "_id": "6936a06e7a9696e143d6df3f",
    "classId": "692ff70740783b2ec7d7a53d",
    "teacherId": "692fd7d1c6e2f27f3a0273b3",
    "__v": 0,
    "assignedAt": "2025-12-08T09:54:54.733Z",
    "assignedBy": "69312ea31b2fe24a727c20d3",
    "isProfPolyvalent": false,
    "languages": [
      "ar"
    ],
    "schoolYearId": "692ff6e007bd2be8b2cc2f3c"
  },
  {
    "_id": "6936a06e7a9696e143d6df40",
    "teacherId": "692fd7d1c6e2f27f3a0273b3",
    "classId": "692ff70840783b2ec7d7a549",
    "__v": 0,
    "assignedAt": "2025-12-08T09:54:54.733Z",
    "assignedBy": "69312ea31b2fe24a727c20d3",
    "isProfPolyvalent": false,
    "languages": [
      "ar"
    ],
    "schoolYearId": "692ff6e007bd2be8b2cc2f3c"
  },
  {
    "_id": "6936ecfa7a9696e143d6df45",
    "teacherId": "6936ecea9a45697f7aadbfae",
    "classId": "692ff70740783b2ec7d7a540",
    "__v": 0,
    "assignedAt": "2025-12-08T15:21:30.309Z",
    "assignedBy": "69312ea31b2fe24a727c20d3",
    "isProfPolyvalent": true,
    "languages": [],
    "schoolYearId": "692ff6e007bd2be8b2cc2f3c"
  },
  {
    "_id": "6936ecfa7a9696e143d6df46",
    "teacherId": "6936ecea9a45697f7aadbfae",
    "classId": "692ff70940783b2ec7d7a54c",
    "__v": 0,
    "assignedAt": "2025-12-08T15:21:30.310Z",
    "assignedBy": "69312ea31b2fe24a727c20d3",
    "isProfPolyvalent": true,
    "languages": [],
    "schoolYearId": "692ff6e007bd2be8b2cc2f3c"
  },
  {
    "_id": "6936ecfa7a9696e143d6df47",
    "teacherId": "6936ecea9a45697f7aadbfae",
    "classId": "692ff70840783b2ec7d7a549",
    "__v": 0,
    "assignedAt": "2025-12-08T15:21:30.310Z",
    "assignedBy": "69312ea31b2fe24a727c20d3",
    "isProfPolyvalent": true,
    "languages": [],
    "schoolYearId": "692ff6e007bd2be8b2cc2f3c"
  },
  {
    "_id": "69381f172482f34578857326",
    "teacherId": "6936ecea9a45697f7aadbfae",
    "classId": "692ff70640783b2ec7d7a531",
    "__v": 0,
    "assignedAt": "2025-12-09T13:07:35.800Z",
    "assignedBy": "69312ea31b2fe24a727c20d3",
    "isProfPolyvalent": true,
    "languages": [],
    "schoolYearId": "692ff6e007bd2be8b2cc2f3c"
  },
  {
    "_id": "69381f172482f34578857327",
    "classId": "692ff70640783b2ec7d7a534",
    "teacherId": "6936ecea9a45697f7aadbfae",
    "__v": 0,
    "assignedAt": "2025-12-09T13:07:35.802Z",
    "assignedBy": "69312ea31b2fe24a727c20d3",
    "isProfPolyvalent": true,
    "languages": [],
    "schoolYearId": "692ff6e007bd2be8b2cc2f3c"
  },
  {
    "_id": "693faef95c05bd906ca529d8",
    "classId": "692ff70740783b2ec7d7a53d",
    "teacherId": "6936ecea9a45697f7aadbfae",
    "__v": 0,
    "assignedAt": "2025-12-15T06:47:21.429Z",
    "assignedBy": "69312ea31b2fe24a727c20d3",
    "isProfPolyvalent": true,
    "languages": [],
    "schoolYearId": "692ff6e007bd2be8b2cc2f3c"
  },
  {
    "_id": "693fb0e45c05bd906ca529d9",
    "classId": "693fb0b1ffcb20306ba6e7f7",
    "teacherId": "69298f359e9a88ba819f9b71",
    "__v": 0,
    "assignedAt": "2025-12-15T06:55:32.077Z",
    "assignedBy": "69312ea31b2fe24a727c20d3",
    "isProfPolyvalent": false,
    "languages": [
      "en"
    ],
    "schoolYearId": "69302c8376d55a479c3b8682"
  },
  {
    "_id": "693fb0e95c05bd906ca529da",
    "teacherId": "692fd7d1c6e2f27f3a0273b3",
    "classId": "693fb0b1ffcb20306ba6e7f7",
    "__v": 0,
    "assignedAt": "2025-12-15T06:55:37.105Z",
    "assignedBy": "69312ea31b2fe24a727c20d3",
    "isProfPolyvalent": false,
    "languages": [
      "ar"
    ],
    "schoolYearId": "69302c8376d55a479c3b8682"
  },
  {
    "_id": "693fb0ee5c05bd906ca529db",
    "classId": "693fb0b1ffcb20306ba6e7f7",
    "teacherId": "6936ecea9a45697f7aadbfae",
    "__v": 0,
    "assignedAt": "2025-12-15T06:55:42.346Z",
    "assignedBy": "69312ea31b2fe24a727c20d3",
    "isProfPolyvalent": true,
    "languages": [],
    "schoolYearId": "69302c8376d55a479c3b8682"
  },
  {
    "_id": "693fe1b65c05bd906ca529dc",
    "classId": "693fe179a66c8e01e1b68616",
    "teacherId": "69298f359e9a88ba819f9b71",
    "__v": 0,
    "assignedAt": "2025-12-15T10:23:50.190Z",
    "assignedBy": "69312ea31b2fe24a727c20d3",
    "isProfPolyvalent": false,
    "languages": [
      "en"
    ],
    "schoolYearId": "693fe11da66c8e01e1b682dd"
  },
  {
    "_id": "693fe1d25c05bd906ca529dd",
    "classId": "693fe179a66c8e01e1b68616",
    "teacherId": "692fd7d1c6e2f27f3a0273b3",
    "__v": 0,
    "assignedAt": "2025-12-15T10:24:18.752Z",
    "assignedBy": "69312ea31b2fe24a727c20d3",
    "isProfPolyvalent": false,
    "languages": [
      "ar"
    ],
    "schoolYearId": "693fe11da66c8e01e1b682dd"
  },
  {
    "_id": "693fe1d85c05bd906ca529de",
    "classId": "693fe179a66c8e01e1b68616",
    "teacherId": "6936ecea9a45697f7aadbfae",
    "__v": 0,
    "assignedAt": "2025-12-15T10:24:24.129Z",
    "assignedBy": "69312ea31b2fe24a727c20d3",
    "isProfPolyvalent": true,
    "languages": [],
    "schoolYearId": "693fe11da66c8e01e1b682dd"
  }
]