[
  {
    "_id": "6929a5af14ec6bc090ba4000",
    "templateAssignmentId": "69298f76339c1972782312c7",
    "subAdminId": "69298f449e9a88ba819f9b75",
    "signedAt": "2025-11-28T13:37:51.939Z",
    "status": "signed",
    "__v": 0
  },
  {
    "_id": "6929b194fe6cc3d4f4c70da8",
    "templateAssignmentId": "6929903c339c1972782312c9",
    "subAdminId": "69298f449e9a88ba819f9b75",
    "signedAt": "2025-11-28T14:28:36.829Z",
    "status": "signed",
    "__v": 0
  },
  {
    "_id": "692fdceec6e2f27f3a027a62",
    "templateAssignmentId": "692fdafb0fcac806835f9c92",
    "subAdminId": "69298f449e9a88ba819f9b75",
    "signedAt": "2025-12-03T06:47:10.548Z",
    "status": "signed",
    "__v": 0
  },
  {
    "_id": "693fb065ffcb20306ba6e331",
    "templateAssignmentId": "693faedd5c05bd906ca52917",
    "subAdminId": "69298f449e9a88ba819f9b75",
    "signedAt": "2025-12-15T06:53:25.433Z",
    "status": "signed",
    "type": "standard",
    "level": "PS",
    "__v": 0
  },
  {
    "_id": "693fb095ffcb20306ba6e79f",
    "templateAssignmentId": "693faedd5c05bd906ca52917",
    "subAdminId": "69298f449e9a88ba819f9b75",
    "signedAt": "2025-12-15T06:54:13.308Z",
    "status": "signed",
    "type": "end_of_year",
    "level": "PS",
    "__v": 0
  },
  {
    "_id": "693fb22cffcb20306ba6f190",
    "templateAssignmentId": "693fb1ebffcb20306ba6ece9",
    "subAdminId": "69298f449e9a88ba819f9b75",
    "signedAt": "2025-12-15T07:01:00.301Z",
    "status": "signed",
    "type": "standard",
    "level": "PS",
    "__v": 0
  },
  {
    "_id": "693fb265ffcb20306ba6f627",
    "templateAssignmentId": "693fb1ebffcb20306ba6ece9",
    "subAdminId": "69298f449e9a88ba819f9b75",
    "signedAt": "2025-12-15T07:01:57.751Z",
    "status": "signed",
    "type": "end_of_year",
    "level": "PS",
    "__v": 0
  },
  {
    "_id": "693fb843dbe2e8ad0cc749cc",
    "templateAssignmentId": "693fb1ebffcb20306ba6ece9",
    "subAdminId": "69298f449e9a88ba819f9b75",
    "signedAt": "2025-12-15T07:26:59.882Z",
    "status": "signed",
    "type": "standard",
    "level": "MS",
    "__v": 0
  },
  {
    "_id": "693fba2edbe2e8ad0cc74e84",
    "templateAssignmentId": "693fb970dbe2e8ad0cc74a33",
    "subAdminId": "69298f449e9a88ba819f9b75",
    "signedAt": "2025-12-15T07:35:10.443Z",
    "status": "signed",
    "type": "standard",
    "level": "PS",
    "__v": 0
  },
  {
    "_id": "693fba6fdbe2e8ad0cc7542d",
    "templateAssignmentId": "693fb970dbe2e8ad0cc74a33",
    "subAdminId": "69298f449e9a88ba819f9b75",
    "signedAt": "2025-12-15T07:36:15.961Z",
    "status": "signed",
    "type": "end_of_year",
    "level": "PS",
    "__v": 0
  },
  {
    "_id": "693fbac1dbe2e8ad0cc756f8",
    "templateAssignmentId": "693fb970dbe2e8ad0cc74a33",
    "subAdminId": "69298f449e9a88ba819f9b75",
    "signedAt": "2025-12-15T07:37:37.372Z",
    "status": "signed",
    "type": "standard",
    "level": "MS",
    "__v": 0
  },
  {
    "_id": "693fbf5f67f6b846b9434ae7",
    "templateAssignmentId": "693fbf1567f6b846b9434645",
    "subAdminId": "69298f449e9a88ba819f9b75",
    "signedAt": "2025-12-15T07:57:19.384Z",
    "status": "signed",
    "type": "standard",
    "level": "PS",
    "__v": 0
  },
  {
    "_id": "693fbf9967f6b846b9434f85",
    "templateAssignmentId": "693fbf1567f6b846b9434645",
    "subAdminId": "69298f449e9a88ba819f9b75",
    "signedAt": "2025-12-15T07:58:17.713Z",
    "status": "signed",
    "type": "end_of_year",
    "level": "PS",
    "__v": 0
  },
  {
    "_id": "693fc1c6c9b3aa535e310a93",
    "templateAssignmentId": "693fc170c9b3aa535e31061e",
    "subAdminId": "69298f449e9a88ba819f9b75",
    "signedAt": "2025-12-15T08:07:34.850Z",
    "status": "signed",
    "type": "standard",
    "level": "PS",
    "__v": 0
  },
  {
    "_id": "693fc2aec9b3aa535e310f57",
    "templateAssignmentId": "693fc170c9b3aa535e31061e",
    "subAdminId": "69298f449e9a88ba819f9b75",
    "signedAt": "2025-12-15T08:11:26.158Z",
    "status": "signed",
    "type": "end_of_year",
    "level": "PS",
    "__v": 0
  },
  {
    "_id": "693fddd5a66c8e01e1b6752e",
    "templateAssignmentId": "693fc170c9b3aa535e31061e",
    "subAdminId": "69298f449e9a88ba819f9b75",
    "signedAt": "2025-12-15T10:07:17.853Z",
    "status": "signed",
    "type": "standard",
    "level": "MS",
    "__v": 0
  },
  {
    "_id": "693fe09da66c8e01e1b67a60",
    "templateAssignmentId": "693fe073a66c8e01e1b675e1",
    "subAdminId": "69298f449e9a88ba819f9b75",
    "signedAt": "2025-12-15T10:19:09.294Z",
    "status": "signed",
    "type": "standard",
    "level": "PS",
    "__v": 0
  },
  {
    "_id": "693fe0d3a66c8e01e1b67fbb",
    "templateAssignmentId": "693fe073a66c8e01e1b675e1",
    "subAdminId": "69298f449e9a88ba819f9b75",
    "signedAt": "2025-12-15T10:20:03.769Z",
    "status": "signed",
    "type": "end_of_year",
    "level": "PS",
    "__v": 0
  },
  {
    "_id": "693fe110a66c8e01e1b682b7",
    "templateAssignmentId": "693fe073a66c8e01e1b675e1",
    "subAdminId": "69298f449e9a88ba819f9b75",
    "signedAt": "2025-12-15T10:21:04.304Z",
    "status": "signed",
    "type": "standard",
    "level": "MS",
    "__v": 0
  },
  {
    "_id": "693fe160a66c8e01e1b685bc",
    "templateAssignmentId": "693fc170c9b3aa535e31061e",
    "subAdminId": "69298f449e9a88ba819f9b75",
    "signedAt": "2025-12-15T10:22:24.881Z",
    "status": "signed",
    "type": "end_of_year",
    "level": "MS",
    "__v": 0
  },
  {
    "_id": "69410e02a8ec89a9f8357e2c",
    "templateAssignmentId": "69410b10a8ec89a9f8356987",
    "subAdminId": "69298f449e9a88ba819f9b75",
    "signedAt": "2025-12-16T07:45:06.744Z",
    "status": "signed",
    "type": "standard",
    "level": "PS",
    "__v": 0
  },
  {
    "_id": "69410eb1a8ec89a9f8358fb3",
    "templateAssignmentId": "69410b10a8ec89a9f8356987",
    "subAdminId": "69298f449e9a88ba819f9b75",
    "signedAt": "2025-12-16T07:48:01.577Z",
    "status": "signed",
    "type": "end_of_year",
    "level": "PS",
    "__v": 0
  },
  {
    "_id": "69426a600b06b41a4615eb7a",
    "templateAssignmentId": "693fc170c9b3aa535e31061e",
    "subAdminId": "69298f449e9a88ba819f9b75",
    "signedAt": "2025-12-17T08:31:28.711Z",
    "status": "signed",
    "type": "standard",
    "level": "GS",
    "__v": 0
  },
  {
    "_id": "69427472e66526f09803d40b",
    "templateAssignmentId": "693fc170c9b3aa535e31061e",
    "subAdminId": "69298f449e9a88ba819f9b75",
    "signedAt": "2025-12-17T09:14:26.940Z",
    "status": "signed",
    "type": "end_of_year",
    "level": "GS",
    "__v": 0
  },
  {
    "_id": "69427a965945d6938d02a604",
    "templateAssignmentId": "694276ca5945d6938d02a302",
    "subAdminId": "69298f449e9a88ba819f9b75",
    "signedAt": "2025-12-17T09:40:38.651Z",
    "status": "signed",
    "type": "standard",
    "level": "PS",
    "__v": 0
  },
  {
    "_id": "69427ace5945d6938d02a924",
    "templateAssignmentId": "694276ca5945d6938d02a302",
    "subAdminId": "69298f449e9a88ba819f9b75",
    "signedAt": "2025-12-17T09:41:34.803Z",
    "status": "signed",
    "type": "end_of_year",
    "level": "PS",
    "__v": 0
  },
  {
    "_id": "6942827aa0eb0c0b2f732dce",
    "templateAssignmentId": "694276ca5945d6938d02a302",
    "subAdminId": "69298f449e9a88ba819f9b75",
    "signedAt": "2025-12-17T10:14:18.834Z",
    "status": "signed",
    "type": "standard",
    "level": "MS",
    "__v": 0
  },
  {
    "_id": "6942828ea0eb0c0b2f732f01",
    "templateAssignmentId": "694276ca5945d6938d02a302",
    "subAdminId": "69298f449e9a88ba819f9b75",
    "signedAt": "2025-12-17T10:14:38.820Z",
    "status": "signed",
    "type": "end_of_year",
    "level": "MS",
    "__v": 0
  },
  {
    "_id": "694282b9a0eb0c0b2f732fa5",
    "templateAssignmentId": "693fe073a66c8e01e1b675e1",
    "subAdminId": "69298f449e9a88ba819f9b75",
    "signedAt": "2025-12-17T10:15:21.398Z",
    "status": "signed",
    "type": "end_of_year",
    "level": "MS",
    "__v": 0
  },
  {
    "_id": "69428334a0eb0c0b2f733347",
    "templateAssignmentId": "694282d3a0eb0c0b2f732fdf",
    "subAdminId": "69298f449e9a88ba819f9b75",
    "signedAt": "2025-12-17T10:17:24.881Z",
    "status": "signed",
    "type": "standard",
    "level": "PS",
    "__v": 0
  },
  {
    "_id": "6942835ea0eb0c0b2f733660",
    "templateAssignmentId": "694282d3a0eb0c0b2f732fdf",
    "subAdminId": "69298f449e9a88ba819f9b75",
    "signedAt": "2025-12-17T10:18:06.666Z",
    "status": "signed",
    "type": "end_of_year",
    "level": "PS",
    "__v": 0
  },
  {
    "_id": "6942838ea0eb0c0b2f7338ef",
    "templateAssignmentId": "694282d3a0eb0c0b2f732fdf",
    "subAdminId": "69298f449e9a88ba819f9b75",
    "signedAt": "2025-12-17T10:18:54.783Z",
    "status": "signed",
    "type": "standard",
    "level": "MS",
    "__v": 0
  },
  {
    "_id": "6942865af3c6974f62e44ad3",
    "templateAssignmentId": "694282d3a0eb0c0b2f732fdf",
    "subAdminId": "69298f449e9a88ba819f9b75",
    "signedAt": "2025-12-17T10:30:50.509Z",
    "status": "signed",
    "type": "end_of_year",
    "level": "MS",
    "__v": 0
  },
  {
    "_id": "69428834f3c6974f62e44e4b",
    "templateAssignmentId": "69428741f3c6974f62e44b33",
    "subAdminId": "69298f449e9a88ba819f9b75",
    "signedAt": "2025-12-17T10:38:44.500Z",
    "status": "signed",
    "type": "standard",
    "level": "PS",
    "__v": 0
  },
  {
    "_id": "6942886bf3c6974f62e451dc",
    "templateAssignmentId": "69428741f3c6974f62e44b33",
    "subAdminId": "69298f449e9a88ba819f9b75",
    "signedAt": "2025-12-17T10:39:39.444Z",
    "status": "signed",
    "type": "end_of_year",
    "level": "PS",
    "__v": 0
  },
  {
    "_id": "694294973d4244617491b266",
    "templateAssignmentId": "693fb1ebffcb20306ba6ece9",
    "subAdminId": "69298f449e9a88ba819f9b75",
    "signedAt": "2025-12-17T11:31:35.553Z",
    "status": "signed",
    "type": "end_of_year",
    "level": "MS",
    "__v": 0
  },
  {
    "_id": "69429797a1ad50794fcb22a4",
    "templateAssignmentId": "693fb970dbe2e8ad0cc74a33",
    "subAdminId": "69298f449e9a88ba819f9b75",
    "signedAt": "2025-12-17T11:44:23.850Z",
    "status": "signed",
    "type": "end_of_year",
    "level": "MS",
    "__v": 0
  },
  {
    "_id": "69429f043d288cd12fec4b4a",
    "templateAssignmentId": "69429edc3d288cd12fec4867",
    "subAdminId": "69298f449e9a88ba819f9b75",
    "signedAt": "2025-12-17T12:16:04.969Z",
    "status": "signed",
    "type": "standard",
    "level": "PS",
    "__v": 0
  },
  {
    "_id": "69429f383d288cd12fec4e82",
    "templateAssignmentId": "69429edc3d288cd12fec4867",
    "subAdminId": "69298f449e9a88ba819f9b75",
    "signedAt": "2025-12-17T12:16:56.838Z",
    "status": "signed",
    "type": "end_of_year",
    "level": "PS",
    "__v": 0
  },
  {
    "_id": "6942a4ba234da7de4907456e",
    "templateAssignmentId": "6942a481234da7de490741c5",
    "subAdminId": "69298f449e9a88ba819f9b75",
    "signedAt": "2025-12-17T12:40:26.366Z",
    "status": "signed",
    "type": "standard",
    "level": "PS",
    "__v": 0
  },
  {
    "_id": "6942a4e0234da7de49074890",
    "templateAssignmentId": "6942a481234da7de490741c5",
    "subAdminId": "69298f449e9a88ba819f9b75",
    "signedAt": "2025-12-17T12:41:04.066Z",
    "status": "signed",
    "type": "end_of_year",
    "level": "PS",
    "__v": 0
  },
  {
    "_id": "6942a5731bc15ad5a22040b3",
    "templateAssignmentId": "6942a54b1bc15ad5a2203dc7",
    "subAdminId": "69298f449e9a88ba819f9b75",
    "signedAt": "2025-12-17T12:43:31.574Z",
    "status": "signed",
    "type": "standard",
    "level": "PS",
    "__v": 0
  },
  {
    "_id": "6942a59c1bc15ad5a22043dc",
    "templateAssignmentId": "6942a54b1bc15ad5a2203dc7",
    "subAdminId": "69298f449e9a88ba819f9b75",
    "signedAt": "2025-12-17T12:44:12.904Z",
    "status": "signed",
    "type": "end_of_year",
    "level": "PS",
    "__v": 0
  },
  {
    "_id": "6942aab023538b734163b8ab",
    "templateAssignmentId": "6942aa6a23538b734163b597",
    "subAdminId": "69298f449e9a88ba819f9b75",
    "signedAt": "2025-12-17T13:05:52.332Z",
    "status": "signed",
    "type": "end_of_year",
    "level": "PS",
    "__v": 0
  },
  {
    "_id": "6943a109a6edc3cdca46da5b",
    "templateAssignmentId": "69439f6ba6edc3cdca46d6f9",
    "subAdminId": "69298f449e9a88ba819f9b75",
    "signedAt": "2025-12-18T06:36:57.639Z",
    "status": "signed",
    "type": "standard",
    "level": "PS",
    "__v": 0
  },
  {
    "_id": "6943a7cca6edc3cdca46e13c",
    "templateAssignmentId": "69439f6ba6edc3cdca46d6f9",
    "subAdminId": "69298f449e9a88ba819f9b75",
    "signedAt": "2025-12-18T07:05:48.968Z",
    "status": "signed",
    "type": "end_of_year",
    "level": "PS",
    "__v": 0
  }
]