[
  {
    "_id": "6995611263b8236691b8f8de",
    "teacherId": "699560df8e07f416331eeb07",
    "classId": "69955f848e07f416331ee6b8",
    "__v": 0,
    "assignedAt": "2026-02-18T06:49:54.669Z",
    "assignedBy": "6969e173827809378fcb57a8",
    "isProfPolyvalent": true,
    "languages": [],
    "schoolYearId": "69955b068e07f416331e7ea2"
  },
  {
    "_id": "6995611263b8236691b8f8df",
    "teacherId": "699560df8e07f416331eeb09",
    "classId": "69955f848e07f416331ee6b8",
    "__v": 0,
    "assignedAt": "2026-02-18T06:49:54.675Z",
    "assignedBy": "6969e173827809378fcb57a8",
    "isProfPolyvalent": true,
    "languages": [],
    "schoolYearId": "69955b068e07f416331e7ea2"
  },
  {
    "_id": "6995611263b8236691b8f8e0",
    "classId": "69955f848e07f416331ee6bb",
    "teacherId": "699560df8e07f416331eeb0d",
    "__v": 0,
    "assignedAt": "2026-02-18T06:49:54.677Z",
    "assignedBy": "6969e173827809378fcb57a8",
    "isProfPolyvalent": true,
    "languages": [],
    "schoolYearId": "69955b068e07f416331e7ea2"
  },
  {
    "_id": "6995611263b8236691b8f8e1",
    "classId": "69955f848e07f416331ee6bc",
    "teacherId": "699560df8e07f416331eeb32",
    "__v": 0,
    "assignedAt": "2026-02-18T06:49:54.679Z",
    "assignedBy": "6969e173827809378fcb57a8",
    "isProfPolyvalent": true,
    "languages": [],
    "schoolYearId": "69955b068e07f416331e7ea2"
  },
  {
    "_id": "6995611263b8236691b8f8e2",
    "teacherId": "699560df8e07f416331eeb39",
    "classId": "69955e218e07f416331edfbf",
    "__v": 0,
    "assignedAt": "2026-02-18T06:49:54.681Z",
    "assignedBy": "6969e173827809378fcb57a8",
    "isProfPolyvalent": true,
    "languages": [],
    "schoolYearId": "69955b068e07f416331e7ea2"
  },
  {
    "_id": "6995611263b8236691b8f8e3",
    "teacherId": "699560df8e07f416331eeb3e",
    "classId": "69955e218e07f416331ee11e",
    "__v": 0,
    "assignedAt": "2026-02-18T06:49:54.683Z",
    "assignedBy": "6969e173827809378fcb57a8",
    "isProfPolyvalent": true,
    "languages": [],
    "schoolYearId": "69955b068e07f416331e7ea2"
  },
  {
    "_id": "6995611263b8236691b8f8e4",
    "teacherId": "699560df8e07f416331eeb6c",
    "classId": "69955e228e07f416331ee3d3",
    "__v": 0,
    "assignedAt": "2026-02-18T06:49:54.855Z",
    "assignedBy": "6969e173827809378fcb57a8",
    "isProfPolyvalent": true,
    "languages": [],
    "schoolYearId": "69955b068e07f416331e7ea2"
  },
  {
    "_id": "6995611263b8236691b8f8e5",
    "classId": "69955e228e07f416331ee265",
    "teacherId": "699560df8e07f416331eeb40",
    "__v": 0,
    "assignedAt": "2026-02-18T06:49:54.857Z",
    "assignedBy": "6969e173827809378fcb57a8",
    "isProfPolyvalent": true,
    "languages": [],
    "schoolYearId": "69955b068e07f416331e7ea2"
  },
  {
    "_id": "6995611263b8236691b8f8e6",
    "teacherId": "699560df8e07f416331eeb6e",
    "classId": "69955e238e07f416331ee534",
    "__v": 0,
    "assignedAt": "2026-02-18T06:49:54.858Z",
    "assignedBy": "6969e173827809378fcb57a8",
    "isProfPolyvalent": true,
    "languages": [],
    "schoolYearId": "69955b068e07f416331e7ea2"
  },
  {
    "_id": "6995611263b8236691b8f8e7",
    "classId": "69955e238e07f416331ee534",
    "teacherId": "699560df8e07f416331eeb70",
    "__v": 0,
    "assignedAt": "2026-02-18T06:49:54.860Z",
    "assignedBy": "6969e173827809378fcb57a8",
    "isProfPolyvalent": true,
    "languages": [],
    "schoolYearId": "69955b068e07f416331e7ea2"
  },
  {
    "_id": "6995611263b8236691b8f8e8",
    "teacherId": "699560df8e07f416331eeb72",
    "classId": "69955f848e07f416331ee6ba",
    "__v": 0,
    "assignedAt": "2026-02-18T06:49:54.861Z",
    "assignedBy": "6969e173827809378fcb57a8",
    "isProfPolyvalent": false,
    "languages": [
      "en"
    ],
    "schoolYearId": "69955b068e07f416331e7ea2"
  },
  {
    "_id": "6995611263b8236691b8f8e9",
    "classId": "69955f848e07f416331ee6b9",
    "teacherId": "699560df8e07f416331eeb72",
    "__v": 0,
    "assignedAt": "2026-02-18T06:49:54.863Z",
    "assignedBy": "6969e173827809378fcb57a8",
    "isProfPolyvalent": false,
    "languages": [
      "en"
    ],
    "schoolYearId": "69955b068e07f416331e7ea2"
  },
  {
    "_id": "6995611263b8236691b8f8ea",
    "teacherId": "699560df8e07f416331eeb72",
    "classId": "69955f848e07f416331ee6bd",
    "__v": 0,
    "assignedAt": "2026-02-18T06:49:54.995Z",
    "assignedBy": "6969e173827809378fcb57a8",
    "isProfPolyvalent": false,
    "languages": [
      "en"
    ],
    "schoolYearId": "69955b068e07f416331e7ea2"
  },
  {
    "_id": "6995611363b8236691b8f8eb",
    "classId": "69955f848e07f416331ee6b8",
    "teacherId": "699560df8e07f416331eeb72",
    "__v": 0,
    "assignedAt": "2026-02-18T06:49:54.997Z",
    "assignedBy": "6969e173827809378fcb57a8",
    "isProfPolyvalent": false,
    "languages": [
      "en"
    ],
    "schoolYearId": "69955b068e07f416331e7ea2"
  },
  {
    "_id": "6995611363b8236691b8f8ec",
    "classId": "69955f848e07f416331ee6bb",
    "teacherId": "699560df8e07f416331eeb72",
    "__v": 0,
    "assignedAt": "2026-02-18T06:49:54.999Z",
    "assignedBy": "6969e173827809378fcb57a8",
    "isProfPolyvalent": false,
    "languages": [
      "en"
    ],
    "schoolYearId": "69955b068e07f416331e7ea2"
  },
  {
    "_id": "6995611363b8236691b8f8ed",
    "teacherId": "699560df8e07f416331eeb72",
    "classId": "69955f848e07f416331ee6bc",
    "__v": 0,
    "assignedAt": "2026-02-18T06:49:55.002Z",
    "assignedBy": "6969e173827809378fcb57a8",
    "isProfPolyvalent": false,
    "languages": [
      "en"
    ],
    "schoolYearId": "69955b068e07f416331e7ea2"
  },
  {
    "_id": "6995611363b8236691b8f8ee",
    "classId": "69955e218e07f416331edfbf",
    "teacherId": "699560df8e07f416331eeb72",
    "__v": 0,
    "assignedAt": "2026-02-18T06:49:55.005Z",
    "assignedBy": "6969e173827809378fcb57a8",
    "isProfPolyvalent": false,
    "languages": [
      "en"
    ],
    "schoolYearId": "69955b068e07f416331e7ea2"
  },
  {
    "_id": "6995611363b8236691b8f8ef",
    "teacherId": "699560df8e07f416331eeb72",
    "classId": "69955e218e07f416331ee11e",
    "__v": 0,
    "assignedAt": "2026-02-18T06:49:55.014Z",
    "assignedBy": "6969e173827809378fcb57a8",
    "isProfPolyvalent": false,
    "languages": [
      "en"
    ],
    "schoolYearId": "69955b068e07f416331e7ea2"
  },
  {
    "_id": "6995611363b8236691b8f8f0",
    "teacherId": "699560df8e07f416331eeb72",
    "classId": "69955e228e07f416331ee265",
    "__v": 0,
    "assignedAt": "2026-02-18T06:49:55.166Z",
    "assignedBy": "6969e173827809378fcb57a8",
    "isProfPolyvalent": false,
    "languages": [
      "en"
    ],
    "schoolYearId": "69955b068e07f416331e7ea2"
  },
  {
    "_id": "6995611363b8236691b8f8f1",
    "classId": "69955e228e07f416331ee3d3",
    "teacherId": "699560df8e07f416331eeb72",
    "__v": 0,
    "assignedAt": "2026-02-18T06:49:55.169Z",
    "assignedBy": "6969e173827809378fcb57a8",
    "isProfPolyvalent": false,
    "languages": [
      "en"
    ],
    "schoolYearId": "69955b068e07f416331e7ea2"
  },
  {
    "_id": "6995611363b8236691b8f8f2",
    "teacherId": "699560df8e07f416331eeb72",
    "classId": "69955e238e07f416331ee534",
    "__v": 0,
    "assignedAt": "2026-02-18T06:49:55.175Z",
    "assignedBy": "6969e173827809378fcb57a8",
    "isProfPolyvalent": false,
    "languages": [
      "en"
    ],
    "schoolYearId": "69955b068e07f416331e7ea2"
  },
  {
    "_id": "6995611363b8236691b8f8f3",
    "classId": "69955f848e07f416331ee6ba",
    "teacherId": "699560df8e07f416331eeb86",
    "__v": 0,
    "assignedAt": "2026-02-18T06:49:55.177Z",
    "assignedBy": "6969e173827809378fcb57a8",
    "isProfPolyvalent": false,
    "languages": [
      "en"
    ],
    "schoolYearId": "69955b068e07f416331e7ea2"
  },
  {
    "_id": "6995611363b8236691b8f8f4",
    "classId": "69955f848e07f416331ee6b9",
    "teacherId": "699560df8e07f416331eeb86",
    "__v": 0,
    "assignedAt": "2026-02-18T06:49:55.184Z",
    "assignedBy": "6969e173827809378fcb57a8",
    "isProfPolyvalent": false,
    "languages": [
      "en"
    ],
    "schoolYearId": "69955b068e07f416331e7ea2"
  },
  {
    "_id": "6995611363b8236691b8f8f5",
    "teacherId": "699560df8e07f416331eeb86",
    "classId": "69955f848e07f416331ee6bd",
    "__v": 0,
    "assignedAt": "2026-02-18T06:49:55.192Z",
    "assignedBy": "6969e173827809378fcb57a8",
    "isProfPolyvalent": false,
    "languages": [
      "en"
    ],
    "schoolYearId": "69955b068e07f416331e7ea2"
  },
  {
    "_id": "6995611363b8236691b8f8f6",
    "teacherId": "699560df8e07f416331eeb86",
    "classId": "69955f848e07f416331ee6b8",
    "__v": 0,
    "assignedAt": "2026-02-18T06:49:55.342Z",
    "assignedBy": "6969e173827809378fcb57a8",
    "isProfPolyvalent": false,
    "languages": [
      "en"
    ],
    "schoolYearId": "69955b068e07f416331e7ea2"
  },
  {
    "_id": "6995611363b8236691b8f8f7",
    "teacherId": "699560df8e07f416331eeb86",
    "classId": "69955f848e07f416331ee6bb",
    "__v": 0,
    "assignedAt": "2026-02-18T06:49:55.344Z",
    "assignedBy": "6969e173827809378fcb57a8",
    "isProfPolyvalent": false,
    "languages": [
      "en"
    ],
    "schoolYearId": "69955b068e07f416331e7ea2"
  },
  {
    "_id": "6995611363b8236691b8f8f8",
    "teacherId": "699560df8e07f416331eeb86",
    "classId": "69955f848e07f416331ee6bc",
    "__v": 0,
    "assignedAt": "2026-02-18T06:49:55.346Z",
    "assignedBy": "6969e173827809378fcb57a8",
    "isProfPolyvalent": false,
    "languages": [
      "en"
    ],
    "schoolYearId": "69955b068e07f416331e7ea2"
  },
  {
    "_id": "6995611363b8236691b8f8f9",
    "teacherId": "699560df8e07f416331eeb86",
    "classId": "69955e218e07f416331edfbf",
    "__v": 0,
    "assignedAt": "2026-02-18T06:49:55.350Z",
    "assignedBy": "6969e173827809378fcb57a8",
    "isProfPolyvalent": false,
    "languages": [
      "en"
    ],
    "schoolYearId": "69955b068e07f416331e7ea2"
  },
  {
    "_id": "6995611363b8236691b8f8fa",
    "classId": "69955e218e07f416331ee11e",
    "teacherId": "699560df8e07f416331eeb86",
    "__v": 0,
    "assignedAt": "2026-02-18T06:49:55.358Z",
    "assignedBy": "6969e173827809378fcb57a8",
    "isProfPolyvalent": false,
    "languages": [
      "en"
    ],
    "schoolYearId": "69955b068e07f416331e7ea2"
  },
  {
    "_id": "6995611363b8236691b8f8fb",
    "teacherId": "699560df8e07f416331eeb86",
    "classId": "69955e228e07f416331ee265",
    "__v": 0,
    "assignedAt": "2026-02-18T06:49:55.366Z",
    "assignedBy": "6969e173827809378fcb57a8",
    "isProfPolyvalent": false,
    "languages": [
      "en"
    ],
    "schoolYearId": "69955b068e07f416331e7ea2"
  },
  {
    "_id": "6995611363b8236691b8f8fc",
    "teacherId": "699560df8e07f416331eeb86",
    "classId": "69955e228e07f416331ee3d3",
    "__v": 0,
    "assignedAt": "2026-02-18T06:49:55.502Z",
    "assignedBy": "6969e173827809378fcb57a8",
    "isProfPolyvalent": false,
    "languages": [
      "en"
    ],
    "schoolYearId": "69955b068e07f416331e7ea2"
  },
  {
    "_id": "6995611363b8236691b8f8fd",
    "classId": "69955e238e07f416331ee534",
    "teacherId": "699560df8e07f416331eeb86",
    "__v": 0,
    "assignedAt": "2026-02-18T06:49:55.504Z",
    "assignedBy": "6969e173827809378fcb57a8",
    "isProfPolyvalent": false,
    "languages": [
      "en"
    ],
    "schoolYearId": "69955b068e07f416331e7ea2"
  },
  {
    "_id": "6995611363b8236691b8f8fe",
    "teacherId": "699560df8e07f416331eeb9c",
    "classId": "69955f848e07f416331ee6ba",
    "__v": 0,
    "assignedAt": "2026-02-18T06:49:55.505Z",
    "assignedBy": "6969e173827809378fcb57a8",
    "isProfPolyvalent": false,
    "languages": [
      "ar"
    ],
    "schoolYearId": "69955b068e07f416331e7ea2"
  },
  {
    "_id": "6995611363b8236691b8f8ff",
    "teacherId": "699560df8e07f416331eeb9c",
    "classId": "69955f848e07f416331ee6b9",
    "__v": 0,
    "assignedAt": "2026-02-18T06:49:55.507Z",
    "assignedBy": "6969e173827809378fcb57a8",
    "isProfPolyvalent": false,
    "languages": [
      "ar"
    ],
    "schoolYearId": "69955b068e07f416331e7ea2"
  },
  {
    "_id": "6995611363b8236691b8f900",
    "teacherId": "699560df8e07f416331eeb9c",
    "classId": "69955f848e07f416331ee6bd",
    "__v": 0,
    "assignedAt": "2026-02-18T06:49:55.510Z",
    "assignedBy": "6969e173827809378fcb57a8",
    "isProfPolyvalent": false,
    "languages": [
      "ar"
    ],
    "schoolYearId": "69955b068e07f416331e7ea2"
  },
  {
    "_id": "6995611363b8236691b8f901",
    "teacherId": "699560df8e07f416331eeba2",
    "classId": "69955f848e07f416331ee6b8",
    "__v": 0,
    "assignedAt": "2026-02-18T06:49:55.525Z",
    "assignedBy": "6969e173827809378fcb57a8",
    "isProfPolyvalent": false,
    "languages": [
      "ar"
    ],
    "schoolYearId": "69955b068e07f416331e7ea2"
  },
  {
    "_id": "6995611363b8236691b8f902",
    "teacherId": "699560df8e07f416331eeba2",
    "classId": "69955f848e07f416331ee6bb",
    "__v": 0,
    "assignedAt": "2026-02-18T06:49:55.664Z",
    "assignedBy": "6969e173827809378fcb57a8",
    "isProfPolyvalent": false,
    "languages": [
      "ar"
    ],
    "schoolYearId": "69955b068e07f416331e7ea2"
  },
  {
    "_id": "6995611363b8236691b8f903",
    "classId": "69955f848e07f416331ee6bc",
    "teacherId": "699560df8e07f416331eeba2",
    "__v": 0,
    "assignedAt": "2026-02-18T06:49:55.708Z",
    "assignedBy": "6969e173827809378fcb57a8",
    "isProfPolyvalent": false,
    "languages": [
      "ar"
    ],
    "schoolYearId": "69955b068e07f416331e7ea2"
  },
  {
    "_id": "6995611363b8236691b8f904",
    "classId": "69955e218e07f416331edfbf",
    "teacherId": "699560df8e07f416331eeba5",
    "__v": 0,
    "assignedAt": "2026-02-18T06:49:55.725Z",
    "assignedBy": "6969e173827809378fcb57a8",
    "isProfPolyvalent": false,
    "languages": [
      "ar"
    ],
    "schoolYearId": "69955b068e07f416331e7ea2"
  },
  {
    "_id": "6995611363b8236691b8f905",
    "teacherId": "699560df8e07f416331eeba5",
    "classId": "69955e218e07f416331ee11e",
    "__v": 0,
    "assignedAt": "2026-02-18T06:49:55.729Z",
    "assignedBy": "6969e173827809378fcb57a8",
    "isProfPolyvalent": false,
    "languages": [
      "ar"
    ],
    "schoolYearId": "69955b068e07f416331e7ea2"
  },
  {
    "_id": "6995611363b8236691b8f906",
    "classId": "69955e228e07f416331ee265",
    "teacherId": "699560df8e07f416331eeba5",
    "__v": 0,
    "assignedAt": "2026-02-18T06:49:55.766Z",
    "assignedBy": "6969e173827809378fcb57a8",
    "isProfPolyvalent": false,
    "languages": [
      "ar"
    ],
    "schoolYearId": "69955b068e07f416331e7ea2"
  },
  {
    "_id": "6995611363b8236691b8f907",
    "teacherId": "699560df8e07f416331eeba5",
    "classId": "69955e228e07f416331ee3d3",
    "__v": 0,
    "assignedAt": "2026-02-18T06:49:55.775Z",
    "assignedBy": "6969e173827809378fcb57a8",
    "isProfPolyvalent": false,
    "languages": [
      "ar"
    ],
    "schoolYearId": "69955b068e07f416331e7ea2"
  },
  {
    "_id": "6995611363b8236691b8f908",
    "classId": "69955e228e07f416331ee265",
    "teacherId": "699560df8e07f416331eebcb",
    "__v": 0,
    "assignedAt": "2026-02-18T06:49:55.859Z",
    "assignedBy": "6969e173827809378fcb57a8",
    "isProfPolyvalent": false,
    "languages": [
      "ar"
    ],
    "schoolYearId": "69955b068e07f416331e7ea2"
  },
  {
    "_id": "6995611363b8236691b8f909",
    "teacherId": "699560df8e07f416331eebcb",
    "classId": "69955e228e07f416331ee3d3",
    "__v": 0,
    "assignedAt": "2026-02-18T06:49:55.883Z",
    "assignedBy": "6969e173827809378fcb57a8",
    "isProfPolyvalent": false,
    "languages": [
      "ar"
    ],
    "schoolYearId": "69955b068e07f416331e7ea2"
  },
  {
    "_id": "6995611363b8236691b8f90a",
    "classId": "69955e238e07f416331ee534",
    "teacherId": "699560df8e07f416331eebcb",
    "__v": 0,
    "assignedAt": "2026-02-18T06:49:55.884Z",
    "assignedBy": "6969e173827809378fcb57a8",
    "isProfPolyvalent": false,
    "languages": [
      "ar"
    ],
    "schoolYearId": "69955b068e07f416331e7ea2"
  },
  {
    "_id": "6995611363b8236691b8f90b",
    "teacherId": "699560df8e07f416331eebcd",
    "classId": "69955e238e07f416331ee534",
    "__v": 0,
    "assignedAt": "2026-02-18T06:49:55.889Z",
    "assignedBy": "6969e173827809378fcb57a8",
    "isProfPolyvalent": false,
    "languages": [
      "ar"
    ],
    "schoolYearId": "69955b068e07f416331e7ea2"
  },
  {
    "_id": "6995611363b8236691b8f90c",
    "classId": "69955f848e07f416331ee6ba",
    "teacherId": "699560df8e07f416331eebcf",
    "__v": 0,
    "assignedAt": "2026-02-18T06:49:55.890Z",
    "assignedBy": "6969e173827809378fcb57a8",
    "isProfPolyvalent": true,
    "languages": [],
    "schoolYearId": "69955b068e07f416331e7ea2"
  },
  {
    "_id": "6995611363b8236691b8f90d",
    "teacherId": "699560df8e07f416331eebd1",
    "classId": "69955f848e07f416331ee6ba",
    "__v": 0,
    "assignedAt": "2026-02-18T06:49:55.909Z",
    "assignedBy": "6969e173827809378fcb57a8",
    "isProfPolyvalent": true,
    "languages": [],
    "schoolYearId": "69955b068e07f416331e7ea2"
  },
  {
    "_id": "6995611363b8236691b8f90e",
    "teacherId": "699560df8e07f416331eebd9",
    "classId": "69955f848e07f416331ee6b9",
    "__v": 0,
    "assignedAt": "2026-02-18T06:49:55.951Z",
    "assignedBy": "6969e173827809378fcb57a8",
    "isProfPolyvalent": true,
    "languages": [],
    "schoolYearId": "69955b068e07f416331e7ea2"
  },
  {
    "_id": "6995611363b8236691b8f90f",
    "classId": "69955f848e07f416331ee6b9",
    "teacherId": "699560df8e07f416331eebdb",
    "__v": 0,
    "assignedAt": "2026-02-18T06:49:55.969Z",
    "assignedBy": "6969e173827809378fcb57a8",
    "isProfPolyvalent": true,
    "languages": [],
    "schoolYearId": "69955b068e07f416331e7ea2"
  },
  {
    "_id": "6995611363b8236691b8f910",
    "teacherId": "699560df8e07f416331eebee",
    "classId": "69955f848e07f416331ee6bd",
    "__v": 0,
    "assignedAt": "2026-02-18T06:49:55.971Z",
    "assignedBy": "6969e173827809378fcb57a8",
    "isProfPolyvalent": true,
    "languages": [],
    "schoolYearId": "69955b068e07f416331e7ea2"
  },
  {
    "_id": "6995613963b8236691b8f911",
    "classId": "69955f848e07f416331ee6bd",
    "teacherId": "699560df8e07f416331eeb05",
    "__v": 0,
    "assignedAt": "2026-02-18T06:50:33.631Z",
    "assignedBy": "6969e173827809378fcb57a8",
    "isProfPolyvalent": true,
    "languages": [],
    "schoolYearId": "69955b068e07f416331e7ea2"
  },
  {
    "_id": "6995613f63b8236691b8f912",
    "classId": "69955f848e07f416331ee6bc",
    "teacherId": "699560df8e07f416331eeb0f",
    "__v": 0,
    "assignedAt": "2026-02-18T06:50:39.644Z",
    "assignedBy": "6969e173827809378fcb57a8",
    "isProfPolyvalent": true,
    "languages": [],
    "schoolYearId": "69955b068e07f416331e7ea2"
  },
  {
    "_id": "6995614663b8236691b8f913",
    "teacherId": "699560df8e07f416331eeb37",
    "classId": "69955e218e07f416331edfbf",
    "__v": 0,
    "assignedAt": "2026-02-18T06:50:46.931Z",
    "assignedBy": "6969e173827809378fcb57a8",
    "isProfPolyvalent": true,
    "languages": [],
    "schoolYearId": "69955b068e07f416331e7ea2"
  },
  {
    "_id": "6995614963b8236691b8f914",
    "teacherId": "699560df8e07f416331eeb3c",
    "classId": "69955e218e07f416331ee11e",
    "__v": 0,
    "assignedAt": "2026-02-18T06:50:49.459Z",
    "assignedBy": "6969e173827809378fcb57a8",
    "isProfPolyvalent": true,
    "languages": [],
    "schoolYearId": "69955b068e07f416331e7ea2"
  },
  {
    "_id": "6995614b63b8236691b8f915",
    "classId": "69955e228e07f416331ee265",
    "teacherId": "699560df8e07f416331eeb59",
    "__v": 0,
    "assignedAt": "2026-02-18T06:50:51.423Z",
    "assignedBy": "6969e173827809378fcb57a8",
    "isProfPolyvalent": true,
    "languages": [],
    "schoolYearId": "69955b068e07f416331e7ea2"
  },
  {
    "_id": "6995614f63b8236691b8f916",
    "classId": "69955e228e07f416331ee3d3",
    "teacherId": "699560df8e07f416331eeb6a",
    "__v": 0,
    "assignedAt": "2026-02-18T06:50:55.733Z",
    "assignedBy": "6969e173827809378fcb57a8",
    "isProfPolyvalent": true,
    "languages": [],
    "schoolYearId": "69955b068e07f416331e7ea2"
  },
  {
    "_id": "6995615663b8236691b8f917",
    "classId": "69955f848e07f416331ee6ba",
    "teacherId": "699560df8e07f416331eeb9e",
    "__v": 0,
    "assignedAt": "2026-02-18T06:51:02.139Z",
    "assignedBy": "6969e173827809378fcb57a8",
    "isProfPolyvalent": false,
    "languages": [
      "ar"
    ],
    "schoolYearId": "69955b068e07f416331e7ea2"
  },
  {
    "_id": "6995615663b8236691b8f918",
    "classId": "69955f848e07f416331ee6b9",
    "teacherId": "699560df8e07f416331eeb9e",
    "__v": 0,
    "assignedAt": "2026-02-18T06:51:02.141Z",
    "assignedBy": "6969e173827809378fcb57a8",
    "isProfPolyvalent": false,
    "languages": [
      "ar"
    ],
    "schoolYearId": "69955b068e07f416331e7ea2"
  },
  {
    "_id": "6995615663b8236691b8f919",
    "teacherId": "699560df8e07f416331eeb9e",
    "classId": "69955f848e07f416331ee6bd",
    "__v": 0,
    "assignedAt": "2026-02-18T06:51:02.143Z",
    "assignedBy": "6969e173827809378fcb57a8",
    "isProfPolyvalent": false,
    "languages": [
      "ar"
    ],
    "schoolYearId": "69955b068e07f416331e7ea2"
  },
  {
    "_id": "6995615963b8236691b8f91a",
    "classId": "69955f848e07f416331ee6b8",
    "teacherId": "699560df8e07f416331eeba0",
    "__v": 0,
    "assignedAt": "2026-02-18T06:51:05.215Z",
    "assignedBy": "6969e173827809378fcb57a8",
    "isProfPolyvalent": false,
    "languages": [
      "ar"
    ],
    "schoolYearId": "69955b068e07f416331e7ea2"
  },
  {
    "_id": "6995615963b8236691b8f91b",
    "teacherId": "699560df8e07f416331eeba0",
    "classId": "69955f848e07f416331ee6bb",
    "__v": 0,
    "assignedAt": "2026-02-18T06:51:05.218Z",
    "assignedBy": "6969e173827809378fcb57a8",
    "isProfPolyvalent": false,
    "languages": [
      "ar"
    ],
    "schoolYearId": "69955b068e07f416331e7ea2"
  },
  {
    "_id": "6995615963b8236691b8f91c",
    "teacherId": "699560df8e07f416331eeba0",
    "classId": "69955f848e07f416331ee6bc",
    "__v": 0,
    "assignedAt": "2026-02-18T06:51:05.220Z",
    "assignedBy": "6969e173827809378fcb57a8",
    "isProfPolyvalent": false,
    "languages": [
      "ar"
    ],
    "schoolYearId": "69955b068e07f416331e7ea2"
  },
  {
    "_id": "699561e063b8236691b8f91d",
    "classId": "69955e218e07f416331edfbf",
    "teacherId": "699560df8e07f416331eebab",
    "__v": 0,
    "assignedAt": "2026-02-18T06:53:20.125Z",
    "assignedBy": "6969e173827809378fcb57a8",
    "isProfPolyvalent": false,
    "languages": [
      "ar"
    ],
    "schoolYearId": "69955b068e07f416331e7ea2"
  },
  {
    "_id": "69956e8a63b8236691b8f921",
    "classId": "69955e218e07f416331edfbf",
    "teacherId": "69956e7a8e07f416331f7dc6",
    "__v": 0,
    "assignedAt": "2026-02-18T07:47:22.617Z",
    "assignedBy": "6969e173827809378fcb57a8",
    "isProfPolyvalent": false,
    "languages": [],
    "schoolYearId": "69955b068e07f416331e7ea2"
  },
  {
    "_id": "69956e8a63b8236691b8f922",
    "teacherId": "69956e7a8e07f416331f7dc6",
    "classId": "69955e218e07f416331ee11e",
    "__v": 0,
    "assignedAt": "2026-02-18T07:47:22.624Z",
    "assignedBy": "6969e173827809378fcb57a8",
    "isProfPolyvalent": false,
    "languages": [],
    "schoolYearId": "69955b068e07f416331e7ea2"
  },
  {
    "_id": "69956e8a63b8236691b8f923",
    "classId": "69955e228e07f416331ee265",
    "teacherId": "69956e7a8e07f416331f7dc6",
    "__v": 0,
    "assignedAt": "2026-02-18T07:47:22.627Z",
    "assignedBy": "6969e173827809378fcb57a8",
    "isProfPolyvalent": false,
    "languages": [],
    "schoolYearId": "69955b068e07f416331e7ea2"
  },
  {
    "_id": "69956e8a63b8236691b8f924",
    "classId": "69955e228e07f416331ee3d3",
    "teacherId": "69956e7a8e07f416331f7dc6",
    "__v": 0,
    "assignedAt": "2026-02-18T07:47:22.629Z",
    "assignedBy": "6969e173827809378fcb57a8",
    "isProfPolyvalent": false,
    "languages": [],
    "schoolYearId": "69955b068e07f416331e7ea2"
  },
  {
    "_id": "69956e8a63b8236691b8f925",
    "classId": "69955e238e07f416331ee534",
    "teacherId": "69956e7a8e07f416331f7dc6",
    "__v": 0,
    "assignedAt": "2026-02-18T07:47:22.630Z",
    "assignedBy": "6969e173827809378fcb57a8",
    "isProfPolyvalent": false,
    "languages": [],
    "schoolYearId": "69955b068e07f416331e7ea2"
  },
  {
    "_id": "69956e8a63b8236691b8f926",
    "classId": "69955f848e07f416331ee6bb",
    "teacherId": "69956e7a8e07f416331f7dc6",
    "__v": 0,
    "assignedAt": "2026-02-18T07:47:22.631Z",
    "assignedBy": "6969e173827809378fcb57a8",
    "isProfPolyvalent": false,
    "languages": [],
    "schoolYearId": "69955b068e07f416331e7ea2"
  },
  {
    "_id": "69956e8a63b8236691b8f927",
    "teacherId": "69956e7a8e07f416331f7dc6",
    "classId": "69955f848e07f416331ee6ba",
    "__v": 0,
    "assignedAt": "2026-02-18T07:47:22.735Z",
    "assignedBy": "6969e173827809378fcb57a8",
    "isProfPolyvalent": false,
    "languages": [],
    "schoolYearId": "69955b068e07f416331e7ea2"
  },
  {
    "_id": "69956e8a63b8236691b8f928",
    "teacherId": "69956e7a8e07f416331f7dc6",
    "classId": "69955f848e07f416331ee6b9",
    "__v": 0,
    "assignedAt": "2026-02-18T07:47:22.740Z",
    "assignedBy": "6969e173827809378fcb57a8",
    "isProfPolyvalent": false,
    "languages": [],
    "schoolYearId": "69955b068e07f416331e7ea2"
  },
  {
    "_id": "69956e8a63b8236691b8f929",
    "teacherId": "69956e7a8e07f416331f7dc6",
    "classId": "69955f848e07f416331ee6bd",
    "__v": 0,
    "assignedAt": "2026-02-18T07:47:22.743Z",
    "assignedBy": "6969e173827809378fcb57a8",
    "isProfPolyvalent": false,
    "languages": [],
    "schoolYearId": "69955b068e07f416331e7ea2"
  },
  {
    "_id": "69956e8a63b8236691b8f92a",
    "teacherId": "69956e7a8e07f416331f7dc6",
    "classId": "69955f848e07f416331ee6b8",
    "__v": 0,
    "assignedAt": "2026-02-18T07:47:22.745Z",
    "assignedBy": "6969e173827809378fcb57a8",
    "isProfPolyvalent": false,
    "languages": [],
    "schoolYearId": "69955b068e07f416331e7ea2"
  },
  {
    "_id": "69956e8a63b8236691b8f92b",
    "classId": "69955f848e07f416331ee6bc",
    "teacherId": "69956e7a8e07f416331f7dc6",
    "__v": 0,
    "assignedAt": "2026-02-18T07:47:22.750Z",
    "assignedBy": "6969e173827809378fcb57a8",
    "isProfPolyvalent": false,
    "languages": [],
    "schoolYearId": "69955b068e07f416331e7ea2"
  },
  {
    "_id": "6998140b63b8236691b90032",
    "classId": "69955f848e07f416331ee6bb",
    "teacherId": "699560df8e07f416331eeb0b",
    "__v": 0,
    "assignedAt": "2026-02-20T07:58:03.906Z",
    "assignedBy": "69955b918e07f416331e7f37",
    "isProfPolyvalent": true,
    "languages": [],
    "schoolYearId": "69955b068e07f416331e7ea2"
  }
]