[
  {
    "_id": "6956a2d1ed08f69f35c42bac",
    "userId": "694f0cc2c22267f5739af04a",
    "userName": "Gilbert KHOUEIRY",
    "userRole": "ADMIN",
    "action": "LOGIN_MICROSOFT",
    "details": {
      "email": "gilbert.khoueiry@champville.edu.lb"
    },
    "timestamp": "2026-01-01T16:37:37.491Z",
    "ipAddress": "::1",
    "__v": 0
  },
  {
    "_id": "6956a377ed08f69f35c4300f",
    "userId": "694f0cc2c22267f5739af04a",
    "userName": "Gilbert KHOUEIRY",
    "userRole": "ADMIN",
    "action": "START_IMPERSONATION",
    "details": {
      "targetUserId": "6956a2fded08f69f35c42c8a",
      "targetUserEmail": "ALL",
      "targetUserRole": "TEACHER",
      "targetUserDisplayName": "ALL"
    },
    "timestamp": "2026-01-01T16:40:23.110Z",
    "ipAddress": "::1",
    "__v": 0
  },
  {
    "_id": "6956a37ded08f69f35c4308c",
    "userId": "6956a2fded08f69f35c42c8a",
    "userName": "ALL",
    "userRole": "TEACHER",
    "action": "MARK_ASSIGNMENT_DONE",
    "details": {
      "assignmentId": "6956a371fb450742576d3e8e",
      "semester": 2,
      "templateId": "6956a347ed08f69f35c42d4f",
      "templateName": "Presentation carnet 5pages + new des (Imported) (Imported)",
      "studentId": "6956a362ed08f69f35c42f02",
      "studentName": "TEST TEST"
    },
    "timestamp": "2026-01-01T16:40:29.443Z",
    "ipAddress": "::1",
    "__v": 0
  },
  {
    "_id": "6956a37fed08f69f35c43092",
    "userId": "694f0cc2c22267f5739af04a",
    "userName": "Gilbert KHOUEIRY",
    "userRole": "ADMIN",
    "action": "START_IMPERSONATION",
    "details": {
      "targetUserId": "6956a304ed08f69f35c42c93",
      "targetUserEmail": "PRE",
      "targetUserRole": "SUBADMIN",
      "targetUserDisplayName": "PRE"
    },
    "timestamp": "2026-01-01T16:40:31.590Z",
    "ipAddress": "::1",
    "__v": 0
  },
  {
    "_id": "6956a388ed08f69f35c430f5",
    "userId": "6956a304ed08f69f35c42c93",
    "userName": "PRE",
    "userRole": "SUBADMIN",
    "action": "UPLOAD_SIGNATURE",
    "details": {
      "signatureUrl": "/uploads/signatures/signature-6956a304ed08f69f35c42c93-1767285640282.png"
    },
    "timestamp": "2026-01-01T16:40:40.285Z",
    "ipAddress": "::1",
    "__v": 0
  },
  {
    "_id": "6956a39ced08f69f35c431ab",
    "userId": "6956a304ed08f69f35c42c93",
    "userName": "PRE",
    "userRole": "SUBADMIN",
    "action": "SIGN_TEMPLATE",
    "details": {
      "templateId": "6956a347ed08f69f35c42d4f",
      "templateName": "Presentation carnet 5pages + new des (Imported) (Imported)",
      "studentId": "6956a362ed08f69f35c42f02",
      "studentName": "TEST TEST",
      "type": "end_of_year"
    },
    "timestamp": "2026-01-01T16:41:00.312Z",
    "ipAddress": "::1",
    "__v": 0
  },
  {
    "_id": "6956a39ded08f69f35c431e0",
    "userId": "6956a304ed08f69f35c42c93",
    "userName": "PRE",
    "userRole": "SUBADMIN",
    "action": "PROMOTE_STUDENT",
    "details": {
      "studentId": "6956a362ed08f69f35c42f02",
      "from": "PS",
      "to": "MS",
      "templateAssignmentId": "6956a371fb450742576d3e8e"
    },
    "timestamp": "2026-01-01T16:41:01.704Z",
    "ipAddress": "::1",
    "__v": 0
  },
  {
    "_id": "6956a855ed08f69f35c43404",
    "userId": "6956a2fded08f69f35c42c8a",
    "userName": "ALL",
    "userRole": "TEACHER",
    "action": "MARK_ASSIGNMENT_DONE",
    "details": {
      "assignmentId": "6956a371fb450742576d3e8e",
      "semester": 2,
      "templateId": "6956a347ed08f69f35c42d4f",
      "templateName": "Presentation carnet 5pages + new des (Imported) (Imported)",
      "studentId": "6956a362ed08f69f35c42f02",
      "studentName": "TEST TEST"
    },
    "timestamp": "2026-01-01T17:01:09.027Z",
    "ipAddress": "::1",
    "__v": 0
  },
  {
    "_id": "6956a861ed08f69f35c4346f",
    "userId": "6956a304ed08f69f35c42c93",
    "userName": "PRE",
    "userRole": "SUBADMIN",
    "action": "UNSIGN_TEMPLATE",
    "details": {
      "templateId": "6956a347ed08f69f35c42d4f",
      "templateName": "Presentation carnet 5pages + new des (Imported) (Imported)",
      "studentId": "6956a362ed08f69f35c42f02",
      "studentName": "TEST TEST",
      "type": "end_of_year"
    },
    "timestamp": "2026-01-01T17:01:21.081Z",
    "ipAddress": "::1",
    "__v": 0
  },
  {
    "_id": "6956a8a3ed08f69f35c43617",
    "userId": "6956a2fded08f69f35c42c8a",
    "userName": "ALL",
    "userRole": "TEACHER",
    "action": "MARK_ASSIGNMENT_DONE",
    "details": {
      "assignmentId": "6956a879ed08f69f35c434ae",
      "semester": 2,
      "templateId": "6956a347ed08f69f35c42d4f",
      "templateName": "Presentation carnet 5pages + new des (Imported) (Imported)",
      "studentId": "6956a879ed08f69f35c434a2",
      "studentName": "TEST2 TEST2"
    },
    "timestamp": "2026-01-01T17:02:27.784Z",
    "ipAddress": "::1",
    "__v": 0
  },
  {
    "_id": "6956a8a7ed08f69f35c43664",
    "userId": "6956a304ed08f69f35c42c93",
    "userName": "PRE",
    "userRole": "SUBADMIN",
    "action": "SIGN_TEMPLATE",
    "details": {
      "templateId": "6956a347ed08f69f35c42d4f",
      "templateName": "Presentation carnet 5pages + new des (Imported) (Imported)",
      "studentId": "6956a879ed08f69f35c434a2",
      "studentName": "TEST2 TEST2",
      "type": "end_of_year"
    },
    "timestamp": "2026-01-01T17:02:31.622Z",
    "ipAddress": "::1",
    "__v": 0
  },
  {
    "_id": "6956a8a9ed08f69f35c43699",
    "userId": "6956a304ed08f69f35c42c93",
    "userName": "PRE",
    "userRole": "SUBADMIN",
    "action": "PROMOTE_STUDENT",
    "details": {
      "studentId": "6956a879ed08f69f35c434a2",
      "from": "PS",
      "to": "MS",
      "templateAssignmentId": "6956a879ed08f69f35c434ae"
    },
    "timestamp": "2026-01-01T17:02:33.735Z",
    "ipAddress": "::1",
    "__v": 0
  },
  {
    "_id": "6956accaed08f69f35c439f1",
    "userId": "6956a2fded08f69f35c42c8a",
    "userName": "ALL",
    "userRole": "TEACHER",
    "action": "MARK_ASSIGNMENT_DONE",
    "details": {
      "assignmentId": "6956ac90ed08f69f35c4399c",
      "semester": 2,
      "templateId": "6956a347ed08f69f35c42d4f",
      "templateName": "Presentation carnet 5pages + new des (Imported) (Imported)",
      "studentId": "6956ac90ed08f69f35c43990",
      "studentName": "test3 test3"
    },
    "timestamp": "2026-01-01T17:20:10.552Z",
    "ipAddress": "::1",
    "__v": 0
  },
  {
    "_id": "6956acd1ed08f69f35c43a98",
    "userId": "6956a304ed08f69f35c42c93",
    "userName": "PRE",
    "userRole": "SUBADMIN",
    "action": "SIGN_TEMPLATE",
    "details": {
      "templateId": "6956a347ed08f69f35c42d4f",
      "templateName": "Presentation carnet 5pages + new des (Imported) (Imported)",
      "studentId": "6956ac90ed08f69f35c43990",
      "studentName": "test3 test3",
      "type": "end_of_year"
    },
    "timestamp": "2026-01-01T17:20:17.677Z",
    "ipAddress": "::1",
    "__v": 0
  },
  {
    "_id": "6956acd3ed08f69f35c43acd",
    "userId": "6956a304ed08f69f35c42c93",
    "userName": "PRE",
    "userRole": "SUBADMIN",
    "action": "PROMOTE_STUDENT",
    "details": {
      "studentId": "6956ac90ed08f69f35c43990",
      "from": "PS",
      "to": "MS",
      "templateAssignmentId": "6956ac90ed08f69f35c4399c"
    },
    "timestamp": "2026-01-01T17:20:19.466Z",
    "ipAddress": "::1",
    "__v": 0
  },
  {
    "_id": "6956afabed08f69f35c43cd5",
    "userId": "694f0cc2c22267f5739af04a",
    "userName": "Gilbert KHOUEIRY",
    "userRole": "ADMIN",
    "action": "START_IMPERSONATION",
    "details": {
      "targetUserId": "6956a2fded08f69f35c42c8a",
      "targetUserEmail": "ALL",
      "targetUserRole": "TEACHER",
      "targetUserDisplayName": "ALL"
    },
    "timestamp": "2026-01-01T17:32:27.720Z",
    "ipAddress": "::1",
    "__v": 0
  },
  {
    "_id": "6956afaded08f69f35c43cfb",
    "userId": "694f0cc2c22267f5739af04a",
    "userName": "Gilbert KHOUEIRY",
    "userRole": "ADMIN",
    "action": "START_IMPERSONATION",
    "details": {
      "targetUserId": "6956a304ed08f69f35c42c93",
      "targetUserEmail": "PRE",
      "targetUserRole": "SUBADMIN",
      "targetUserDisplayName": "PRE"
    },
    "timestamp": "2026-01-01T17:32:29.452Z",
    "ipAddress": "::1",
    "__v": 0
  },
  {
    "_id": "6956afb4ed08f69f35c43d9b",
    "userId": "6956a2fded08f69f35c42c8a",
    "userName": "ALL",
    "userRole": "TEACHER",
    "action": "MARK_ASSIGNMENT_DONE",
    "details": {
      "assignmentId": "6956afa6ed08f69f35c43cbd",
      "semester": 2,
      "templateId": "6956a347ed08f69f35c42d4f",
      "templateName": "Presentation carnet 5pages + new des (Imported) (Imported)",
      "studentId": "6956afa6ed08f69f35c43cb1",
      "studentName": "test4 test4"
    },
    "timestamp": "2026-01-01T17:32:36.801Z",
    "ipAddress": "::1",
    "__v": 0
  },
  {
    "_id": "6956afb9ed08f69f35c43de7",
    "userId": "6956a304ed08f69f35c42c93",
    "userName": "PRE",
    "userRole": "SUBADMIN",
    "action": "SIGN_TEMPLATE",
    "details": {
      "templateId": "6956a347ed08f69f35c42d4f",
      "templateName": "Presentation carnet 5pages + new des (Imported) (Imported)",
      "studentId": "6956afa6ed08f69f35c43cb1",
      "studentName": "test4 test4",
      "type": "end_of_year"
    },
    "timestamp": "2026-01-01T17:32:41.917Z",
    "ipAddress": "::1",
    "__v": 0
  },
  {
    "_id": "6956afbbed08f69f35c43e1c",
    "userId": "6956a304ed08f69f35c42c93",
    "userName": "PRE",
    "userRole": "SUBADMIN",
    "action": "PROMOTE_STUDENT",
    "details": {
      "studentId": "6956afa6ed08f69f35c43cb1",
      "from": "PS",
      "to": "MS",
      "templateAssignmentId": "6956afa6ed08f69f35c43cbd"
    },
    "timestamp": "2026-01-01T17:32:43.414Z",
    "ipAddress": "::1",
    "__v": 0
  },
  {
    "_id": "6956b0e0ed08f69f35c44015",
    "userId": "6956a2fded08f69f35c42c8a",
    "userName": "ALL",
    "userRole": "TEACHER",
    "action": "MARK_ASSIGNMENT_DONE",
    "details": {
      "assignmentId": "6956b0c8ed08f69f35c43f10",
      "semester": 2,
      "templateId": "6956a347ed08f69f35c42d4f",
      "templateName": "Presentation carnet 5pages + new des (Imported) (Imported)",
      "studentId": "6956b0c8ed08f69f35c43f04",
      "studentName": "test5 test5"
    },
    "timestamp": "2026-01-01T17:37:36.661Z",
    "ipAddress": "::1",
    "__v": 0
  },
  {
    "_id": "6956b0e7ed08f69f35c44062",
    "userId": "6956a304ed08f69f35c42c93",
    "userName": "PRE",
    "userRole": "SUBADMIN",
    "action": "SIGN_TEMPLATE",
    "details": {
      "templateId": "6956a347ed08f69f35c42d4f",
      "templateName": "Presentation carnet 5pages + new des (Imported) (Imported)",
      "studentId": "6956b0c8ed08f69f35c43f04",
      "studentName": "test5 test5",
      "type": "end_of_year"
    },
    "timestamp": "2026-01-01T17:37:43.606Z",
    "ipAddress": "::1",
    "__v": 0
  },
  {
    "_id": "6956b0ebed08f69f35c44095",
    "userId": "6956a304ed08f69f35c42c93",
    "userName": "PRE",
    "userRole": "SUBADMIN",
    "action": "PROMOTE_STUDENT",
    "details": {
      "studentId": "6956b0c8ed08f69f35c43f04",
      "from": "PS",
      "to": "MS",
      "templateAssignmentId": "6956b0c8ed08f69f35c43f10"
    },
    "timestamp": "2026-01-01T17:37:47.847Z",
    "ipAddress": "::1",
    "__v": 0
  },
  {
    "_id": "6956b135ed08f69f35c44139",
    "userId": "6956a2fded08f69f35c42c8a",
    "userName": "ALL",
    "userRole": "TEACHER",
    "action": "MARK_ASSIGNMENT_DONE",
    "details": {
      "assignmentId": "6956b12ded08f69f35c440fa",
      "semester": 2,
      "templateId": "6956a347ed08f69f35c42d4f",
      "templateName": "Presentation carnet 5pages + new des (Imported) (Imported)",
      "studentId": "6956b12ded08f69f35c440ee",
      "studentName": "test6 test6"
    },
    "timestamp": "2026-01-01T17:39:01.712Z",
    "ipAddress": "::1",
    "__v": 0
  },
  {
    "_id": "6956b13fed08f69f35c44223",
    "userId": "6956a304ed08f69f35c42c93",
    "userName": "PRE",
    "userRole": "SUBADMIN",
    "action": "SIGN_TEMPLATE",
    "details": {
      "templateId": "6956a347ed08f69f35c42d4f",
      "templateName": "Presentation carnet 5pages + new des (Imported) (Imported)",
      "studentId": "6956b12ded08f69f35c440ee",
      "studentName": "test6 test6",
      "type": "end_of_year"
    },
    "timestamp": "2026-01-01T17:39:11.878Z",
    "ipAddress": "::1",
    "__v": 0
  },
  {
    "_id": "6956b140ed08f69f35c4424d",
    "userId": "6956a304ed08f69f35c42c93",
    "userName": "PRE",
    "userRole": "SUBADMIN",
    "action": "UNSIGN_TEMPLATE",
    "details": {
      "templateId": "6956a347ed08f69f35c42d4f",
      "templateName": "Presentation carnet 5pages + new des (Imported) (Imported)",
      "studentId": "6956b12ded08f69f35c440ee",
      "studentName": "test6 test6",
      "type": "end_of_year"
    },
    "timestamp": "2026-01-01T17:39:12.238Z",
    "ipAddress": "::1",
    "__v": 0
  },
  {
    "_id": "6956b141ed08f69f35c4427a",
    "userId": "6956a304ed08f69f35c42c93",
    "userName": "PRE",
    "userRole": "SUBADMIN",
    "action": "SIGN_TEMPLATE",
    "details": {
      "templateId": "6956a347ed08f69f35c42d4f",
      "templateName": "Presentation carnet 5pages + new des (Imported) (Imported)",
      "studentId": "6956b12ded08f69f35c440ee",
      "studentName": "test6 test6",
      "type": "end_of_year"
    },
    "timestamp": "2026-01-01T17:39:13.363Z",
    "ipAddress": "::1",
    "__v": 0
  },
  {
    "_id": "6956b143ed08f69f35c442ae",
    "userId": "6956a304ed08f69f35c42c93",
    "userName": "PRE",
    "userRole": "SUBADMIN",
    "action": "PROMOTE_STUDENT",
    "details": {
      "studentId": "6956b12ded08f69f35c440ee",
      "from": "PS",
      "to": "MS",
      "templateAssignmentId": "6956b12ded08f69f35c440fa"
    },
    "timestamp": "2026-01-01T17:39:15.238Z",
    "ipAddress": "::1",
    "__v": 0
  },
  {
    "_id": "6956b387ed08f69f35c44327",
    "userId": "6956a2fded08f69f35c42c8a",
    "userName": "ALL",
    "userRole": "TEACHER",
    "action": "MARK_ASSIGNMENT_DONE",
    "details": {
      "assignmentId": "6956b381ed08f69f35c442e5",
      "semester": 2,
      "templateId": "6956a347ed08f69f35c42d4f",
      "templateName": "Presentation carnet 5pages + new des (Imported) (Imported)",
      "studentId": "6956b381ed08f69f35c442d9",
      "studentName": "test7 test7"
    },
    "timestamp": "2026-01-01T17:48:55.497Z",
    "ipAddress": "::1",
    "__v": 0
  },
  {
    "_id": "6956b38fed08f69f35c443b7",
    "userId": "6956a304ed08f69f35c42c93",
    "userName": "PRE",
    "userRole": "SUBADMIN",
    "action": "SIGN_TEMPLATE",
    "details": {
      "templateId": "6956a347ed08f69f35c42d4f",
      "templateName": "Presentation carnet 5pages + new des (Imported) (Imported)",
      "studentId": "6956b381ed08f69f35c442d9",
      "studentName": "test7 test7",
      "type": "end_of_year"
    },
    "timestamp": "2026-01-01T17:49:03.677Z",
    "ipAddress": "::1",
    "__v": 0
  },
  {
    "_id": "6956b392ed08f69f35c443ed",
    "userId": "6956a304ed08f69f35c42c93",
    "userName": "PRE",
    "userRole": "SUBADMIN",
    "action": "PROMOTE_STUDENT",
    "details": {
      "studentId": "6956b381ed08f69f35c442d9",
      "from": "PS",
      "to": "MS",
      "templateAssignmentId": "6956b381ed08f69f35c442e5"
    },
    "timestamp": "2026-01-01T17:49:06.468Z",
    "ipAddress": "::1",
    "__v": 0
  },
  {
    "_id": "6956b57ded08f69f35c44477",
    "userId": "694f0cc2c22267f5739af04a",
    "userName": "Gilbert KHOUEIRY",
    "userRole": "ADMIN",
    "action": "START_IMPERSONATION",
    "details": {
      "targetUserId": "6956a2fded08f69f35c42c8a",
      "targetUserEmail": "ALL",
      "targetUserRole": "TEACHER",
      "targetUserDisplayName": "ALL"
    },
    "timestamp": "2026-01-01T17:57:17.165Z",
    "ipAddress": "::1",
    "__v": 0
  },
  {
    "_id": "6956b57eed08f69f35c4449d",
    "userId": "694f0cc2c22267f5739af04a",
    "userName": "Gilbert KHOUEIRY",
    "userRole": "ADMIN",
    "action": "START_IMPERSONATION",
    "details": {
      "targetUserId": "6956a304ed08f69f35c42c93",
      "targetUserEmail": "PRE",
      "targetUserRole": "SUBADMIN",
      "targetUserDisplayName": "PRE"
    },
    "timestamp": "2026-01-01T17:57:18.836Z",
    "ipAddress": "::1",
    "__v": 0
  },
  {
    "_id": "6956b586ed08f69f35c44532",
    "userId": "6956a2fded08f69f35c42c8a",
    "userName": "ALL",
    "userRole": "TEACHER",
    "action": "MARK_ASSIGNMENT_DONE",
    "details": {
      "assignmentId": "6956b57aed08f69f35c4445f",
      "semester": 2,
      "templateId": "6956a347ed08f69f35c42d4f",
      "templateName": "Presentation carnet 5pages + new des (Imported) (Imported)",
      "studentId": "6956b57aed08f69f35c44453",
      "studentName": "test8 test8"
    },
    "timestamp": "2026-01-01T17:57:26.676Z",
    "ipAddress": "::1",
    "__v": 0
  },
  {
    "_id": "6956b592ed08f69f35c4457e",
    "userId": "6956a304ed08f69f35c42c93",
    "userName": "PRE",
    "userRole": "SUBADMIN",
    "action": "SIGN_TEMPLATE",
    "details": {
      "templateId": "6956a347ed08f69f35c42d4f",
      "templateName": "Presentation carnet 5pages + new des (Imported) (Imported)",
      "studentId": "6956b57aed08f69f35c44453",
      "studentName": "test8 test8",
      "type": "end_of_year"
    },
    "timestamp": "2026-01-01T17:57:38.431Z",
    "ipAddress": "::1",
    "__v": 0
  },
  {
    "_id": "6956b595ed08f69f35c445b1",
    "userId": "6956a304ed08f69f35c42c93",
    "userName": "PRE",
    "userRole": "SUBADMIN",
    "action": "PROMOTE_STUDENT",
    "details": {
      "studentId": "6956b57aed08f69f35c44453",
      "from": "PS",
      "to": "MS",
      "templateAssignmentId": "6956b57aed08f69f35c4445f"
    },
    "timestamp": "2026-01-01T17:57:41.361Z",
    "ipAddress": "::1",
    "__v": 0
  },
  {
    "_id": "6956b78aed08f69f35c44704",
    "userId": "6956a2fded08f69f35c42c8a",
    "userName": "ALL",
    "userRole": "TEACHER",
    "action": "MARK_ASSIGNMENT_DONE",
    "details": {
      "assignmentId": "6956b786ed08f69f35c446c3",
      "semester": 2,
      "templateId": "6956a347ed08f69f35c42d4f",
      "templateName": "Presentation carnet 5pages + new des (Imported) (Imported)",
      "studentId": "6956b786ed08f69f35c446b7",
      "studentName": "test9 test9"
    },
    "timestamp": "2026-01-01T18:06:02.281Z",
    "ipAddress": "::1",
    "__v": 0
  },
  {
    "_id": "6956b791ed08f69f35c44795",
    "userId": "6956a304ed08f69f35c42c93",
    "userName": "PRE",
    "userRole": "SUBADMIN",
    "action": "SIGN_TEMPLATE",
    "details": {
      "templateId": "6956a347ed08f69f35c42d4f",
      "templateName": "Presentation carnet 5pages + new des (Imported) (Imported)",
      "studentId": "6956b786ed08f69f35c446b7",
      "studentName": "test9 test9",
      "type": "end_of_year"
    },
    "timestamp": "2026-01-01T18:06:09.612Z",
    "ipAddress": "::1",
    "__v": 0
  },
  {
    "_id": "6956b794ed08f69f35c447cb",
    "userId": "6956a304ed08f69f35c42c93",
    "userName": "PRE",
    "userRole": "SUBADMIN",
    "action": "PROMOTE_STUDENT",
    "details": {
      "studentId": "6956b786ed08f69f35c446b7",
      "from": "PS",
      "to": "MS",
      "templateAssignmentId": "6956b786ed08f69f35c446c3"
    },
    "timestamp": "2026-01-01T18:06:12.694Z",
    "ipAddress": "::1",
    "__v": 0
  },
  {
    "_id": "6956b7d2ed08f69f35c4484c",
    "userId": "694f0cc2c22267f5739af04a",
    "userName": "Gilbert KHOUEIRY",
    "userRole": "ADMIN",
    "action": "START_IMPERSONATION",
    "details": {
      "targetUserId": "6956a2fded08f69f35c42c8a",
      "targetUserEmail": "ALL",
      "targetUserRole": "TEACHER",
      "targetUserDisplayName": "ALL"
    },
    "timestamp": "2026-01-01T18:07:14.053Z",
    "ipAddress": "::1",
    "__v": 0
  },
  {
    "_id": "6956b7d7ed08f69f35c448a6",
    "userId": "6956a2fded08f69f35c42c8a",
    "userName": "ALL",
    "userRole": "TEACHER",
    "action": "MARK_ASSIGNMENT_DONE",
    "details": {
      "assignmentId": "6956b7cfed08f69f35c44834",
      "semester": 2,
      "templateId": "6956a347ed08f69f35c42d4f",
      "templateName": "Presentation carnet 5pages + new des (Imported) (Imported)",
      "studentId": "6956b7cfed08f69f35c44828",
      "studentName": "test11 test11"
    },
    "timestamp": "2026-01-01T18:07:19.381Z",
    "ipAddress": "::1",
    "__v": 0
  },
  {
    "_id": "6956b7d9ed08f69f35c448ac",
    "userId": "694f0cc2c22267f5739af04a",
    "userName": "Gilbert KHOUEIRY",
    "userRole": "ADMIN",
    "action": "START_IMPERSONATION",
    "details": {
      "targetUserId": "6956a304ed08f69f35c42c93",
      "targetUserEmail": "PRE",
      "targetUserRole": "SUBADMIN",
      "targetUserDisplayName": "PRE"
    },
    "timestamp": "2026-01-01T18:07:21.185Z",
    "ipAddress": "::1",
    "__v": 0
  },
  {
    "_id": "6956b7dded08f69f35c44952",
    "userId": "6956a304ed08f69f35c42c93",
    "userName": "PRE",
    "userRole": "SUBADMIN",
    "action": "SIGN_TEMPLATE",
    "details": {
      "templateId": "6956a347ed08f69f35c42d4f",
      "templateName": "Presentation carnet 5pages + new des (Imported) (Imported)",
      "studentId": "6956b7cfed08f69f35c44828",
      "studentName": "test11 test11",
      "type": "end_of_year"
    },
    "timestamp": "2026-01-01T18:07:25.188Z",
    "ipAddress": "::1",
    "__v": 0
  },
  {
    "_id": "6956b7deed08f69f35c44985",
    "userId": "6956a304ed08f69f35c42c93",
    "userName": "PRE",
    "userRole": "SUBADMIN",
    "action": "PROMOTE_STUDENT",
    "details": {
      "studentId": "6956b7cfed08f69f35c44828",
      "from": "PS",
      "to": "MS",
      "templateAssignmentId": "6956b7cfed08f69f35c44834"
    },
    "timestamp": "2026-01-01T18:07:26.334Z",
    "ipAddress": "::1",
    "__v": 0
  },
  {
    "_id": "6956d2d9ed08f69f35c44b61",
    "userId": "694462896b3467909766ed08",
    "userName": "Admin",
    "userRole": "ADMIN",
    "action": "LOGIN",
    "details": {
      "email": "admin"
    },
    "timestamp": "2026-01-01T20:02:33.471Z",
    "ipAddress": "::1",
    "__v": 0
  },
  {
    "_id": "6956d33fed08f69f35c44b80",
    "userId": "694f0cc2c22267f5739af04a",
    "userName": "Gilbert KHOUEIRY",
    "userRole": "ADMIN",
    "action": "LOGIN_MICROSOFT",
    "details": {
      "email": "gilbert.khoueiry@champville.edu.lb"
    },
    "timestamp": "2026-01-01T20:04:15.132Z",
    "ipAddress": "::1",
    "__v": 0
  },
  {
    "_id": "6956d369ed08f69f35c44bb6",
    "userId": "694f0cc2c22267f5739af04a",
    "userName": "Gilbert KHOUEIRY",
    "userRole": "ADMIN",
    "action": "LOGIN_MICROSOFT",
    "details": {
      "email": "gilbert.khoueiry@champville.edu.lb"
    },
    "timestamp": "2026-01-01T20:04:57.651Z",
    "ipAddress": "::1",
    "__v": 0
  },
  {
    "_id": "6956d371ed08f69f35c44bd9",
    "userId": "694f0cc2c22267f5739af04a",
    "userName": "Gilbert KHOUEIRY",
    "userRole": "ADMIN",
    "action": "START_IMPERSONATION",
    "details": {
      "targetUserId": "6956a304ed08f69f35c42c93",
      "targetUserEmail": "PRE",
      "targetUserRole": "SUBADMIN",
      "targetUserDisplayName": "PRE"
    },
    "timestamp": "2026-01-01T20:05:05.350Z",
    "ipAddress": "::1",
    "__v": 0
  },
  {
    "_id": "6956d534ed08f69f35c44cc9",
    "userId": "694462896b3467909766ed08",
    "userName": "Admin",
    "userRole": "ADMIN",
    "action": "LOGIN",
    "details": {
      "email": "admin"
    },
    "timestamp": "2026-01-01T20:12:36.609Z",
    "ipAddress": "::1",
    "__v": 0
  },
  {
    "_id": "6956dd12ed08f69f35c45178",
    "userId": "694462896b3467909766ed08",
    "userName": "Admin",
    "userRole": "ADMIN",
    "action": "START_IMPERSONATION",
    "details": {
      "targetUserId": "6956a304ed08f69f35c42c93",
      "targetUserEmail": "PRE",
      "targetUserRole": "SUBADMIN",
      "targetUserDisplayName": "PRE"
    },
    "timestamp": "2026-01-01T20:46:10.670Z",
    "ipAddress": "::1",
    "__v": 0
  },
  {
    "_id": "6956e01aed08f69f35c452ac",
    "userId": "694462896b3467909766ed08",
    "userName": "Admin",
    "userRole": "ADMIN",
    "action": "START_IMPERSONATION",
    "details": {
      "targetUserId": "6956a304ed08f69f35c42c93",
      "targetUserEmail": "PRE",
      "targetUserRole": "SUBADMIN",
      "targetUserDisplayName": "PRE"
    },
    "timestamp": "2026-01-01T20:59:06.225Z",
    "ipAddress": "::1",
    "__v": 0
  },
  {
    "_id": "6956e020ed08f69f35c4533f",
    "userId": "694462896b3467909766ed08",
    "userName": "Admin",
    "userRole": "ADMIN",
    "action": "START_IMPERSONATION",
    "details": {
      "targetUserId": "6956a2fded08f69f35c42c8a",
      "targetUserEmail": "ALL",
      "targetUserRole": "TEACHER",
      "targetUserDisplayName": "ALL"
    },
    "timestamp": "2026-01-01T20:59:12.086Z",
    "ipAddress": "::1",
    "__v": 0
  },
  {
    "_id": "6956e058ed08f69f35c453f5",
    "userId": "6956a2fded08f69f35c42c8a",
    "userName": "ALL",
    "userRole": "TEACHER",
    "action": "MARK_ASSIGNMENT_DONE",
    "details": {
      "assignmentId": "6956e044ed08f69f35c453a6",
      "semester": 2,
      "templateId": "6956a347ed08f69f35c42d4f",
      "templateName": "Presentation carnet 5pages + new des (Imported) (Imported)",
      "studentId": "6956e044ed08f69f35c4539a",
      "studentName": "test12 test12"
    },
    "timestamp": "2026-01-01T21:00:08.481Z",
    "ipAddress": "::1",
    "__v": 0
  },
  {
    "_id": "6956e05eed08f69f35c45486",
    "userId": "6956a304ed08f69f35c42c93",
    "userName": "PRE",
    "userRole": "SUBADMIN",
    "action": "SIGN_TEMPLATE",
    "details": {
      "templateId": "6956a347ed08f69f35c42d4f",
      "templateName": "Presentation carnet 5pages + new des (Imported) (Imported)",
      "studentId": "6956e044ed08f69f35c4539a",
      "studentName": "test12 test12",
      "type": "end_of_year"
    },
    "timestamp": "2026-01-01T21:00:14.726Z",
    "ipAddress": "::1",
    "__v": 0
  },
  {
    "_id": "6956e05fed08f69f35c454bb",
    "userId": "6956a304ed08f69f35c42c93",
    "userName": "PRE",
    "userRole": "SUBADMIN",
    "action": "PROMOTE_STUDENT",
    "details": {
      "studentId": "6956e044ed08f69f35c4539a",
      "from": "PS",
      "to": "MS",
      "templateAssignmentId": "6956e044ed08f69f35c453a6"
    },
    "timestamp": "2026-01-01T21:00:15.977Z",
    "ipAddress": "::1",
    "__v": 0
  },
  {
    "_id": "6958185bc0018f23e1357afb",
    "userId": "694f0cc2c22267f5739af04a",
    "userName": "Gilbert KHOUEIRY",
    "userRole": "ADMIN",
    "action": "LOGIN_MICROSOFT",
    "details": {
      "email": "gilbert.khoueiry@champville.edu.lb"
    },
    "timestamp": "2026-01-02T19:11:23.420Z",
    "ipAddress": "::1",
    "__v": 0
  },
  {
    "_id": "69581870c0018f23e1357b43",
    "userId": "694f0cc2c22267f5739af04a",
    "userName": "Gilbert KHOUEIRY",
    "userRole": "ADMIN",
    "action": "START_IMPERSONATION",
    "details": {
      "targetUserId": "6956a2fded08f69f35c42c8a",
      "targetUserEmail": "ALL",
      "targetUserRole": "TEACHER",
      "targetUserDisplayName": "ALL"
    },
    "timestamp": "2026-01-02T19:11:44.231Z",
    "ipAddress": "::1",
    "__v": 0
  },
  {
    "_id": "69581876c0018f23e1357bb6",
    "userId": "6956a2fded08f69f35c42c8a",
    "userName": "ALL",
    "userRole": "TEACHER",
    "action": "MARK_ASSIGNMENT_DONE",
    "details": {
      "assignmentId": "69581869c0018f23e1357b2b",
      "semester": 2,
      "templateId": "6956a347ed08f69f35c42d4f",
      "templateName": "Presentation carnet 5pages + new des (Imported) (Imported)",
      "studentId": "69581869c0018f23e1357b1f",
      "studentName": "hist hist"
    },
    "timestamp": "2026-01-02T19:11:50.685Z",
    "ipAddress": "::1",
    "__v": 0
  },
  {
    "_id": "69581878c0018f23e1357bbc",
    "userId": "694f0cc2c22267f5739af04a",
    "userName": "Gilbert KHOUEIRY",
    "userRole": "ADMIN",
    "action": "START_IMPERSONATION",
    "details": {
      "targetUserId": "6956a304ed08f69f35c42c93",
      "targetUserEmail": "PRE",
      "targetUserRole": "SUBADMIN",
      "targetUserDisplayName": "PRE"
    },
    "timestamp": "2026-01-02T19:11:52.856Z",
    "ipAddress": "::1",
    "__v": 0
  },
  {
    "_id": "6958187ec0018f23e1357c62",
    "userId": "6956a304ed08f69f35c42c93",
    "userName": "PRE",
    "userRole": "SUBADMIN",
    "action": "SIGN_TEMPLATE",
    "details": {
      "templateId": "6956a347ed08f69f35c42d4f",
      "templateName": "Presentation carnet 5pages + new des (Imported) (Imported)",
      "studentId": "69581869c0018f23e1357b1f",
      "studentName": "hist hist",
      "type": "end_of_year"
    },
    "timestamp": "2026-01-02T19:11:58.239Z",
    "ipAddress": "::1",
    "__v": 0
  },
  {
    "_id": "6958187fc0018f23e1357c98",
    "userId": "6956a304ed08f69f35c42c93",
    "userName": "PRE",
    "userRole": "SUBADMIN",
    "action": "PROMOTE_STUDENT",
    "details": {
      "studentId": "69581869c0018f23e1357b1f",
      "from": "PS",
      "to": "MS",
      "templateAssignmentId": "69581869c0018f23e1357b2b"
    },
    "timestamp": "2026-01-02T19:11:59.578Z",
    "ipAddress": "::1",
    "__v": 0
  },
  {
    "_id": "6958189ac0018f23e1357da9",
    "userId": "6956a304ed08f69f35c42c93",
    "userName": "PRE",
    "userRole": "SUBADMIN",
    "action": "DELETE_SIGNATURE",
    "timestamp": "2026-01-02T19:12:26.420Z",
    "ipAddress": "::1",
    "__v": 0
  },
  {
    "_id": "6958351247502fbf0e9227e5",
    "userId": "694f0cc2c22267f5739af04a",
    "userName": "Gilbert KHOUEIRY",
    "userRole": "ADMIN",
    "action": "LOGIN_MICROSOFT",
    "details": {
      "email": "gilbert.khoueiry@champville.edu.lb"
    },
    "timestamp": "2026-01-02T21:13:54.532Z",
    "ipAddress": "::1",
    "__v": 0
  }
]