[
  {
    "_id": "6956a39ded08f69f35c431d6",
    "studentId": "6956a362ed08f69f35c42f02",
    "schoolYearId": "6956a357ed08f69f35c42ed8",
    "level": "PS",
    "classId": "6956a35ded08f69f35c42ef4",
    "templateId": "6956a347ed08f69f35c42d4f",
    "data": {
      "student": {
        "_id": "6956a362ed08f69f35c42f02",
        "logicalKey": "test_test_2018",
        "firstName": "TEST",
        "lastName": "TEST",
        "dateOfBirth": "2000-01-01T00:00:00.000Z",
        "status": "active",
        "promotions": [],
        "__v": 0
      },
      "enrollment": {
        "_id": "6956a362ed08f69f35c42f05",
        "studentId": "6956a362ed08f69f35c42f02",
        "classId": "6956a35ded08f69f35c42ef4",
        "schoolYearId": "6956a357ed08f69f35c42ed8",
        "status": "active",
        "promotionStatus": "pending",
        "__v": 0
      },
      "statuses": [],
      "assignment": {
        "_id": "6956a371fb450742576d3e8e",
        "studentId": "6956a362ed08f69f35c42f02",
        "templateId": "6956a347ed08f69f35c42d4f",
        "__v": 0,
        "assignedAt": "2026-01-01T16:40:17.740Z",
        "assignedBy": "694f0cc2c22267f5739af04a",
        "assignedTeachers": [
          "6956a2fded08f69f35c42c8a"
        ],
        "completedAt": null,
        "completedAtSem1": null,
        "completedAtSem2": "2026-01-01T16:40:29.438Z",
        "completedBy": null,
        "completionSchoolYearId": "6956a357ed08f69f35c42ed8",
        "createdAt": "2026-01-01T16:40:17.743Z",
        "data": {
          "table_51bd671b-6233-4fbb-8041-6d694014cba7_row_6e1db0a4-88c2-4cbe-9816-911ee4a59be3": [
            {
              "code": "lb",
              "label": "Lebanese",
              "emoji": "🇱🇧",
              "active": true,
              "level": "PS"
            },
            {
              "code": "fr",
              "label": "French",
              "emoji": "🇫🇷",
              "active": false,
              "level": "PS"
            },
            {
              "code": "en",
              "label": "English",
              "emoji": "🇬🇧",
              "active": false,
              "level": "PS"
            }
          ],
          "table_578eaee3-460f-4d19-a370-39cb356d179c_row_244022be-e20b-4e1d-b544-043c700d6b90": [
            {
              "code": "fr",
              "label": "Français",
              "emoji": "🇫🇷",
              "active": true,
              "level": "PS"
            },
            {
              "code": "en",
              "label": "English",
              "emoji": "🇬🇧",
              "active": false,
              "level": "PS"
            },
            {
              "code": "ar",
              "label": "العربية",
              "emoji": "🇱🇧",
              "active": false,
              "level": "PS"
            }
          ],
          "table_58a3a305-ccd0-4aaf-8cf8-b312bfe84b07_row_f72ffa83-2a95-4faf-8358-16ae0ac79081": [
            {
              "code": "lb",
              "label": "Lebanese",
              "emoji": "🇱🇧",
              "active": true,
              "level": "PS"
            },
            {
              "code": "fr",
              "label": "French",
              "emoji": "🇫🇷",
              "active": false,
              "level": "PS"
            },
            {
              "code": "en",
              "label": "English",
              "emoji": "🇬🇧",
              "active": false,
              "level": "PS"
            }
          ]
        },
        "dataVersion": 2,
        "isCompleted": false,
        "isCompletedSem1": false,
        "isCompletedSem2": true,
        "status": "signed",
        "teacherCompletions": [
          {
            "teacherId": "6956a2fded08f69f35c42c8a",
            "completedSem2": true,
            "completedAtSem2": "2026-01-01T16:40:29.438Z",
            "_id": "6956a37ded08f69f35c43086"
          }
        ],
        "templateVersion": 1,
        "updatedAt": "2026-01-01T16:41:00.307Z"
      },
      "className": "PS A",
      "signatures": [
        {
          "_id": "6956a39ced08f69f35c431a2",
          "templateAssignmentId": "6956a371fb450742576d3e8e",
          "subAdminId": "6956a304ed08f69f35c42c93",
          "signedAt": "2026-01-01T16:41:00.304Z",
          "status": "signed",
          "type": "end_of_year",
          "signatureUrl": "https://localhost:4000/uploads/signatures/signature-6956a304ed08f69f35c42c93-1767285640282.png",
          "level": "PS",
          "schoolYearId": "6956a357ed08f69f35c42ed8",
          "signaturePeriodId": "6956a357ed08f69f35c42ed8_end_of_year",
          "__v": 0
        }
      ],
      "signature": null,
      "finalSignature": {
        "_id": "6956a39ced08f69f35c431a2",
        "templateAssignmentId": "6956a371fb450742576d3e8e",
        "subAdminId": "6956a304ed08f69f35c42c93",
        "signedAt": "2026-01-01T16:41:00.304Z",
        "status": "signed",
        "type": "end_of_year",
        "signatureUrl": "https://localhost:4000/uploads/signatures/signature-6956a304ed08f69f35c42c93-1767285640282.png",
        "level": "PS",
        "schoolYearId": "6956a357ed08f69f35c42ed8",
        "signaturePeriodId": "6956a357ed08f69f35c42ed8_end_of_year",
        "__v": 0
      }
    },
    "meta": {
      "templateVersion": 1,
      "dataVersion": 2,
      "signaturePeriodId": "6956a357ed08f69f35c42ed8_end_of_year",
      "schoolYearId": "6956a357ed08f69f35c42ed8",
      "level": "PS",
      "snapshotReason": "promotion",
      "archivedAt": "2026-01-01T16:41:01.698Z"
    },
    "createdAt": "2026-01-01T16:41:01.698Z",
    "__v": 0
  },
  {
    "_id": "6956a8a9ed08f69f35c4368f",
    "studentId": "6956a879ed08f69f35c434a2",
    "schoolYearId": "6956a357ed08f69f35c42ed8",
    "level": "PS",
    "classId": "6956a35ded08f69f35c42ef4",
    "templateId": "6956a347ed08f69f35c42d4f",
    "data": {
      "student": {
        "_id": "6956a879ed08f69f35c434a2",
        "logicalKey": "test2_test2_2018",
        "firstName": "TEST2",
        "lastName": "TEST2",
        "dateOfBirth": "2000-01-01T00:00:00.000Z",
        "status": "active",
        "promotions": [],
        "__v": 0
      },
      "enrollment": {
        "_id": "6956a879ed08f69f35c434a5",
        "studentId": "6956a879ed08f69f35c434a2",
        "classId": "6956a35ded08f69f35c42ef4",
        "schoolYearId": "6956a357ed08f69f35c42ed8",
        "status": "active",
        "promotionStatus": "pending",
        "__v": 0
      },
      "statuses": [],
      "assignment": {
        "_id": "6956a879ed08f69f35c434ae",
        "templateId": "6956a347ed08f69f35c42d4f",
        "templateVersion": 1,
        "studentId": "6956a879ed08f69f35c434a2",
        "completionSchoolYearId": "6956a357ed08f69f35c42ed8",
        "assignedTeachers": [
          "6956a2fded08f69f35c42c8a"
        ],
        "status": "signed",
        "assignedAt": "2026-01-01T17:01:45.814Z",
        "assignedBy": "694f0cc2c22267f5739af04a",
        "isCompleted": false,
        "isCompletedSem1": false,
        "isCompletedSem2": true,
        "dataVersion": 2,
        "teacherCompletions": [
          {
            "teacherId": "6956a2fded08f69f35c42c8a",
            "completedSem2": true,
            "completedAtSem2": "2026-01-01T17:02:27.780Z",
            "_id": "6956a8a3ed08f69f35c43611"
          }
        ],
        "createdAt": "2026-01-01T17:01:45.814Z",
        "updatedAt": "2026-01-01T17:02:31.614Z",
        "__v": 0,
        "data": {
          "table_51bd671b-6233-4fbb-8041-6d694014cba7_row_6e1db0a4-88c2-4cbe-9816-911ee4a59be3": [
            {
              "code": "lb",
              "label": "Lebanese",
              "emoji": "🇱🇧",
              "active": false,
              "level": "PS"
            },
            {
              "code": "fr",
              "label": "French",
              "emoji": "🇫🇷",
              "active": true,
              "level": "PS"
            },
            {
              "code": "en",
              "label": "English",
              "emoji": "🇬🇧",
              "active": false,
              "level": "PS"
            }
          ]
        },
        "completedAtSem2": "2026-01-01T17:02:27.780Z"
      },
      "className": "PS A",
      "signatures": [
        {
          "_id": "6956a8a7ed08f69f35c4365b",
          "templateAssignmentId": "6956a879ed08f69f35c434ae",
          "subAdminId": "6956a304ed08f69f35c42c93",
          "signedAt": "2026-01-01T17:02:31.612Z",
          "status": "signed",
          "type": "end_of_year",
          "signatureUrl": "https://localhost:4000/uploads/signatures/signature-6956a304ed08f69f35c42c93-1767285640282.png",
          "level": "PS",
          "schoolYearId": "6956a357ed08f69f35c42ed8",
          "signaturePeriodId": "6956a357ed08f69f35c42ed8_end_of_year",
          "__v": 0
        }
      ],
      "signature": null,
      "finalSignature": {
        "_id": "6956a8a7ed08f69f35c4365b",
        "templateAssignmentId": "6956a879ed08f69f35c434ae",
        "subAdminId": "6956a304ed08f69f35c42c93",
        "signedAt": "2026-01-01T17:02:31.612Z",
        "status": "signed",
        "type": "end_of_year",
        "signatureUrl": "https://localhost:4000/uploads/signatures/signature-6956a304ed08f69f35c42c93-1767285640282.png",
        "level": "PS",
        "schoolYearId": "6956a357ed08f69f35c42ed8",
        "signaturePeriodId": "6956a357ed08f69f35c42ed8_end_of_year",
        "__v": 0
      }
    },
    "meta": {
      "templateVersion": 1,
      "dataVersion": 2,
      "signaturePeriodId": "6956a357ed08f69f35c42ed8_end_of_year",
      "schoolYearId": "6956a357ed08f69f35c42ed8",
      "level": "PS",
      "snapshotReason": "promotion",
      "archivedAt": "2026-01-01T17:02:33.730Z"
    },
    "createdAt": "2026-01-01T17:02:33.730Z",
    "__v": 0
  },
  {
    "_id": "6956acd3ed08f69f35c43ac3",
    "studentId": "6956ac90ed08f69f35c43990",
    "schoolYearId": "6956a357ed08f69f35c42ed8",
    "level": "PS",
    "classId": "6956a35ded08f69f35c42ef4",
    "templateId": "6956a347ed08f69f35c42d4f",
    "data": {
      "student": {
        "_id": "6956ac90ed08f69f35c43990",
        "logicalKey": "test3_test3_2018",
        "firstName": "test3",
        "lastName": "test3",
        "dateOfBirth": "2000-01-01T00:00:00.000Z",
        "status": "active",
        "promotions": [],
        "__v": 0
      },
      "enrollment": {
        "_id": "6956ac90ed08f69f35c43993",
        "studentId": "6956ac90ed08f69f35c43990",
        "classId": "6956a35ded08f69f35c42ef4",
        "schoolYearId": "6956a357ed08f69f35c42ed8",
        "status": "active",
        "promotionStatus": "pending",
        "__v": 0
      },
      "statuses": [],
      "assignment": {
        "_id": "6956ac90ed08f69f35c4399c",
        "templateId": "6956a347ed08f69f35c42d4f",
        "templateVersion": 1,
        "studentId": "6956ac90ed08f69f35c43990",
        "completionSchoolYearId": "6956a357ed08f69f35c42ed8",
        "assignedTeachers": [
          "6956a2fded08f69f35c42c8a"
        ],
        "status": "signed",
        "assignedAt": "2026-01-01T17:19:12.329Z",
        "assignedBy": "694f0cc2c22267f5739af04a",
        "isCompleted": false,
        "isCompletedSem1": false,
        "isCompletedSem2": true,
        "dataVersion": 2,
        "teacherCompletions": [
          {
            "teacherId": "6956a2fded08f69f35c42c8a",
            "completedSem2": true,
            "completedAtSem2": "2026-01-01T17:20:10.548Z",
            "_id": "6956accaed08f69f35c439eb"
          }
        ],
        "createdAt": "2026-01-01T17:19:12.329Z",
        "updatedAt": "2026-01-01T17:20:17.672Z",
        "__v": 0,
        "data": {
          "table_51bd671b-6233-4fbb-8041-6d694014cba7_row_6e1db0a4-88c2-4cbe-9816-911ee4a59be3": [
            {
              "code": "lb",
              "label": "Lebanese",
              "emoji": "🇱🇧",
              "active": false,
              "level": "PS"
            },
            {
              "code": "fr",
              "label": "French",
              "emoji": "🇫🇷",
              "active": true,
              "level": "PS"
            },
            {
              "code": "en",
              "label": "English",
              "emoji": "🇬🇧",
              "active": false,
              "level": "PS"
            }
          ]
        },
        "completedAtSem2": "2026-01-01T17:20:10.548Z"
      },
      "className": "PS A",
      "signatures": [
        {
          "_id": "6956acd1ed08f69f35c43a8f",
          "templateAssignmentId": "6956ac90ed08f69f35c4399c",
          "subAdminId": "6956a304ed08f69f35c42c93",
          "signedAt": "2026-01-01T17:20:17.671Z",
          "status": "signed",
          "type": "end_of_year",
          "signatureUrl": "https://localhost:4000/uploads/signatures/signature-6956a304ed08f69f35c42c93-1767285640282.png",
          "level": "PS",
          "schoolYearId": "6956a357ed08f69f35c42ed8",
          "signaturePeriodId": "6956a357ed08f69f35c42ed8_end_of_year",
          "__v": 0
        }
      ],
      "signature": null,
      "finalSignature": {
        "_id": "6956acd1ed08f69f35c43a8f",
        "templateAssignmentId": "6956ac90ed08f69f35c4399c",
        "subAdminId": "6956a304ed08f69f35c42c93",
        "signedAt": "2026-01-01T17:20:17.671Z",
        "status": "signed",
        "type": "end_of_year",
        "signatureUrl": "https://localhost:4000/uploads/signatures/signature-6956a304ed08f69f35c42c93-1767285640282.png",
        "level": "PS",
        "schoolYearId": "6956a357ed08f69f35c42ed8",
        "signaturePeriodId": "6956a357ed08f69f35c42ed8_end_of_year",
        "__v": 0
      }
    },
    "meta": {
      "templateVersion": 1,
      "dataVersion": 2,
      "signaturePeriodId": "6956a357ed08f69f35c42ed8_end_of_year",
      "schoolYearId": "6956a357ed08f69f35c42ed8",
      "level": "PS",
      "snapshotReason": "promotion",
      "archivedAt": "2026-01-01T17:20:19.460Z"
    },
    "createdAt": "2026-01-01T17:20:19.460Z",
    "__v": 0
  },
  {
    "_id": "6956afbbed08f69f35c43e12",
    "studentId": "6956afa6ed08f69f35c43cb1",
    "schoolYearId": "6956a357ed08f69f35c42ed8",
    "level": "PS",
    "classId": "6956a35ded08f69f35c42ef4",
    "templateId": "6956a347ed08f69f35c42d4f",
    "data": {
      "student": {
        "_id": "6956afa6ed08f69f35c43cb1",
        "logicalKey": "test4_test4_2018",
        "firstName": "test4",
        "lastName": "test4",
        "dateOfBirth": "2000-01-01T00:00:00.000Z",
        "status": "active",
        "promotions": [],
        "__v": 0
      },
      "enrollment": {
        "_id": "6956afa6ed08f69f35c43cb4",
        "studentId": "6956afa6ed08f69f35c43cb1",
        "classId": "6956a35ded08f69f35c42ef4",
        "schoolYearId": "6956a357ed08f69f35c42ed8",
        "status": "active",
        "promotionStatus": "pending",
        "__v": 0
      },
      "statuses": [],
      "assignment": {
        "_id": "6956afa6ed08f69f35c43cbd",
        "templateId": "6956a347ed08f69f35c42d4f",
        "templateVersion": 1,
        "studentId": "6956afa6ed08f69f35c43cb1",
        "completionSchoolYearId": "6956a357ed08f69f35c42ed8",
        "assignedTeachers": [
          "6956a2fded08f69f35c42c8a"
        ],
        "status": "signed",
        "assignedAt": "2026-01-01T17:32:22.662Z",
        "assignedBy": "694f0cc2c22267f5739af04a",
        "isCompleted": false,
        "isCompletedSem1": false,
        "isCompletedSem2": true,
        "dataVersion": 2,
        "teacherCompletions": [
          {
            "teacherId": "6956a2fded08f69f35c42c8a",
            "completedSem2": true,
            "completedAtSem2": "2026-01-01T17:32:36.798Z",
            "_id": "6956afb4ed08f69f35c43d95"
          }
        ],
        "createdAt": "2026-01-01T17:32:22.662Z",
        "updatedAt": "2026-01-01T17:32:41.913Z",
        "__v": 0,
        "data": {
          "table_578eaee3-460f-4d19-a370-39cb356d179c_row_244022be-e20b-4e1d-b544-043c700d6b90": [
            {
              "code": "fr",
              "label": "Français",
              "emoji": "🇫🇷",
              "active": true,
              "level": "PS"
            },
            {
              "code": "en",
              "label": "English",
              "emoji": "🇬🇧",
              "active": false,
              "level": "PS"
            },
            {
              "code": "ar",
              "label": "العربية",
              "emoji": "🇱🇧",
              "active": false,
              "level": "PS"
            }
          ]
        },
        "completedAtSem2": "2026-01-01T17:32:36.798Z"
      },
      "className": "PS A",
      "signatures": [
        {
          "_id": "6956afb9ed08f69f35c43dde",
          "templateAssignmentId": "6956afa6ed08f69f35c43cbd",
          "subAdminId": "6956a304ed08f69f35c42c93",
          "signedAt": "2026-01-01T17:32:41.911Z",
          "status": "signed",
          "type": "end_of_year",
          "signatureUrl": "https://localhost:4000/uploads/signatures/signature-6956a304ed08f69f35c42c93-1767285640282.png",
          "level": "PS",
          "schoolYearId": "6956a357ed08f69f35c42ed8",
          "signaturePeriodId": "6956a357ed08f69f35c42ed8_end_of_year",
          "__v": 0
        }
      ],
      "signature": null,
      "finalSignature": {
        "_id": "6956afb9ed08f69f35c43dde",
        "templateAssignmentId": "6956afa6ed08f69f35c43cbd",
        "subAdminId": "6956a304ed08f69f35c42c93",
        "signedAt": "2026-01-01T17:32:41.911Z",
        "status": "signed",
        "type": "end_of_year",
        "signatureUrl": "https://localhost:4000/uploads/signatures/signature-6956a304ed08f69f35c42c93-1767285640282.png",
        "level": "PS",
        "schoolYearId": "6956a357ed08f69f35c42ed8",
        "signaturePeriodId": "6956a357ed08f69f35c42ed8_end_of_year",
        "__v": 0
      }
    },
    "meta": {
      "templateVersion": 1,
      "dataVersion": 2,
      "signaturePeriodId": "6956a357ed08f69f35c42ed8_end_of_year",
      "schoolYearId": "6956a357ed08f69f35c42ed8",
      "level": "PS",
      "snapshotReason": "promotion",
      "archivedAt": "2026-01-01T17:32:43.409Z"
    },
    "createdAt": "2026-01-01T17:32:43.409Z",
    "__v": 0
  },
  {
    "_id": "6956b0ebed08f69f35c4408b",
    "studentId": "6956b0c8ed08f69f35c43f04",
    "schoolYearId": "6956a357ed08f69f35c42ed8",
    "level": "PS",
    "classId": "6956a35ded08f69f35c42ef4",
    "templateId": "6956a347ed08f69f35c42d4f",
    "data": {
      "student": {
        "_id": "6956b0c8ed08f69f35c43f04",
        "logicalKey": "test5_test5_2018",
        "firstName": "test5",
        "lastName": "test5",
        "dateOfBirth": "2000-01-01T00:00:00.000Z",
        "status": "active",
        "promotions": [],
        "__v": 0
      },
      "enrollment": {
        "_id": "6956b0c8ed08f69f35c43f07",
        "studentId": "6956b0c8ed08f69f35c43f04",
        "classId": "6956a35ded08f69f35c42ef4",
        "schoolYearId": "6956a357ed08f69f35c42ed8",
        "status": "active",
        "promotionStatus": "pending",
        "__v": 0
      },
      "statuses": [],
      "assignment": {
        "_id": "6956b0c8ed08f69f35c43f10",
        "templateId": "6956a347ed08f69f35c42d4f",
        "templateVersion": 1,
        "studentId": "6956b0c8ed08f69f35c43f04",
        "completionSchoolYearId": "6956a357ed08f69f35c42ed8",
        "assignedTeachers": [
          "6956a2fded08f69f35c42c8a"
        ],
        "status": "signed",
        "assignedAt": "2026-01-01T17:37:12.721Z",
        "assignedBy": "694f0cc2c22267f5739af04a",
        "isCompleted": false,
        "isCompletedSem1": false,
        "isCompletedSem2": true,
        "dataVersion": 2,
        "teacherCompletions": [
          {
            "teacherId": "6956a2fded08f69f35c42c8a",
            "completedSem2": true,
            "completedAtSem2": "2026-01-01T17:37:36.654Z",
            "_id": "6956b0e0ed08f69f35c4400f"
          }
        ],
        "createdAt": "2026-01-01T17:37:12.721Z",
        "updatedAt": "2026-01-01T17:37:43.602Z",
        "__v": 0,
        "completedAtSem2": "2026-01-01T17:37:36.654Z"
      },
      "className": "PS A",
      "signatures": [
        {
          "_id": "6956b0e7ed08f69f35c44059",
          "templateAssignmentId": "6956b0c8ed08f69f35c43f10",
          "subAdminId": "6956a304ed08f69f35c42c93",
          "signedAt": "2026-01-01T17:37:43.600Z",
          "status": "signed",
          "type": "end_of_year",
          "signatureUrl": "https://localhost:4000/uploads/signatures/signature-6956a304ed08f69f35c42c93-1767285640282.png",
          "level": "PS",
          "schoolYearId": "6956a357ed08f69f35c42ed8",
          "signaturePeriodId": "6956a357ed08f69f35c42ed8_end_of_year",
          "__v": 0
        }
      ],
      "signature": null,
      "finalSignature": {
        "_id": "6956b0e7ed08f69f35c44059",
        "templateAssignmentId": "6956b0c8ed08f69f35c43f10",
        "subAdminId": "6956a304ed08f69f35c42c93",
        "signedAt": "2026-01-01T17:37:43.600Z",
        "status": "signed",
        "type": "end_of_year",
        "signatureUrl": "https://localhost:4000/uploads/signatures/signature-6956a304ed08f69f35c42c93-1767285640282.png",
        "level": "PS",
        "schoolYearId": "6956a357ed08f69f35c42ed8",
        "signaturePeriodId": "6956a357ed08f69f35c42ed8_end_of_year",
        "__v": 0
      }
    },
    "meta": {
      "templateVersion": 1,
      "dataVersion": 2,
      "signaturePeriodId": "6956a357ed08f69f35c42ed8_end_of_year",
      "schoolYearId": "6956a357ed08f69f35c42ed8",
      "level": "PS",
      "snapshotReason": "promotion",
      "archivedAt": "2026-01-01T17:37:47.842Z"
    },
    "createdAt": "2026-01-01T17:37:47.842Z",
    "__v": 0
  },
  {
    "_id": "6956b143ed08f69f35c442a4",
    "studentId": "6956b12ded08f69f35c440ee",
    "schoolYearId": "6956a357ed08f69f35c42ed8",
    "level": "PS",
    "classId": "6956a35ded08f69f35c42ef4",
    "templateId": "6956a347ed08f69f35c42d4f",
    "data": {
      "student": {
        "_id": "6956b12ded08f69f35c440ee",
        "logicalKey": "test6_test6_2018",
        "firstName": "test6",
        "lastName": "test6",
        "dateOfBirth": "2000-01-01T00:00:00.000Z",
        "status": "active",
        "promotions": [],
        "__v": 0
      },
      "enrollment": {
        "_id": "6956b12ded08f69f35c440f1",
        "studentId": "6956b12ded08f69f35c440ee",
        "classId": "6956a35ded08f69f35c42ef4",
        "schoolYearId": "6956a357ed08f69f35c42ed8",
        "status": "active",
        "promotionStatus": "pending",
        "__v": 0
      },
      "statuses": [],
      "assignment": {
        "_id": "6956b12ded08f69f35c440fa",
        "templateId": "6956a347ed08f69f35c42d4f",
        "templateVersion": 1,
        "studentId": "6956b12ded08f69f35c440ee",
        "completionSchoolYearId": "6956a357ed08f69f35c42ed8",
        "assignedTeachers": [
          "6956a2fded08f69f35c42c8a"
        ],
        "status": "signed",
        "assignedAt": "2026-01-01T17:38:53.865Z",
        "assignedBy": "694f0cc2c22267f5739af04a",
        "isCompleted": false,
        "isCompletedSem1": false,
        "isCompletedSem2": true,
        "dataVersion": 5,
        "teacherCompletions": [
          {
            "teacherId": "6956a2fded08f69f35c42c8a",
            "completedSem2": true,
            "completedAtSem2": "2026-01-01T17:39:01.707Z",
            "_id": "6956b135ed08f69f35c44133"
          }
        ],
        "createdAt": "2026-01-01T17:38:53.866Z",
        "updatedAt": "2026-01-01T17:39:13.357Z",
        "__v": 0,
        "completedAtSem2": "2026-01-01T17:39:01.707Z"
      },
      "className": "PS A",
      "signatures": [
        {
          "_id": "6956b141ed08f69f35c44271",
          "templateAssignmentId": "6956b12ded08f69f35c440fa",
          "subAdminId": "6956a304ed08f69f35c42c93",
          "signedAt": "2026-01-01T17:39:13.355Z",
          "status": "signed",
          "type": "end_of_year",
          "signatureUrl": "https://localhost:4000/uploads/signatures/signature-6956a304ed08f69f35c42c93-1767285640282.png",
          "level": "PS",
          "schoolYearId": "6956a357ed08f69f35c42ed8",
          "signaturePeriodId": "6956a357ed08f69f35c42ed8_end_of_year",
          "__v": 0
        }
      ],
      "signature": null,
      "finalSignature": {
        "_id": "6956b141ed08f69f35c44271",
        "templateAssignmentId": "6956b12ded08f69f35c440fa",
        "subAdminId": "6956a304ed08f69f35c42c93",
        "signedAt": "2026-01-01T17:39:13.355Z",
        "status": "signed",
        "type": "end_of_year",
        "signatureUrl": "https://localhost:4000/uploads/signatures/signature-6956a304ed08f69f35c42c93-1767285640282.png",
        "level": "PS",
        "schoolYearId": "6956a357ed08f69f35c42ed8",
        "signaturePeriodId": "6956a357ed08f69f35c42ed8_end_of_year",
        "__v": 0
      }
    },
    "meta": {
      "templateVersion": 1,
      "dataVersion": 5,
      "signaturePeriodId": "6956a357ed08f69f35c42ed8_end_of_year",
      "schoolYearId": "6956a357ed08f69f35c42ed8",
      "level": "PS",
      "snapshotReason": "promotion",
      "archivedAt": "2026-01-01T17:39:15.233Z"
    },
    "createdAt": "2026-01-01T17:39:15.233Z",
    "__v": 0
  },
  {
    "_id": "6956b392ed08f69f35c443e3",
    "studentId": "6956b381ed08f69f35c442d9",
    "schoolYearId": "6956a357ed08f69f35c42ed8",
    "level": "PS",
    "classId": "6956a35ded08f69f35c42ef4",
    "templateId": "6956a347ed08f69f35c42d4f",
    "data": {
      "student": {
        "_id": "6956b381ed08f69f35c442d9",
        "logicalKey": "test7_test7_2018",
        "firstName": "test7",
        "lastName": "test7",
        "dateOfBirth": "2000-01-01T00:00:00.000Z",
        "status": "active",
        "promotions": [],
        "__v": 0
      },
      "enrollment": {
        "_id": "6956b381ed08f69f35c442dc",
        "studentId": "6956b381ed08f69f35c442d9",
        "classId": "6956a35ded08f69f35c42ef4",
        "schoolYearId": "6956a357ed08f69f35c42ed8",
        "status": "active",
        "promotionStatus": "pending",
        "__v": 0
      },
      "statuses": [],
      "assignment": {
        "_id": "6956b381ed08f69f35c442e5",
        "templateId": "6956a347ed08f69f35c42d4f",
        "templateVersion": 1,
        "studentId": "6956b381ed08f69f35c442d9",
        "completionSchoolYearId": "6956a357ed08f69f35c42ed8",
        "assignedTeachers": [
          "6956a2fded08f69f35c42c8a"
        ],
        "status": "signed",
        "assignedAt": "2026-01-01T17:48:49.169Z",
        "assignedBy": "694f0cc2c22267f5739af04a",
        "isCompleted": false,
        "isCompletedSem1": false,
        "isCompletedSem2": true,
        "dataVersion": 2,
        "teacherCompletions": [
          {
            "teacherId": "6956a2fded08f69f35c42c8a",
            "completedSem2": true,
            "completedAtSem2": "2026-01-01T17:48:55.492Z",
            "_id": "6956b387ed08f69f35c44321"
          }
        ],
        "createdAt": "2026-01-01T17:48:49.170Z",
        "updatedAt": "2026-01-01T17:49:03.673Z",
        "__v": 0,
        "completedAtSem2": "2026-01-01T17:48:55.492Z"
      },
      "className": "PS A",
      "signatures": [
        {
          "_id": "6956b38fed08f69f35c443ae",
          "templateAssignmentId": "6956b381ed08f69f35c442e5",
          "subAdminId": "6956a304ed08f69f35c42c93",
          "signedAt": "2026-01-01T17:49:03.672Z",
          "status": "signed",
          "type": "end_of_year",
          "signatureUrl": "https://localhost:4000/uploads/signatures/signature-6956a304ed08f69f35c42c93-1767285640282.png",
          "level": "PS",
          "schoolYearId": "6956a357ed08f69f35c42ed8",
          "signaturePeriodId": "6956a357ed08f69f35c42ed8_end_of_year",
          "__v": 0
        }
      ],
      "signature": null,
      "finalSignature": {
        "_id": "6956b38fed08f69f35c443ae",
        "templateAssignmentId": "6956b381ed08f69f35c442e5",
        "subAdminId": "6956a304ed08f69f35c42c93",
        "signedAt": "2026-01-01T17:49:03.672Z",
        "status": "signed",
        "type": "end_of_year",
        "signatureUrl": "https://localhost:4000/uploads/signatures/signature-6956a304ed08f69f35c42c93-1767285640282.png",
        "level": "PS",
        "schoolYearId": "6956a357ed08f69f35c42ed8",
        "signaturePeriodId": "6956a357ed08f69f35c42ed8_end_of_year",
        "__v": 0
      }
    },
    "meta": {
      "templateVersion": 1,
      "dataVersion": 2,
      "signaturePeriodId": "6956a357ed08f69f35c42ed8_end_of_year",
      "schoolYearId": "6956a357ed08f69f35c42ed8",
      "level": "PS",
      "snapshotReason": "promotion",
      "archivedAt": "2026-01-01T17:49:06.463Z"
    },
    "createdAt": "2026-01-01T17:49:06.463Z",
    "__v": 0
  },
  {
    "_id": "6956b595ed08f69f35c445a7",
    "studentId": "6956b57aed08f69f35c44453",
    "schoolYearId": "6956a357ed08f69f35c42ed8",
    "level": "PS",
    "classId": "6956a35ded08f69f35c42ef4",
    "templateId": "6956a347ed08f69f35c42d4f",
    "data": {
      "student": {
        "_id": "6956b57aed08f69f35c44453",
        "logicalKey": "test8_test8_2018",
        "firstName": "test8",
        "lastName": "test8",
        "dateOfBirth": "2000-01-01T00:00:00.000Z",
        "status": "active",
        "promotions": [],
        "__v": 0
      },
      "enrollment": {
        "_id": "6956b57aed08f69f35c44456",
        "studentId": "6956b57aed08f69f35c44453",
        "classId": "6956a35ded08f69f35c42ef4",
        "schoolYearId": "6956a357ed08f69f35c42ed8",
        "status": "active",
        "promotionStatus": "pending",
        "__v": 0
      },
      "statuses": [],
      "assignment": {
        "_id": "6956b57aed08f69f35c4445f",
        "templateId": "6956a347ed08f69f35c42d4f",
        "templateVersion": 1,
        "studentId": "6956b57aed08f69f35c44453",
        "completionSchoolYearId": "6956a357ed08f69f35c42ed8",
        "assignedTeachers": [
          "6956a2fded08f69f35c42c8a"
        ],
        "status": "signed",
        "assignedAt": "2026-01-01T17:57:14.885Z",
        "assignedBy": "694f0cc2c22267f5739af04a",
        "isCompleted": false,
        "isCompletedSem1": false,
        "isCompletedSem2": true,
        "dataVersion": 2,
        "teacherCompletions": [
          {
            "teacherId": "6956a2fded08f69f35c42c8a",
            "completedSem2": true,
            "completedAtSem2": "2026-01-01T17:57:26.670Z",
            "_id": "6956b586ed08f69f35c4452c"
          }
        ],
        "createdAt": "2026-01-01T17:57:14.886Z",
        "updatedAt": "2026-01-01T17:57:38.426Z",
        "__v": 0,
        "completedAtSem2": "2026-01-01T17:57:26.670Z"
      },
      "className": "PS A",
      "signatures": [
        {
          "_id": "6956b592ed08f69f35c44575",
          "templateAssignmentId": "6956b57aed08f69f35c4445f",
          "subAdminId": "6956a304ed08f69f35c42c93",
          "signedAt": "2026-01-01T17:57:38.423Z",
          "status": "signed",
          "type": "end_of_year",
          "signatureUrl": "https://localhost:4000/uploads/signatures/signature-6956a304ed08f69f35c42c93-1767285640282.png",
          "level": "PS",
          "schoolYearId": "6956a357ed08f69f35c42ed8",
          "signaturePeriodId": "6956a357ed08f69f35c42ed8_end_of_year",
          "__v": 0
        }
      ],
      "signature": null,
      "finalSignature": {
        "_id": "6956b592ed08f69f35c44575",
        "templateAssignmentId": "6956b57aed08f69f35c4445f",
        "subAdminId": "6956a304ed08f69f35c42c93",
        "signedAt": "2026-01-01T17:57:38.423Z",
        "status": "signed",
        "type": "end_of_year",
        "signatureUrl": "https://localhost:4000/uploads/signatures/signature-6956a304ed08f69f35c42c93-1767285640282.png",
        "level": "PS",
        "schoolYearId": "6956a357ed08f69f35c42ed8",
        "signaturePeriodId": "6956a357ed08f69f35c42ed8_end_of_year",
        "__v": 0
      }
    },
    "meta": {
      "templateVersion": 1,
      "dataVersion": 2,
      "signaturePeriodId": "6956a357ed08f69f35c42ed8_end_of_year",
      "schoolYearId": "6956a357ed08f69f35c42ed8",
      "level": "PS",
      "snapshotReason": "promotion",
      "archivedAt": "2026-01-01T17:57:41.356Z"
    },
    "createdAt": "2026-01-01T17:57:41.356Z",
    "__v": 0
  },
  {
    "_id": "6956b794ed08f69f35c447c1",
    "studentId": "6956b786ed08f69f35c446b7",
    "schoolYearId": "6956a357ed08f69f35c42ed8",
    "level": "PS",
    "classId": "6956a35ded08f69f35c42ef4",
    "templateId": "6956a347ed08f69f35c42d4f",
    "data": {
      "student": {
        "_id": "6956b786ed08f69f35c446b7",
        "logicalKey": "test9_test9_2018",
        "firstName": "test9",
        "lastName": "test9",
        "dateOfBirth": "2000-01-01T00:00:00.000Z",
        "status": "active",
        "promotions": [],
        "__v": 0
      },
      "enrollment": {
        "_id": "6956b786ed08f69f35c446ba",
        "studentId": "6956b786ed08f69f35c446b7",
        "classId": "6956a35ded08f69f35c42ef4",
        "schoolYearId": "6956a357ed08f69f35c42ed8",
        "status": "active",
        "promotionStatus": "pending",
        "__v": 0
      },
      "statuses": [],
      "assignment": {
        "_id": "6956b786ed08f69f35c446c3",
        "templateId": "6956a347ed08f69f35c42d4f",
        "templateVersion": 1,
        "studentId": "6956b786ed08f69f35c446b7",
        "completionSchoolYearId": "6956a357ed08f69f35c42ed8",
        "assignedTeachers": [
          "6956a2fded08f69f35c42c8a"
        ],
        "status": "signed",
        "assignedAt": "2026-01-01T18:05:58.125Z",
        "assignedBy": "694f0cc2c22267f5739af04a",
        "isCompleted": false,
        "isCompletedSem1": false,
        "isCompletedSem2": true,
        "dataVersion": 2,
        "teacherCompletions": [
          {
            "teacherId": "6956a2fded08f69f35c42c8a",
            "completedSem2": true,
            "completedAtSem2": "2026-01-01T18:06:02.276Z",
            "_id": "6956b78aed08f69f35c446fe"
          }
        ],
        "createdAt": "2026-01-01T18:05:58.125Z",
        "updatedAt": "2026-01-01T18:06:09.606Z",
        "__v": 0,
        "completedAtSem2": "2026-01-01T18:06:02.276Z"
      },
      "className": "PS A",
      "signatures": [
        {
          "_id": "6956b791ed08f69f35c4478c",
          "templateAssignmentId": "6956b786ed08f69f35c446c3",
          "subAdminId": "6956a304ed08f69f35c42c93",
          "signedAt": "2026-01-01T18:06:09.605Z",
          "status": "signed",
          "type": "end_of_year",
          "signatureUrl": "https://localhost:4000/uploads/signatures/signature-6956a304ed08f69f35c42c93-1767285640282.png",
          "level": "PS",
          "schoolYearId": "6956a357ed08f69f35c42ed8",
          "signaturePeriodId": "6956a357ed08f69f35c42ed8_end_of_year",
          "__v": 0
        }
      ],
      "signature": null,
      "finalSignature": {
        "_id": "6956b791ed08f69f35c4478c",
        "templateAssignmentId": "6956b786ed08f69f35c446c3",
        "subAdminId": "6956a304ed08f69f35c42c93",
        "signedAt": "2026-01-01T18:06:09.605Z",
        "status": "signed",
        "type": "end_of_year",
        "signatureUrl": "https://localhost:4000/uploads/signatures/signature-6956a304ed08f69f35c42c93-1767285640282.png",
        "level": "PS",
        "schoolYearId": "6956a357ed08f69f35c42ed8",
        "signaturePeriodId": "6956a357ed08f69f35c42ed8_end_of_year",
        "__v": 0
      }
    },
    "meta": {
      "templateVersion": 1,
      "dataVersion": 2,
      "signaturePeriodId": "6956a357ed08f69f35c42ed8_end_of_year",
      "schoolYearId": "6956a357ed08f69f35c42ed8",
      "level": "PS",
      "snapshotReason": "promotion",
      "archivedAt": "2026-01-01T18:06:12.689Z"
    },
    "createdAt": "2026-01-01T18:06:12.689Z",
    "__v": 0
  },
  {
    "_id": "6956b7deed08f69f35c4497b",
    "studentId": "6956b7cfed08f69f35c44828",
    "schoolYearId": "6956a357ed08f69f35c42ed8",
    "level": "PS",
    "classId": "6956a35ded08f69f35c42ef4",
    "templateId": "6956a347ed08f69f35c42d4f",
    "data": {
      "student": {
        "_id": "6956b7cfed08f69f35c44828",
        "logicalKey": "test11_test11_2018",
        "firstName": "test11",
        "lastName": "test11",
        "dateOfBirth": "2000-01-01T00:00:00.000Z",
        "status": "active",
        "promotions": [],
        "__v": 0
      },
      "enrollment": {
        "_id": "6956b7cfed08f69f35c4482b",
        "studentId": "6956b7cfed08f69f35c44828",
        "classId": "6956a35ded08f69f35c42ef4",
        "schoolYearId": "6956a357ed08f69f35c42ed8",
        "status": "active",
        "promotionStatus": "pending",
        "__v": 0
      },
      "statuses": [],
      "assignment": {
        "_id": "6956b7cfed08f69f35c44834",
        "templateId": "6956a347ed08f69f35c42d4f",
        "templateVersion": 1,
        "studentId": "6956b7cfed08f69f35c44828",
        "completionSchoolYearId": "6956a357ed08f69f35c42ed8",
        "assignedTeachers": [
          "6956a2fded08f69f35c42c8a"
        ],
        "status": "signed",
        "assignedAt": "2026-01-01T18:07:11.231Z",
        "assignedBy": "694f0cc2c22267f5739af04a",
        "isCompleted": false,
        "isCompletedSem1": false,
        "isCompletedSem2": true,
        "dataVersion": 2,
        "teacherCompletions": [
          {
            "teacherId": "6956a2fded08f69f35c42c8a",
            "completedSem2": true,
            "completedAtSem2": "2026-01-01T18:07:19.376Z",
            "_id": "6956b7d7ed08f69f35c448a0"
          }
        ],
        "createdAt": "2026-01-01T18:07:11.232Z",
        "updatedAt": "2026-01-01T18:07:25.184Z",
        "__v": 0,
        "completedAtSem2": "2026-01-01T18:07:19.376Z"
      },
      "className": "PS A",
      "signatures": [
        {
          "_id": "6956b7dded08f69f35c44949",
          "templateAssignmentId": "6956b7cfed08f69f35c44834",
          "subAdminId": "6956a304ed08f69f35c42c93",
          "signedAt": "2026-01-01T18:07:25.182Z",
          "status": "signed",
          "type": "end_of_year",
          "signatureUrl": "https://localhost:4000/uploads/signatures/signature-6956a304ed08f69f35c42c93-1767285640282.png",
          "level": "PS",
          "schoolYearId": "6956a357ed08f69f35c42ed8",
          "signaturePeriodId": "6956a357ed08f69f35c42ed8_end_of_year",
          "__v": 0
        }
      ],
      "signature": null,
      "finalSignature": {
        "_id": "6956b7dded08f69f35c44949",
        "templateAssignmentId": "6956b7cfed08f69f35c44834",
        "subAdminId": "6956a304ed08f69f35c42c93",
        "signedAt": "2026-01-01T18:07:25.182Z",
        "status": "signed",
        "type": "end_of_year",
        "signatureUrl": "https://localhost:4000/uploads/signatures/signature-6956a304ed08f69f35c42c93-1767285640282.png",
        "level": "PS",
        "schoolYearId": "6956a357ed08f69f35c42ed8",
        "signaturePeriodId": "6956a357ed08f69f35c42ed8_end_of_year",
        "__v": 0
      }
    },
    "meta": {
      "templateVersion": 1,
      "dataVersion": 2,
      "signaturePeriodId": "6956a357ed08f69f35c42ed8_end_of_year",
      "schoolYearId": "6956a357ed08f69f35c42ed8",
      "level": "PS",
      "snapshotReason": "promotion",
      "archivedAt": "2026-01-01T18:07:26.329Z"
    },
    "createdAt": "2026-01-01T18:07:26.329Z",
    "__v": 0
  },
  {
    "_id": "6956e05fed08f69f35c454b1",
    "studentId": "6956e044ed08f69f35c4539a",
    "schoolYearId": "6956a357ed08f69f35c42ed8",
    "level": "PS",
    "classId": "6956a35ded08f69f35c42ef4",
    "templateId": "6956a347ed08f69f35c42d4f",
    "data": {
      "student": {
        "_id": "6956e044ed08f69f35c4539a",
        "logicalKey": "test12_test12_2018",
        "firstName": "test12",
        "lastName": "test12",
        "dateOfBirth": "2000-01-01T00:00:00.000Z",
        "status": "active",
        "promotions": [],
        "__v": 0
      },
      "enrollment": {
        "_id": "6956e044ed08f69f35c4539d",
        "studentId": "6956e044ed08f69f35c4539a",
        "classId": "6956a35ded08f69f35c42ef4",
        "schoolYearId": "6956a357ed08f69f35c42ed8",
        "status": "active",
        "promotionStatus": "pending",
        "__v": 0
      },
      "statuses": [],
      "assignment": {
        "_id": "6956e044ed08f69f35c453a6",
        "templateId": "6956a347ed08f69f35c42d4f",
        "templateVersion": 1,
        "studentId": "6956e044ed08f69f35c4539a",
        "completionSchoolYearId": "6956a357ed08f69f35c42ed8",
        "assignedTeachers": [
          "6956a2fded08f69f35c42c8a"
        ],
        "status": "signed",
        "assignedAt": "2026-01-01T20:59:48.926Z",
        "assignedBy": "694462896b3467909766ed08",
        "isCompleted": false,
        "isCompletedSem1": false,
        "isCompletedSem2": true,
        "dataVersion": 2,
        "teacherCompletions": [
          {
            "teacherId": "6956a2fded08f69f35c42c8a",
            "completedSem2": true,
            "completedAtSem2": "2026-01-01T21:00:08.474Z",
            "_id": "6956e058ed08f69f35c453ef"
          }
        ],
        "createdAt": "2026-01-01T20:59:48.926Z",
        "updatedAt": "2026-01-01T21:00:14.722Z",
        "__v": 0,
        "completedAtSem2": "2026-01-01T21:00:08.474Z"
      },
      "className": "PS A",
      "signatures": [
        {
          "_id": "6956e05eed08f69f35c4547d",
          "templateAssignmentId": "6956e044ed08f69f35c453a6",
          "subAdminId": "6956a304ed08f69f35c42c93",
          "signedAt": "2026-01-01T21:00:14.721Z",
          "status": "signed",
          "type": "end_of_year",
          "signatureUrl": "https://localhost:4000/uploads/signatures/signature-6956a304ed08f69f35c42c93-1767285640282.png",
          "level": "PS",
          "schoolYearId": "6956a357ed08f69f35c42ed8",
          "signaturePeriodId": "6956a357ed08f69f35c42ed8_end_of_year",
          "__v": 0
        }
      ],
      "signature": null,
      "finalSignature": {
        "_id": "6956e05eed08f69f35c4547d",
        "templateAssignmentId": "6956e044ed08f69f35c453a6",
        "subAdminId": "6956a304ed08f69f35c42c93",
        "signedAt": "2026-01-01T21:00:14.721Z",
        "status": "signed",
        "type": "end_of_year",
        "signatureUrl": "https://localhost:4000/uploads/signatures/signature-6956a304ed08f69f35c42c93-1767285640282.png",
        "level": "PS",
        "schoolYearId": "6956a357ed08f69f35c42ed8",
        "signaturePeriodId": "6956a357ed08f69f35c42ed8_end_of_year",
        "__v": 0
      }
    },
    "meta": {
      "templateVersion": 1,
      "dataVersion": 2,
      "signaturePeriodId": "6956a357ed08f69f35c42ed8_end_of_year",
      "schoolYearId": "6956a357ed08f69f35c42ed8",
      "level": "PS",
      "snapshotReason": "promotion",
      "archivedAt": "2026-01-01T21:00:15.973Z"
    },
    "createdAt": "2026-01-01T21:00:15.973Z",
    "__v": 0
  },
  {
    "_id": "6958187fc0018f23e1357c8d",
    "studentId": "69581869c0018f23e1357b1f",
    "schoolYearId": "6956a357ed08f69f35c42ed8",
    "level": "PS",
    "classId": "6956a35ded08f69f35c42ef4",
    "templateId": "6956a347ed08f69f35c42d4f",
    "data": {
      "student": {
        "_id": "69581869c0018f23e1357b1f",
        "logicalKey": "hist_hist_2018",
        "firstName": "hist",
        "lastName": "hist",
        "dateOfBirth": "2000-01-01T00:00:00.000Z",
        "status": "active",
        "promotions": [],
        "__v": 0
      },
      "enrollment": {
        "_id": "69581869c0018f23e1357b22",
        "studentId": "69581869c0018f23e1357b1f",
        "classId": "6956a35ded08f69f35c42ef4",
        "schoolYearId": "6956a357ed08f69f35c42ed8",
        "status": "active",
        "promotionStatus": "pending",
        "__v": 0
      },
      "statuses": [],
      "assignment": {
        "_id": "69581869c0018f23e1357b2b",
        "templateId": "6956a347ed08f69f35c42d4f",
        "templateVersion": 1,
        "studentId": "69581869c0018f23e1357b1f",
        "completionSchoolYearId": "6956a357ed08f69f35c42ed8",
        "assignedTeachers": [
          "6956a2fded08f69f35c42c8a"
        ],
        "status": "signed",
        "assignedAt": "2026-01-02T19:11:37.021Z",
        "assignedBy": "694f0cc2c22267f5739af04a",
        "isCompleted": false,
        "isCompletedSem1": false,
        "isCompletedSem2": true,
        "dataVersion": 2,
        "teacherCompletions": [
          {
            "teacherId": "6956a2fded08f69f35c42c8a",
            "completedSem2": true,
            "completedAtSem2": "2026-01-02T19:11:50.678Z",
            "_id": "69581876c0018f23e1357bb0"
          }
        ],
        "createdAt": "2026-01-02T19:11:37.023Z",
        "updatedAt": "2026-01-02T19:11:58.232Z",
        "__v": 0,
        "data": {
          "table_578eaee3-460f-4d19-a370-39cb356d179c_row_244022be-e20b-4e1d-b544-043c700d6b90": [
            {
              "code": "fr",
              "label": "Français",
              "emoji": "🇫🇷",
              "active": false,
              "level": "PS"
            },
            {
              "code": "en",
              "label": "English",
              "emoji": "🇬🇧",
              "active": true,
              "level": "PS"
            },
            {
              "code": "ar",
              "label": "العربية",
              "emoji": "🇱🇧",
              "active": false,
              "level": "PS"
            }
          ],
          "table_51bd671b-6233-4fbb-8041-6d694014cba7_row_6e1db0a4-88c2-4cbe-9816-911ee4a59be3": [
            {
              "code": "lb",
              "label": "Lebanese",
              "emoji": "🇱🇧",
              "active": false,
              "level": "PS"
            },
            {
              "code": "fr",
              "label": "French",
              "emoji": "🇫🇷",
              "active": true,
              "level": "PS"
            },
            {
              "code": "en",
              "label": "English",
              "emoji": "🇬🇧",
              "active": false,
              "level": "PS"
            }
          ]
        },
        "completedAtSem2": "2026-01-02T19:11:50.679Z"
      },
      "className": "PS A",
      "signatures": [
        {
          "_id": "6958187ec0018f23e1357c59",
          "templateAssignmentId": "69581869c0018f23e1357b2b",
          "subAdminId": "6956a304ed08f69f35c42c93",
          "signedAt": "2026-01-02T19:11:58.229Z",
          "status": "signed",
          "type": "end_of_year",
          "signatureUrl": "https://localhost:4000/uploads/signatures/signature-6956a304ed08f69f35c42c93-1767285640282.png",
          "level": "PS",
          "schoolYearId": "6956a357ed08f69f35c42ed8",
          "signaturePeriodId": "6956a357ed08f69f35c42ed8_end_of_year",
          "__v": 0
        }
      ],
      "signature": null,
      "finalSignature": {
        "_id": "6958187ec0018f23e1357c59",
        "templateAssignmentId": "69581869c0018f23e1357b2b",
        "subAdminId": "6956a304ed08f69f35c42c93",
        "signedAt": "2026-01-02T19:11:58.229Z",
        "status": "signed",
        "type": "end_of_year",
        "signatureUrl": "https://localhost:4000/uploads/signatures/signature-6956a304ed08f69f35c42c93-1767285640282.png",
        "level": "PS",
        "schoolYearId": "6956a357ed08f69f35c42ed8",
        "signaturePeriodId": "6956a357ed08f69f35c42ed8_end_of_year",
        "__v": 0
      }
    },
    "meta": {
      "templateVersion": 1,
      "dataVersion": 2,
      "signaturePeriodId": "6956a357ed08f69f35c42ed8_end_of_year",
      "schoolYearId": "6956a357ed08f69f35c42ed8",
      "level": "PS",
      "snapshotReason": "promotion",
      "archivedAt": "2026-01-02T19:11:59.571Z"
    },
    "createdAt": "2026-01-02T19:11:59.571Z",
    "__v": 0
  }
]