[
  {
    "_id": "6956a352ed08f69f35c42e57",
    "name": "2026/2027",
    "startDate": "2026-09-01T00:00:00.000Z",
    "endDate": "2027-07-01T00:00:00.000Z",
    "active": false,
    "activeSemester": 1,
    "__v": 0,
    "sequence": 9
  },
  {
    "_id": "6956a353ed08f69f35c42e61",
    "name": "2027/2028",
    "startDate": "2027-09-01T00:00:00.000Z",
    "endDate": "2028-07-01T00:00:00.000Z",
    "active": false,
    "activeSemester": 1,
    "__v": 0,
    "sequence": 10
  },
  {
    "_id": "6956a353ed08f69f35c42e6b",
    "name": "2028/2029",
    "startDate": "2028-09-01T00:00:00.000Z",
    "endDate": "2029-07-01T00:00:00.000Z",
    "active": false,
    "activeSemester": 1,
    "__v": 0,
    "sequence": 11
  },
  {
    "_id": "6956a353ed08f69f35c42e75",
    "name": "2029/2030",
    "startDate": "2029-09-01T00:00:00.000Z",
    "endDate": "2030-07-01T00:00:00.000Z",
    "active": false,
    "activeSemester": 1,
    "__v": 0,
    "sequence": 12
  },
  {
    "_id": "6956a353ed08f69f35c42e7f",
    "name": "2030/2031",
    "startDate": "2030-09-01T00:00:00.000Z",
    "endDate": "2031-07-01T00:00:00.000Z",
    "active": false,
    "activeSemester": 1,
    "__v": 0,
    "sequence": 13
  },
  {
    "_id": "6956a355ed08f69f35c42e92",
    "name": "2025/2026",
    "startDate": "2025-09-01T00:00:00.000Z",
    "endDate": "2026-07-01T00:00:00.000Z",
    "active": false,
    "activeSemester": 1,
    "__v": 0,
    "sequence": 8
  },
  {
    "_id": "6956a356ed08f69f35c42e9c",
    "name": "2024/2025",
    "startDate": "2024-09-01T00:00:00.000Z",
    "endDate": "2025-07-01T00:00:00.000Z",
    "active": false,
    "activeSemester": 1,
    "__v": 0,
    "sequence": 7
  },
  {
    "_id": "6956a356ed08f69f35c42ea6",
    "name": "2023/2024",
    "startDate": "2023-09-01T00:00:00.000Z",
    "endDate": "2024-07-01T00:00:00.000Z",
    "active": false,
    "activeSemester": 1,
    "__v": 0,
    "sequence": 6
  },
  {
    "_id": "6956a356ed08f69f35c42eb0",
    "name": "2022/2023",
    "startDate": "2022-09-01T00:00:00.000Z",
    "endDate": "2023-07-01T00:00:00.000Z",
    "active": false,
    "activeSemester": 1,
    "__v": 0,
    "sequence": 5
  },
  {
    "_id": "6956a357ed08f69f35c42eba",
    "name": "2021/2022",
    "startDate": "2021-09-01T00:00:00.000Z",
    "endDate": "2022-07-01T00:00:00.000Z",
    "active": false,
    "activeSemester": 1,
    "__v": 0,
    "sequence": 4
  },
  {
    "_id": "6956a357ed08f69f35c42ec4",
    "name": "2020/2021",
    "startDate": "2020-09-01T00:00:00.000Z",
    "endDate": "2021-07-01T00:00:00.000Z",
    "active": false,
    "activeSemester": 1,
    "__v": 0,
    "sequence": 3
  },
  {
    "_id": "6956a357ed08f69f35c42ece",
    "name": "2019/2020",
    "startDate": "2019-09-01T00:00:00.000Z",
    "endDate": "2020-07-01T00:00:00.000Z",
    "active": false,
    "activeSemester": 1,
    "__v": 0,
    "sequence": 2
  },
  {
    "_id": "6956a357ed08f69f35c42ed8",
    "name": "2018/2019",
    "startDate": "2018-09-01T00:00:00.000Z",
    "endDate": "2019-07-01T00:00:00.000Z",
    "active": true,
    "activeSemester": 2,
    "__v": 0,
    "sequence": 1
  }
]