[
  {
    "_id": "6956a37bfb450742576d3e8f",
    "studentId": "6956a362ed08f69f35c42f02",
    "sourceId": "6e1db0a4-88c2-4cbe-9816-911ee4a59be3",
    "templateId": "6956a347ed08f69f35c42d4f",
    "__v": 0,
    "assignmentId": "6956a371fb450742576d3e8e",
    "languages": [
      "lb"
    ],
    "recordedAt": "2026-01-01T16:40:27.653Z",
    "recordedBy": "6956a2fded08f69f35c42c8a",
    "skillText": "Je sais reconnaitre mes enseignantes et mes copains de classe.",
    "sourceKey": "table_51bd671b-6233-4fbb-8041-6d694014cba7_row_6e1db0a4-88c2-4cbe-9816-911ee4a59be3"
  },
  {
    "_id": "6956a37cfb450742576d3e90",
    "studentId": "6956a362ed08f69f35c42f02",
    "sourceId": "244022be-e20b-4e1d-b544-043c700d6b90",
    "templateId": "6956a347ed08f69f35c42d4f",
    "__v": 0,
    "assignmentId": "6956a371fb450742576d3e8e",
    "languages": [
      "fr"
    ],
    "recordedAt": "2026-01-01T16:40:28.232Z",
    "recordedBy": "6956a2fded08f69f35c42c8a",
    "skillText": "Je sais que j’ai le droit de me tromper, de jouer, d’apprendre, d’être protégé et aidé.",
    "sourceKey": "table_578eaee3-460f-4d19-a370-39cb356d179c_row_244022be-e20b-4e1d-b544-043c700d6b90"
  },
  {
    "_id": "6956a37cfb450742576d3e91",
    "studentId": "6956a362ed08f69f35c42f02",
    "sourceId": "f72ffa83-2a95-4faf-8358-16ae0ac79081",
    "templateId": "6956a347ed08f69f35c42d4f",
    "__v": 0,
    "assignmentId": "6956a371fb450742576d3e8e",
    "languages": [
      "lb"
    ],
    "recordedAt": "2026-01-01T16:40:28.666Z",
    "recordedBy": "6956a2fded08f69f35c42c8a",
    "skillText": "Je sais écouter en silence.",
    "sourceKey": "table_58a3a305-ccd0-4aaf-8cf8-b312bfe84b07_row_f72ffa83-2a95-4faf-8358-16ae0ac79081"
  },
  {
    "_id": "6956a8a1fb450742576d3e92",
    "sourceId": "6e1db0a4-88c2-4cbe-9816-911ee4a59be3",
    "studentId": "6956a879ed08f69f35c434a2",
    "templateId": "6956a347ed08f69f35c42d4f",
    "__v": 0,
    "assignmentId": "6956a879ed08f69f35c434ae",
    "languages": [
      "fr"
    ],
    "recordedAt": "2026-01-01T17:02:25.218Z",
    "recordedBy": "6956a2fded08f69f35c42c8a",
    "skillText": "Je sais reconnaitre mes enseignantes et mes copains de classe.",
    "sourceKey": "table_51bd671b-6233-4fbb-8041-6d694014cba7_row_6e1db0a4-88c2-4cbe-9816-911ee4a59be3"
  },
  {
    "_id": "6956accafb450742576d3e93",
    "studentId": "6956ac90ed08f69f35c43990",
    "templateId": "6956a347ed08f69f35c42d4f",
    "sourceId": "6e1db0a4-88c2-4cbe-9816-911ee4a59be3",
    "__v": 0,
    "assignmentId": "6956ac90ed08f69f35c4399c",
    "languages": [
      "fr"
    ],
    "recordedAt": "2026-01-01T17:20:10.041Z",
    "recordedBy": "6956a2fded08f69f35c42c8a",
    "skillText": "Je sais reconnaitre mes enseignantes et mes copains de classe.",
    "sourceKey": "table_51bd671b-6233-4fbb-8041-6d694014cba7_row_6e1db0a4-88c2-4cbe-9816-911ee4a59be3"
  },
  {
    "_id": "6956afb3fb450742576d3e94",
    "sourceId": "244022be-e20b-4e1d-b544-043c700d6b90",
    "templateId": "6956a347ed08f69f35c42d4f",
    "studentId": "6956afa6ed08f69f35c43cb1",
    "__v": 0,
    "assignmentId": "6956afa6ed08f69f35c43cbd",
    "languages": [
      "fr"
    ],
    "recordedAt": "2026-01-01T17:32:35.970Z",
    "recordedBy": "6956a2fded08f69f35c42c8a",
    "skillText": "Je sais que j’ai le droit de me tromper, de jouer, d’apprendre, d’être protégé et aidé.",
    "sourceKey": "table_578eaee3-460f-4d19-a370-39cb356d179c_row_244022be-e20b-4e1d-b544-043c700d6b90"
  },
  {
    "_id": "69581875fb450742576d3e95",
    "studentId": "69581869c0018f23e1357b1f",
    "sourceId": "244022be-e20b-4e1d-b544-043c700d6b90",
    "templateId": "6956a347ed08f69f35c42d4f",
    "__v": 0,
    "assignmentId": "69581869c0018f23e1357b2b",
    "languages": [
      "en"
    ],
    "recordedAt": "2026-01-02T19:11:49.632Z",
    "recordedBy": "6956a2fded08f69f35c42c8a",
    "skillText": "Je sais que j’ai le droit de me tromper, de jouer, d’apprendre, d’être protégé et aidé.",
    "sourceKey": "table_578eaee3-460f-4d19-a370-39cb356d179c_row_244022be-e20b-4e1d-b544-043c700d6b90"
  },
  {
    "_id": "69581875fb450742576d3e96",
    "sourceId": "6e1db0a4-88c2-4cbe-9816-911ee4a59be3",
    "templateId": "6956a347ed08f69f35c42d4f",
    "studentId": "69581869c0018f23e1357b1f",
    "__v": 0,
    "assignmentId": "69581869c0018f23e1357b2b",
    "languages": [
      "fr"
    ],
    "recordedAt": "2026-01-02T19:11:49.984Z",
    "recordedBy": "6956a2fded08f69f35c42c8a",
    "skillText": "Je sais reconnaitre mes enseignantes et mes copains de classe.",
    "sourceKey": "table_51bd671b-6233-4fbb-8041-6d694014cba7_row_6e1db0a4-88c2-4cbe-9816-911ee4a59be3"
  }
]