[
  {
    "_id": "6956a330ed08f69f35c42ce2",
    "logicalKey": "test_test_2026",
    "firstName": "TEST",
    "lastName": "TEST",
    "dateOfBirth": "2000-01-01T00:00:00.000Z",
    "status": "active",
    "promotions": [],
    "__v": 0
  },
  {
    "_id": "6956a362ed08f69f35c42f02",
    "logicalKey": "test_test_2018",
    "firstName": "TEST",
    "lastName": "TEST",
    "dateOfBirth": "2000-01-01T00:00:00.000Z",
    "status": "active",
    "promotions": [
      {
        "schoolYearId": "6956a357ed08f69f35c42ed8",
        "date": "2026-01-01T16:41:01.701Z",
        "fromLevel": "PS",
        "toLevel": "MS",
        "promotedBy": "6956a304ed08f69f35c42c93",
        "_id": "6956a39ded08f69f35c431dc"
      }
    ],
    "__v": 0,
    "nextLevel": "MS"
  },
  {
    "_id": "6956a879ed08f69f35c434a2",
    "logicalKey": "test2_test2_2018",
    "firstName": "TEST2",
    "lastName": "TEST2",
    "dateOfBirth": "2000-01-01T00:00:00.000Z",
    "status": "active",
    "promotions": [
      {
        "schoolYearId": "6956a357ed08f69f35c42ed8",
        "date": "2026-01-01T17:02:33.733Z",
        "fromLevel": "PS",
        "toLevel": "MS",
        "promotedBy": "6956a304ed08f69f35c42c93",
        "_id": "6956a8a9ed08f69f35c43695"
      }
    ],
    "__v": 0,
    "nextLevel": "MS"
  },
  {
    "_id": "6956ac90ed08f69f35c43990",
    "logicalKey": "test3_test3_2018",
    "firstName": "test3",
    "lastName": "test3",
    "dateOfBirth": "2000-01-01T00:00:00.000Z",
    "status": "active",
    "promotions": [
      {
        "schoolYearId": "6956a357ed08f69f35c42ed8",
        "date": "2026-01-01T17:20:19.463Z",
        "fromLevel": "PS",
        "toLevel": "MS",
        "promotedBy": "6956a304ed08f69f35c42c93",
        "_id": "6956acd3ed08f69f35c43ac9"
      }
    ],
    "__v": 0,
    "nextLevel": "MS"
  },
  {
    "_id": "6956afa6ed08f69f35c43cb1",
    "logicalKey": "test4_test4_2018",
    "firstName": "test4",
    "lastName": "test4",
    "dateOfBirth": "2000-01-01T00:00:00.000Z",
    "status": "active",
    "promotions": [
      {
        "schoolYearId": "6956a357ed08f69f35c42ed8",
        "date": "2026-01-01T17:32:43.411Z",
        "fromLevel": "PS",
        "toLevel": "MS",
        "promotedBy": "6956a304ed08f69f35c42c93",
        "_id": "6956afbbed08f69f35c43e18"
      }
    ],
    "__v": 0,
    "nextLevel": "MS"
  },
  {
    "_id": "6956b0c8ed08f69f35c43f04",
    "logicalKey": "test5_test5_2018",
    "firstName": "test5",
    "lastName": "test5",
    "dateOfBirth": "2000-01-01T00:00:00.000Z",
    "status": "active",
    "promotions": [
      {
        "schoolYearId": "6956a357ed08f69f35c42ed8",
        "date": "2026-01-01T17:37:47.845Z",
        "fromLevel": "PS",
        "toLevel": "MS",
        "promotedBy": "6956a304ed08f69f35c42c93",
        "_id": "6956b0ebed08f69f35c44091"
      }
    ],
    "__v": 0,
    "nextLevel": "MS"
  },
  {
    "_id": "6956b12ded08f69f35c440ee",
    "logicalKey": "test6_test6_2018",
    "firstName": "test6",
    "lastName": "test6",
    "dateOfBirth": "2000-01-01T00:00:00.000Z",
    "status": "active",
    "promotions": [
      {
        "schoolYearId": "6956a357ed08f69f35c42ed8",
        "date": "2026-01-01T17:39:15.236Z",
        "fromLevel": "PS",
        "toLevel": "MS",
        "promotedBy": "6956a304ed08f69f35c42c93",
        "_id": "6956b143ed08f69f35c442aa"
      }
    ],
    "__v": 0,
    "nextLevel": "MS"
  },
  {
    "_id": "6956b381ed08f69f35c442d9",
    "logicalKey": "test7_test7_2018",
    "firstName": "test7",
    "lastName": "test7",
    "dateOfBirth": "2000-01-01T00:00:00.000Z",
    "status": "active",
    "promotions": [
      {
        "schoolYearId": "6956a357ed08f69f35c42ed8",
        "date": "2026-01-01T17:49:06.466Z",
        "fromLevel": "PS",
        "toLevel": "MS",
        "promotedBy": "6956a304ed08f69f35c42c93",
        "_id": "6956b392ed08f69f35c443e9"
      }
    ],
    "__v": 0,
    "nextLevel": "MS"
  },
  {
    "_id": "6956b57aed08f69f35c44453",
    "logicalKey": "test8_test8_2018",
    "firstName": "test8",
    "lastName": "test8",
    "dateOfBirth": "2000-01-01T00:00:00.000Z",
    "status": "active",
    "promotions": [
      {
        "schoolYearId": "6956a357ed08f69f35c42ed8",
        "date": "2026-01-01T17:57:41.359Z",
        "fromLevel": "PS",
        "toLevel": "MS",
        "promotedBy": "6956a304ed08f69f35c42c93",
        "_id": "6956b595ed08f69f35c445ad"
      }
    ],
    "__v": 0,
    "nextLevel": "MS"
  },
  {
    "_id": "6956b786ed08f69f35c446b7",
    "logicalKey": "test9_test9_2018",
    "firstName": "test9",
    "lastName": "test9",
    "dateOfBirth": "2000-01-01T00:00:00.000Z",
    "status": "active",
    "promotions": [
      {
        "schoolYearId": "6956a357ed08f69f35c42ed8",
        "date": "2026-01-01T18:06:12.691Z",
        "fromLevel": "PS",
        "toLevel": "MS",
        "promotedBy": "6956a304ed08f69f35c42c93",
        "_id": "6956b794ed08f69f35c447c7"
      }
    ],
    "__v": 0,
    "nextLevel": "MS"
  },
  {
    "_id": "6956b7cfed08f69f35c44828",
    "logicalKey": "test11_test11_2018",
    "firstName": "test11",
    "lastName": "test11",
    "dateOfBirth": "2000-01-01T00:00:00.000Z",
    "status": "active",
    "promotions": [
      {
        "schoolYearId": "6956a357ed08f69f35c42ed8",
        "date": "2026-01-01T18:07:26.331Z",
        "fromLevel": "PS",
        "toLevel": "MS",
        "promotedBy": "6956a304ed08f69f35c42c93",
        "_id": "6956b7deed08f69f35c44981"
      }
    ],
    "__v": 0,
    "nextLevel": "MS"
  },
  {
    "_id": "6956e044ed08f69f35c4539a",
    "logicalKey": "test12_test12_2018",
    "firstName": "test12",
    "lastName": "test12",
    "dateOfBirth": "2000-01-01T00:00:00.000Z",
    "status": "active",
    "promotions": [
      {
        "schoolYearId": "6956a357ed08f69f35c42ed8",
        "date": "2026-01-01T21:00:15.975Z",
        "fromLevel": "PS",
        "toLevel": "MS",
        "promotedBy": "6956a304ed08f69f35c42c93",
        "_id": "6956e05fed08f69f35c454b7"
      }
    ],
    "__v": 0,
    "nextLevel": "MS"
  },
  {
    "_id": "69581869c0018f23e1357b1f",
    "logicalKey": "hist_hist_2018",
    "firstName": "hist",
    "lastName": "hist",
    "dateOfBirth": "2000-01-01T00:00:00.000Z",
    "status": "active",
    "promotions": [
      {
        "schoolYearId": "6956a357ed08f69f35c42ed8",
        "date": "2026-01-02T19:11:59.575Z",
        "fromLevel": "PS",
        "toLevel": "MS",
        "promotedBy": "6956a304ed08f69f35c42c93",
        "_id": "6958187fc0018f23e1357c93"
      }
    ],
    "__v": 0,
    "nextLevel": "MS"
  }
]