[
  {
    "_id": "6956a371fb450742576d3e8e",
    "studentId": "6956a362ed08f69f35c42f02",
    "templateId": "6956a347ed08f69f35c42d4f",
    "__v": 0,
    "assignedAt": "2026-01-01T16:41:01.702Z",
    "assignedBy": "6956a304ed08f69f35c42c93",
    "assignedTeachers": [
      "6956a2fded08f69f35c42c8a"
    ],
    "completedAt": null,
    "completedAtSem1": null,
    "completedAtSem2": "2026-01-01T17:01:09.021Z",
    "completedBy": null,
    "completionSchoolYearId": "6956a357ed08f69f35c42ece",
    "createdAt": "2026-01-01T16:40:17.743Z",
    "data": {
      "table_51bd671b-6233-4fbb-8041-6d694014cba7_row_6e1db0a4-88c2-4cbe-9816-911ee4a59be3": [
        {
          "code": "lb",
          "label": "Lebanese",
          "emoji": "🇱🇧",
          "active": true,
          "level": "PS"
        },
        {
          "code": "fr",
          "label": "French",
          "emoji": "🇫🇷",
          "active": false,
          "level": "PS"
        },
        {
          "code": "en",
          "label": "English",
          "emoji": "🇬🇧",
          "active": false,
          "level": "PS"
        }
      ],
      "table_578eaee3-460f-4d19-a370-39cb356d179c_row_244022be-e20b-4e1d-b544-043c700d6b90": [
        {
          "code": "fr",
          "label": "Français",
          "emoji": "🇫🇷",
          "active": true,
          "level": "PS"
        },
        {
          "code": "en",
          "label": "English",
          "emoji": "🇬🇧",
          "active": false,
          "level": "PS"
        },
        {
          "code": "ar",
          "label": "العربية",
          "emoji": "🇱🇧",
          "active": false,
          "level": "PS"
        }
      ],
      "table_58a3a305-ccd0-4aaf-8cf8-b312bfe84b07_row_f72ffa83-2a95-4faf-8358-16ae0ac79081": [
        {
          "code": "lb",
          "label": "Lebanese",
          "emoji": "🇱🇧",
          "active": true,
          "level": "PS"
        },
        {
          "code": "fr",
          "label": "French",
          "emoji": "🇫🇷",
          "active": false,
          "level": "PS"
        },
        {
          "code": "en",
          "label": "English",
          "emoji": "🇬🇧",
          "active": false,
          "level": "PS"
        }
      ],
      "promotions": []
    },
    "dataVersion": 5,
    "isCompleted": false,
    "isCompletedSem1": false,
    "isCompletedSem2": true,
    "status": "completed",
    "teacherCompletions": [
      {
        "teacherId": "6956a2fded08f69f35c42c8a",
        "completedSem2": true,
        "completedAtSem2": "2026-01-01T17:01:09.020Z",
        "_id": "6956a855ed08f69f35c433fe"
      }
    ],
    "templateVersion": 1,
    "updatedAt": "2026-01-01T17:01:21.075Z"
  },
  {
    "_id": "6956a879ed08f69f35c434ae",
    "templateId": "6956a347ed08f69f35c42d4f",
    "templateVersion": 1,
    "studentId": "6956a879ed08f69f35c434a2",
    "completionSchoolYearId": "6956a357ed08f69f35c42ece",
    "assignedTeachers": [
      "6956a2fded08f69f35c42c8a"
    ],
    "status": "draft",
    "assignedAt": "2026-01-01T17:02:33.733Z",
    "assignedBy": "6956a304ed08f69f35c42c93",
    "isCompleted": false,
    "isCompletedSem1": false,
    "isCompletedSem2": false,
    "dataVersion": 3,
    "teacherCompletions": [],
    "createdAt": "2026-01-01T17:01:45.814Z",
    "updatedAt": "2026-01-01T17:02:33.734Z",
    "__v": 0,
    "data": {
      "table_51bd671b-6233-4fbb-8041-6d694014cba7_row_6e1db0a4-88c2-4cbe-9816-911ee4a59be3": [
        {
          "code": "lb",
          "label": "Lebanese",
          "emoji": "🇱🇧",
          "active": false,
          "level": "PS"
        },
        {
          "code": "fr",
          "label": "French",
          "emoji": "🇫🇷",
          "active": true,
          "level": "PS"
        },
        {
          "code": "en",
          "label": "English",
          "emoji": "🇬🇧",
          "active": false,
          "level": "PS"
        }
      ],
      "promotions": [
        {
          "from": "PS",
          "to": "MS",
          "date": "2026-01-01T17:02:33.733Z",
          "year": "2018/2019",
          "class": "",
          "by": "6956a304ed08f69f35c42c93"
        }
      ]
    },
    "completedAtSem2": null,
    "completedAt": null,
    "completedAtSem1": null,
    "completedBy": null
  },
  {
    "_id": "6956ac90ed08f69f35c4399c",
    "templateId": "6956a347ed08f69f35c42d4f",
    "templateVersion": 1,
    "studentId": "6956ac90ed08f69f35c43990",
    "completionSchoolYearId": "6956a357ed08f69f35c42ece",
    "assignedTeachers": [
      "6956a2fded08f69f35c42c8a"
    ],
    "status": "draft",
    "assignedAt": "2026-01-01T17:20:19.464Z",
    "assignedBy": "6956a304ed08f69f35c42c93",
    "isCompleted": false,
    "isCompletedSem1": false,
    "isCompletedSem2": false,
    "dataVersion": 3,
    "teacherCompletions": [],
    "createdAt": "2026-01-01T17:19:12.329Z",
    "updatedAt": "2026-01-01T17:20:19.464Z",
    "__v": 0,
    "data": {
      "table_51bd671b-6233-4fbb-8041-6d694014cba7_row_6e1db0a4-88c2-4cbe-9816-911ee4a59be3": [
        {
          "code": "lb",
          "label": "Lebanese",
          "emoji": "🇱🇧",
          "active": false,
          "level": "PS"
        },
        {
          "code": "fr",
          "label": "French",
          "emoji": "🇫🇷",
          "active": true,
          "level": "PS"
        },
        {
          "code": "en",
          "label": "English",
          "emoji": "🇬🇧",
          "active": false,
          "level": "PS"
        }
      ],
      "promotions": [
        {
          "from": "PS",
          "to": "MS",
          "date": "2026-01-01T17:20:19.464Z",
          "year": "2018/2019",
          "class": "",
          "by": "6956a304ed08f69f35c42c93"
        }
      ]
    },
    "completedAtSem2": null,
    "completedAt": null,
    "completedAtSem1": null,
    "completedBy": null
  },
  {
    "_id": "6956afa6ed08f69f35c43cbd",
    "templateId": "6956a347ed08f69f35c42d4f",
    "templateVersion": 1,
    "studentId": "6956afa6ed08f69f35c43cb1",
    "completionSchoolYearId": "6956a357ed08f69f35c42ece",
    "assignedTeachers": [
      "6956a2fded08f69f35c42c8a"
    ],
    "status": "draft",
    "assignedAt": "2026-01-01T17:32:43.412Z",
    "assignedBy": "6956a304ed08f69f35c42c93",
    "isCompleted": false,
    "isCompletedSem1": false,
    "isCompletedSem2": false,
    "dataVersion": 3,
    "teacherCompletions": [],
    "createdAt": "2026-01-01T17:32:22.662Z",
    "updatedAt": "2026-01-01T17:32:43.412Z",
    "__v": 0,
    "data": {
      "table_578eaee3-460f-4d19-a370-39cb356d179c_row_244022be-e20b-4e1d-b544-043c700d6b90": [
        {
          "code": "fr",
          "label": "Français",
          "emoji": "🇫🇷",
          "active": true,
          "level": "PS"
        },
        {
          "code": "en",
          "label": "English",
          "emoji": "🇬🇧",
          "active": false,
          "level": "PS"
        },
        {
          "code": "ar",
          "label": "العربية",
          "emoji": "🇱🇧",
          "active": false,
          "level": "PS"
        }
      ],
      "promotions": [
        {
          "from": "PS",
          "to": "MS",
          "date": "2026-01-01T17:32:43.412Z",
          "year": "2018/2019",
          "class": "",
          "by": "6956a304ed08f69f35c42c93"
        }
      ]
    },
    "completedAtSem2": null,
    "completedAt": null,
    "completedAtSem1": null,
    "completedBy": null
  },
  {
    "_id": "6956b0c8ed08f69f35c43f10",
    "templateId": "6956a347ed08f69f35c42d4f",
    "templateVersion": 1,
    "studentId": "6956b0c8ed08f69f35c43f04",
    "completionSchoolYearId": "6956a357ed08f69f35c42ece",
    "assignedTeachers": [
      "6956a2fded08f69f35c42c8a"
    ],
    "status": "draft",
    "assignedAt": "2026-01-01T17:37:47.845Z",
    "assignedBy": "6956a304ed08f69f35c42c93",
    "isCompleted": false,
    "isCompletedSem1": false,
    "isCompletedSem2": false,
    "dataVersion": 3,
    "teacherCompletions": [],
    "createdAt": "2026-01-01T17:37:12.721Z",
    "updatedAt": "2026-01-01T17:37:47.846Z",
    "__v": 0,
    "completedAtSem2": null,
    "completedAt": null,
    "completedAtSem1": null,
    "completedBy": null,
    "data": {
      "promotions": [
        {
          "from": "PS",
          "to": "MS",
          "date": "2026-01-01T17:37:47.845Z",
          "year": "2018/2019",
          "class": "",
          "by": "6956a304ed08f69f35c42c93"
        }
      ]
    }
  },
  {
    "_id": "6956b12ded08f69f35c440fa",
    "templateId": "6956a347ed08f69f35c42d4f",
    "templateVersion": 1,
    "studentId": "6956b12ded08f69f35c440ee",
    "completionSchoolYearId": "6956a357ed08f69f35c42ece",
    "assignedTeachers": [
      "6956a2fded08f69f35c42c8a"
    ],
    "status": "draft",
    "assignedAt": "2026-01-01T17:39:15.236Z",
    "assignedBy": "6956a304ed08f69f35c42c93",
    "isCompleted": false,
    "isCompletedSem1": false,
    "isCompletedSem2": false,
    "dataVersion": 6,
    "teacherCompletions": [],
    "createdAt": "2026-01-01T17:38:53.866Z",
    "updatedAt": "2026-01-01T17:39:15.237Z",
    "__v": 0,
    "completedAtSem2": null,
    "completedAt": null,
    "completedAtSem1": null,
    "completedBy": null,
    "data": {
      "promotions": [
        {
          "from": "PS",
          "to": "MS",
          "date": "2026-01-01T17:39:15.236Z",
          "year": "2018/2019",
          "class": "",
          "by": "6956a304ed08f69f35c42c93"
        }
      ]
    }
  },
  {
    "_id": "6956b381ed08f69f35c442e5",
    "templateId": "6956a347ed08f69f35c42d4f",
    "templateVersion": 1,
    "studentId": "6956b381ed08f69f35c442d9",
    "completionSchoolYearId": "6956a357ed08f69f35c42ece",
    "assignedTeachers": [
      "6956a2fded08f69f35c42c8a"
    ],
    "status": "draft",
    "assignedAt": "2026-01-01T17:49:06.467Z",
    "assignedBy": "6956a304ed08f69f35c42c93",
    "isCompleted": false,
    "isCompletedSem1": false,
    "isCompletedSem2": false,
    "dataVersion": 3,
    "teacherCompletions": [],
    "createdAt": "2026-01-01T17:48:49.170Z",
    "updatedAt": "2026-01-01T17:49:06.467Z",
    "__v": 0,
    "completedAtSem2": null,
    "completedAt": null,
    "completedAtSem1": null,
    "completedBy": null,
    "data": {
      "promotions": [
        {
          "from": "PS",
          "to": "MS",
          "date": "2026-01-01T17:49:06.467Z",
          "year": "2018/2019",
          "class": "",
          "by": "6956a304ed08f69f35c42c93"
        }
      ]
    }
  },
  {
    "_id": "6956b57aed08f69f35c4445f",
    "templateId": "6956a347ed08f69f35c42d4f",
    "templateVersion": 1,
    "studentId": "6956b57aed08f69f35c44453",
    "completionSchoolYearId": "6956a357ed08f69f35c42ece",
    "assignedTeachers": [
      "6956a2fded08f69f35c42c8a"
    ],
    "status": "draft",
    "assignedAt": "2026-01-01T17:57:41.360Z",
    "assignedBy": "6956a304ed08f69f35c42c93",
    "isCompleted": false,
    "isCompletedSem1": false,
    "isCompletedSem2": false,
    "dataVersion": 3,
    "teacherCompletions": [],
    "createdAt": "2026-01-01T17:57:14.886Z",
    "updatedAt": "2026-01-01T17:57:41.360Z",
    "__v": 0,
    "completedAtSem2": null,
    "completedAt": null,
    "completedAtSem1": null,
    "completedBy": null,
    "data": {
      "promotions": [
        {
          "from": "PS",
          "to": "MS",
          "date": "2026-01-01T17:57:41.360Z",
          "year": "2018/2019",
          "class": "",
          "by": "6956a304ed08f69f35c42c93"
        }
      ]
    }
  },
  {
    "_id": "6956b786ed08f69f35c446c3",
    "templateId": "6956a347ed08f69f35c42d4f",
    "templateVersion": 1,
    "studentId": "6956b786ed08f69f35c446b7",
    "completionSchoolYearId": "6956a357ed08f69f35c42ece",
    "assignedTeachers": [
      "6956a2fded08f69f35c42c8a"
    ],
    "status": "draft",
    "assignedAt": "2026-01-01T18:06:12.692Z",
    "assignedBy": "6956a304ed08f69f35c42c93",
    "isCompleted": false,
    "isCompletedSem1": false,
    "isCompletedSem2": false,
    "dataVersion": 3,
    "teacherCompletions": [],
    "createdAt": "2026-01-01T18:05:58.125Z",
    "updatedAt": "2026-01-01T18:06:12.692Z",
    "__v": 0,
    "completedAtSem2": null,
    "completedAt": null,
    "completedAtSem1": null,
    "completedBy": null,
    "data": {
      "promotions": [
        {
          "from": "PS",
          "to": "MS",
          "date": "2026-01-01T18:06:12.692Z",
          "year": "2018/2019",
          "class": "",
          "by": "6956a304ed08f69f35c42c93"
        }
      ]
    }
  },
  {
    "_id": "6956b7cfed08f69f35c44834",
    "templateId": "6956a347ed08f69f35c42d4f",
    "templateVersion": 1,
    "studentId": "6956b7cfed08f69f35c44828",
    "completionSchoolYearId": "6956a357ed08f69f35c42ece",
    "assignedTeachers": [
      "6956a2fded08f69f35c42c8a"
    ],
    "status": "draft",
    "assignedAt": "2026-01-01T18:07:26.332Z",
    "assignedBy": "6956a304ed08f69f35c42c93",
    "isCompleted": false,
    "isCompletedSem1": false,
    "isCompletedSem2": false,
    "dataVersion": 3,
    "teacherCompletions": [],
    "createdAt": "2026-01-01T18:07:11.232Z",
    "updatedAt": "2026-01-01T18:07:26.332Z",
    "__v": 0,
    "completedAtSem2": null,
    "completedAt": null,
    "completedAtSem1": null,
    "completedBy": null,
    "data": {
      "promotions": [
        {
          "from": "PS",
          "to": "MS",
          "date": "2026-01-01T18:07:26.332Z",
          "year": "2018/2019",
          "class": "",
          "by": "6956a304ed08f69f35c42c93"
        }
      ]
    }
  },
  {
    "_id": "6956e044ed08f69f35c453a6",
    "templateId": "6956a347ed08f69f35c42d4f",
    "templateVersion": 1,
    "studentId": "6956e044ed08f69f35c4539a",
    "completionSchoolYearId": "6956a357ed08f69f35c42ece",
    "assignedTeachers": [
      "6956a2fded08f69f35c42c8a"
    ],
    "status": "draft",
    "assignedAt": "2026-01-01T21:00:15.976Z",
    "assignedBy": "6956a304ed08f69f35c42c93",
    "isCompleted": false,
    "isCompletedSem1": false,
    "isCompletedSem2": false,
    "dataVersion": 3,
    "teacherCompletions": [],
    "createdAt": "2026-01-01T20:59:48.926Z",
    "updatedAt": "2026-01-01T21:00:15.976Z",
    "__v": 0,
    "completedAtSem2": null,
    "completedAt": null,
    "completedAtSem1": null,
    "completedBy": null,
    "data": {
      "promotions": [
        {
          "from": "PS",
          "to": "MS",
          "date": "2026-01-01T21:00:15.976Z",
          "year": "2018/2019",
          "class": "",
          "by": "6956a304ed08f69f35c42c93"
        }
      ]
    }
  },
  {
    "_id": "69581869c0018f23e1357b2b",
    "templateId": "6956a347ed08f69f35c42d4f",
    "templateVersion": 1,
    "studentId": "69581869c0018f23e1357b1f",
    "completionSchoolYearId": "6956a357ed08f69f35c42ed8",
    "assignedTeachers": [
      "6956a2fded08f69f35c42c8a"
    ],
    "status": "signed",
    "assignedAt": "2026-01-02T19:11:37.021Z",
    "assignedBy": "694f0cc2c22267f5739af04a",
    "isCompleted": false,
    "isCompletedSem1": false,
    "isCompletedSem2": true,
    "dataVersion": 3,
    "teacherCompletions": [
      {
        "teacherId": "6956a2fded08f69f35c42c8a",
        "completedSem2": true,
        "completedAtSem2": "2026-01-02T19:11:50.678Z",
        "_id": "69581876c0018f23e1357bb0"
      }
    ],
    "createdAt": "2026-01-02T19:11:37.023Z",
    "updatedAt": "2026-01-02T19:11:59.576Z",
    "__v": 0,
    "data": {
      "table_578eaee3-460f-4d19-a370-39cb356d179c_row_244022be-e20b-4e1d-b544-043c700d6b90": [
        {
          "code": "fr",
          "label": "Français",
          "emoji": "🇫🇷",
          "active": false,
          "level": "PS"
        },
        {
          "code": "en",
          "label": "English",
          "emoji": "🇬🇧",
          "active": true,
          "level": "PS"
        },
        {
          "code": "ar",
          "label": "العربية",
          "emoji": "🇱🇧",
          "active": false,
          "level": "PS"
        }
      ],
      "table_51bd671b-6233-4fbb-8041-6d694014cba7_row_6e1db0a4-88c2-4cbe-9816-911ee4a59be3": [
        {
          "code": "lb",
          "label": "Lebanese",
          "emoji": "🇱🇧",
          "active": false,
          "level": "PS"
        },
        {
          "code": "fr",
          "label": "French",
          "emoji": "🇫🇷",
          "active": true,
          "level": "PS"
        },
        {
          "code": "en",
          "label": "English",
          "emoji": "🇬🇧",
          "active": false,
          "level": "PS"
        }
      ],
      "promotions": [
        {
          "from": "PS",
          "to": "MS",
          "date": "2026-01-02T19:11:59.576Z",
          "year": "2018/2019",
          "class": "",
          "by": "6956a304ed08f69f35c42c93"
        }
      ]
    },
    "completedAtSem2": "2026-01-02T19:11:50.679Z"
  }
]