[
  {
    "_id": "6956a39ced08f69f35c431a6",
    "templateAssignmentId": "6956a371fb450742576d3e8e",
    "teacherId": "6956a304ed08f69f35c42c93",
    "changeType": "signature",
    "blockIndex": -1,
    "pageIndex": -1,
    "before": [],
    "changeId": "mjvo92tv-nuetlwv",
    "dataVersion": 2,
    "userId": "6956a304ed08f69f35c42c93",
    "timestamp": "2026-01-01T16:41:00.304Z",
    "__v": 0
  },
  {
    "_id": "6956a861ed08f69f35c4346a",
    "templateAssignmentId": "6956a371fb450742576d3e8e",
    "teacherId": "6956a304ed08f69f35c42c93",
    "changeType": "unsign",
    "blockIndex": -1,
    "pageIndex": -1,
    "before": [],
    "changeId": "mjvoz8s4-mgy8br1",
    "dataVersion": 4,
    "userId": "6956a304ed08f69f35c42c93",
    "timestamp": "2026-01-01T17:01:21.076Z",
    "__v": 0
  },
  {
    "_id": "6956a8a7ed08f69f35c4365f",
    "templateAssignmentId": "6956a879ed08f69f35c434ae",
    "teacherId": "6956a304ed08f69f35c42c93",
    "changeType": "signature",
    "blockIndex": -1,
    "pageIndex": -1,
    "before": [],
    "changeId": "mjvp0r7j-ii5426q",
    "dataVersion": 2,
    "userId": "6956a304ed08f69f35c42c93",
    "timestamp": "2026-01-01T17:02:31.612Z",
    "__v": 0
  },
  {
    "_id": "6956acd1ed08f69f35c43a93",
    "templateAssignmentId": "6956ac90ed08f69f35c4399c",
    "teacherId": "6956a304ed08f69f35c42c93",
    "changeType": "signature",
    "blockIndex": -1,
    "pageIndex": -1,
    "before": [],
    "changeId": "mjvpnls9-2pww4uw",
    "dataVersion": 2,
    "userId": "6956a304ed08f69f35c42c93",
    "timestamp": "2026-01-01T17:20:17.671Z",
    "__v": 0
  },
  {
    "_id": "6956afb9ed08f69f35c43de2",
    "templateAssignmentId": "6956afa6ed08f69f35c43cbd",
    "teacherId": "6956a304ed08f69f35c42c93",
    "changeType": "signature",
    "blockIndex": -1,
    "pageIndex": -1,
    "before": [],
    "changeId": "mjvq3k1m-09h6yta",
    "dataVersion": 2,
    "userId": "6956a304ed08f69f35c42c93",
    "timestamp": "2026-01-01T17:32:41.911Z",
    "__v": 0
  },
  {
    "_id": "6956b0e7ed08f69f35c4405d",
    "templateAssignmentId": "6956b0c8ed08f69f35c43f10",
    "teacherId": "6956a304ed08f69f35c42c93",
    "changeType": "signature",
    "blockIndex": -1,
    "pageIndex": -1,
    "before": [],
    "changeId": "mjvqa0tu-zyq9j0o",
    "dataVersion": 2,
    "userId": "6956a304ed08f69f35c42c93",
    "timestamp": "2026-01-01T17:37:43.600Z",
    "__v": 0
  },
  {
    "_id": "6956b13fed08f69f35c4421e",
    "templateAssignmentId": "6956b12ded08f69f35c440fa",
    "teacherId": "6956a304ed08f69f35c42c93",
    "changeType": "signature",
    "blockIndex": -1,
    "pageIndex": -1,
    "before": [],
    "changeId": "mjvqbwxv-5paafua",
    "dataVersion": 2,
    "userId": "6956a304ed08f69f35c42c93",
    "timestamp": "2026-01-01T17:39:11.873Z",
    "__v": 0
  },
  {
    "_id": "6956b140ed08f69f35c44248",
    "templateAssignmentId": "6956b12ded08f69f35c440fa",
    "teacherId": "6956a304ed08f69f35c42c93",
    "changeType": "unsign",
    "blockIndex": -1,
    "pageIndex": -1,
    "before": [],
    "changeId": "mjvqbx7t-ndae82c",
    "dataVersion": 3,
    "userId": "6956a304ed08f69f35c42c93",
    "timestamp": "2026-01-01T17:39:12.233Z",
    "__v": 0
  },
  {
    "_id": "6956b141ed08f69f35c44275",
    "templateAssignmentId": "6956b12ded08f69f35c440fa",
    "teacherId": "6956a304ed08f69f35c42c93",
    "changeType": "signature",
    "blockIndex": -1,
    "pageIndex": -1,
    "before": [],
    "changeId": "mjvqby31-knvq6a8",
    "dataVersion": 5,
    "userId": "6956a304ed08f69f35c42c93",
    "timestamp": "2026-01-01T17:39:13.355Z",
    "__v": 0
  },
  {
    "_id": "6956b38fed08f69f35c443b2",
    "templateAssignmentId": "6956b381ed08f69f35c442e5",
    "teacherId": "6956a304ed08f69f35c42c93",
    "changeType": "signature",
    "blockIndex": -1,
    "pageIndex": -1,
    "before": [],
    "changeId": "mjvqolkq-l2qilby",
    "dataVersion": 2,
    "userId": "6956a304ed08f69f35c42c93",
    "timestamp": "2026-01-01T17:49:03.672Z",
    "__v": 0
  },
  {
    "_id": "6956b592ed08f69f35c44579",
    "templateAssignmentId": "6956b57aed08f69f35c4445f",
    "teacherId": "6956a304ed08f69f35c42c93",
    "changeType": "signature",
    "blockIndex": -1,
    "pageIndex": -1,
    "before": [],
    "changeId": "mjvqzmrf-xswvsfz",
    "dataVersion": 2,
    "userId": "6956a304ed08f69f35c42c93",
    "timestamp": "2026-01-01T17:57:38.423Z",
    "__v": 0
  },
  {
    "_id": "6956b791ed08f69f35c44790",
    "templateAssignmentId": "6956b786ed08f69f35c446c3",
    "teacherId": "6956a304ed08f69f35c42c93",
    "changeType": "signature",
    "blockIndex": -1,
    "pageIndex": -1,
    "before": [],
    "changeId": "mjvral6v-rethzqk",
    "dataVersion": 2,
    "userId": "6956a304ed08f69f35c42c93",
    "timestamp": "2026-01-01T18:06:09.605Z",
    "__v": 0
  },
  {
    "_id": "6956b7dded08f69f35c4494d",
    "templateAssignmentId": "6956b7cfed08f69f35c44834",
    "teacherId": "6956a304ed08f69f35c42c93",
    "changeType": "signature",
    "blockIndex": -1,
    "pageIndex": -1,
    "before": [],
    "changeId": "mjvrc7i9-7hl4vah",
    "dataVersion": 2,
    "userId": "6956a304ed08f69f35c42c93",
    "timestamp": "2026-01-01T18:07:25.182Z",
    "__v": 0
  },
  {
    "_id": "6956e05eed08f69f35c45481",
    "templateAssignmentId": "6956e044ed08f69f35c453a6",
    "teacherId": "6956a304ed08f69f35c42c93",
    "changeType": "signature",
    "blockIndex": -1,
    "pageIndex": -1,
    "before": [],
    "changeId": "mjvxigoz-z9ij4ry",
    "dataVersion": 2,
    "userId": "6956a304ed08f69f35c42c93",
    "timestamp": "2026-01-01T21:00:14.721Z",
    "__v": 0
  },
  {
    "_id": "6958187ec0018f23e1357c5d",
    "templateAssignmentId": "69581869c0018f23e1357b2b",
    "teacherId": "6956a304ed08f69f35c42c93",
    "changeType": "signature",
    "blockIndex": -1,
    "pageIndex": -1,
    "before": [],
    "changeId": "mjx932mx-y61xpz4",
    "dataVersion": 2,
    "userId": "6956a304ed08f69f35c42c93",
    "timestamp": "2026-01-02T19:11:58.229Z",
    "__v": 0
  }
]