[
  {
    "_id": "6956a8a7ed08f69f35c4365b",
    "templateAssignmentId": "6956a879ed08f69f35c434ae",
    "subAdminId": "6956a304ed08f69f35c42c93",
    "signedAt": "2026-01-01T17:02:31.612Z",
    "status": "signed",
    "type": "end_of_year",
    "signatureUrl": "https://localhost:4000/uploads/signatures/signature-6956a304ed08f69f35c42c93-1767285640282.png",
    "level": "PS",
    "schoolYearId": "6956a357ed08f69f35c42ed8",
    "signaturePeriodId": "6956a357ed08f69f35c42ed8_end_of_year",
    "__v": 0
  },
  {
    "_id": "6956acd1ed08f69f35c43a8f",
    "templateAssignmentId": "6956ac90ed08f69f35c4399c",
    "subAdminId": "6956a304ed08f69f35c42c93",
    "signedAt": "2026-01-01T17:20:17.671Z",
    "status": "signed",
    "type": "end_of_year",
    "signatureUrl": "https://localhost:4000/uploads/signatures/signature-6956a304ed08f69f35c42c93-1767285640282.png",
    "level": "PS",
    "schoolYearId": "6956a357ed08f69f35c42ed8",
    "signaturePeriodId": "6956a357ed08f69f35c42ed8_end_of_year",
    "__v": 0
  },
  {
    "_id": "6956afb9ed08f69f35c43dde",
    "templateAssignmentId": "6956afa6ed08f69f35c43cbd",
    "subAdminId": "6956a304ed08f69f35c42c93",
    "signedAt": "2026-01-01T17:32:41.911Z",
    "status": "signed",
    "type": "end_of_year",
    "signatureUrl": "https://localhost:4000/uploads/signatures/signature-6956a304ed08f69f35c42c93-1767285640282.png",
    "level": "PS",
    "schoolYearId": "6956a357ed08f69f35c42ed8",
    "signaturePeriodId": "6956a357ed08f69f35c42ed8_end_of_year",
    "__v": 0
  },
  {
    "_id": "6956b0e7ed08f69f35c44059",
    "templateAssignmentId": "6956b0c8ed08f69f35c43f10",
    "subAdminId": "6956a304ed08f69f35c42c93",
    "signedAt": "2026-01-01T17:37:43.600Z",
    "status": "signed",
    "type": "end_of_year",
    "signatureUrl": "https://localhost:4000/uploads/signatures/signature-6956a304ed08f69f35c42c93-1767285640282.png",
    "level": "PS",
    "schoolYearId": "6956a357ed08f69f35c42ed8",
    "signaturePeriodId": "6956a357ed08f69f35c42ed8_end_of_year",
    "__v": 0
  },
  {
    "_id": "6956b141ed08f69f35c44271",
    "templateAssignmentId": "6956b12ded08f69f35c440fa",
    "subAdminId": "6956a304ed08f69f35c42c93",
    "signedAt": "2026-01-01T17:39:13.355Z",
    "status": "signed",
    "type": "end_of_year",
    "signatureUrl": "https://localhost:4000/uploads/signatures/signature-6956a304ed08f69f35c42c93-1767285640282.png",
    "level": "PS",
    "schoolYearId": "6956a357ed08f69f35c42ed8",
    "signaturePeriodId": "6956a357ed08f69f35c42ed8_end_of_year",
    "__v": 0
  },
  {
    "_id": "6956b38fed08f69f35c443ae",
    "templateAssignmentId": "6956b381ed08f69f35c442e5",
    "subAdminId": "6956a304ed08f69f35c42c93",
    "signedAt": "2026-01-01T17:49:03.672Z",
    "status": "signed",
    "type": "end_of_year",
    "signatureUrl": "https://localhost:4000/uploads/signatures/signature-6956a304ed08f69f35c42c93-1767285640282.png",
    "level": "PS",
    "schoolYearId": "6956a357ed08f69f35c42ed8",
    "signaturePeriodId": "6956a357ed08f69f35c42ed8_end_of_year",
    "__v": 0
  },
  {
    "_id": "6956b592ed08f69f35c44575",
    "templateAssignmentId": "6956b57aed08f69f35c4445f",
    "subAdminId": "6956a304ed08f69f35c42c93",
    "signedAt": "2026-01-01T17:57:38.423Z",
    "status": "signed",
    "type": "end_of_year",
    "signatureUrl": "https://localhost:4000/uploads/signatures/signature-6956a304ed08f69f35c42c93-1767285640282.png",
    "level": "PS",
    "schoolYearId": "6956a357ed08f69f35c42ed8",
    "signaturePeriodId": "6956a357ed08f69f35c42ed8_end_of_year",
    "__v": 0
  },
  {
    "_id": "6956b791ed08f69f35c4478c",
    "templateAssignmentId": "6956b786ed08f69f35c446c3",
    "subAdminId": "6956a304ed08f69f35c42c93",
    "signedAt": "2026-01-01T18:06:09.605Z",
    "status": "signed",
    "type": "end_of_year",
    "signatureUrl": "https://localhost:4000/uploads/signatures/signature-6956a304ed08f69f35c42c93-1767285640282.png",
    "level": "PS",
    "schoolYearId": "6956a357ed08f69f35c42ed8",
    "signaturePeriodId": "6956a357ed08f69f35c42ed8_end_of_year",
    "__v": 0
  },
  {
    "_id": "6956b7dded08f69f35c44949",
    "templateAssignmentId": "6956b7cfed08f69f35c44834",
    "subAdminId": "6956a304ed08f69f35c42c93",
    "signedAt": "2026-01-01T18:07:25.182Z",
    "status": "signed",
    "type": "end_of_year",
    "signatureUrl": "https://localhost:4000/uploads/signatures/signature-6956a304ed08f69f35c42c93-1767285640282.png",
    "level": "PS",
    "schoolYearId": "6956a357ed08f69f35c42ed8",
    "signaturePeriodId": "6956a357ed08f69f35c42ed8_end_of_year",
    "__v": 0
  },
  {
    "_id": "6956e05eed08f69f35c4547d",
    "templateAssignmentId": "6956e044ed08f69f35c453a6",
    "subAdminId": "6956a304ed08f69f35c42c93",
    "signedAt": "2026-01-01T21:00:14.721Z",
    "status": "signed",
    "type": "end_of_year",
    "signatureUrl": "https://localhost:4000/uploads/signatures/signature-6956a304ed08f69f35c42c93-1767285640282.png",
    "level": "PS",
    "schoolYearId": "6956a357ed08f69f35c42ed8",
    "signaturePeriodId": "6956a357ed08f69f35c42ed8_end_of_year",
    "__v": 0
  },
  {
    "_id": "6958187ec0018f23e1357c59",
    "templateAssignmentId": "69581869c0018f23e1357b2b",
    "subAdminId": "6956a304ed08f69f35c42c93",
    "signedAt": "2026-01-02T19:11:58.229Z",
    "status": "signed",
    "type": "end_of_year",
    "signatureUrl": "https://localhost:4000/uploads/signatures/signature-6956a304ed08f69f35c42c93-1767285640282.png",
    "level": "PS",
    "schoolYearId": "6956a357ed08f69f35c42ed8",
    "signaturePeriodId": "6956a357ed08f69f35c42ed8_end_of_year",
    "__v": 0
  }
]