[
  {
    "_id": "6945d75b0c2d200a510717ff",
    "userId": "6930bb7ce1d9875b43a0b096",
    "userName": "Gilbert KHOUEIRY",
    "userRole": "ADMIN",
    "action": "START_IMPERSONATION",
    "details": {
      "targetUserId": "6945d4beaa6831f92ce919e5",
      "targetUserEmail": "ARABE",
      "targetUserRole": "TEACHER",
      "targetUserDisplayName": "ARABE"
    },
    "timestamp": "2025-12-19T22:53:15.156Z",
    "ipAddress": "::1",
    "__v": 0
  },
  {
    "_id": "6945d7680c2d200a51071868",
    "userId": "6945d4beaa6831f92ce919e5",
    "userName": "ARABE",
    "userRole": "TEACHER",
    "action": "MARK_ASSIGNMENT_DONE",
    "details": {
      "assignmentId": "6945d69708687cb5c9c35a9f",
      "semester": 1,
      "templateId": "6945d690aa6831f92ce91deb",
      "templateName": "Presentation carnet 5pages + new des (Imported)",
      "studentId": "6945d4acaa6831f92ce919c8",
      "studentName": "test test"
    },
    "timestamp": "2025-12-19T22:53:28.582Z",
    "ipAddress": "::1",
    "__v": 0
  },
  {
    "_id": "6945d76b0c2d200a5107186f",
    "userId": "6930bb7ce1d9875b43a0b096",
    "userName": "Gilbert KHOUEIRY",
    "userRole": "ADMIN",
    "action": "START_IMPERSONATION",
    "details": {
      "targetUserId": "6945d4caaa6831f92ce919ef",
      "targetUserEmail": "ANGLIAS",
      "targetUserRole": "TEACHER",
      "targetUserDisplayName": "ANGLAIS"
    },
    "timestamp": "2025-12-19T22:53:31.864Z",
    "ipAddress": "::1",
    "__v": 0
  },
  {
    "_id": "6945d7770c2d200a510718d5",
    "userId": "6945d4caaa6831f92ce919ef",
    "userName": "ANGLAIS",
    "userRole": "TEACHER",
    "action": "MARK_ASSIGNMENT_DONE",
    "details": {
      "assignmentId": "6945d69708687cb5c9c35a9f",
      "semester": 1,
      "templateId": "6945d690aa6831f92ce91deb",
      "templateName": "Presentation carnet 5pages + new des (Imported)",
      "studentId": "6945d4acaa6831f92ce919c8",
      "studentName": "test test"
    },
    "timestamp": "2025-12-19T22:53:43.662Z",
    "ipAddress": "::1",
    "__v": 0
  },
  {
    "_id": "6945d77c0c2d200a510718db",
    "userId": "6930bb7ce1d9875b43a0b096",
    "userName": "Gilbert KHOUEIRY",
    "userRole": "ADMIN",
    "action": "START_IMPERSONATION",
    "details": {
      "targetUserId": "6945d4e8aa6831f92ce91a5e",
      "targetUserEmail": "PRE",
      "targetUserRole": "SUBADMIN",
      "targetUserDisplayName": "PRE"
    },
    "timestamp": "2025-12-19T22:53:48.647Z",
    "ipAddress": "::1",
    "__v": 0
  },
  {
    "_id": "6945d78c0c2d200a5107195e",
    "userId": "6930bb7ce1d9875b43a0b096",
    "userName": "Gilbert KHOUEIRY",
    "userRole": "ADMIN",
    "action": "START_IMPERSONATION",
    "details": {
      "targetUserId": "6945d4d1aa6831f92ce919f8",
      "targetUserEmail": "POLY",
      "targetUserRole": "TEACHER",
      "targetUserDisplayName": "POLY"
    },
    "timestamp": "2025-12-19T22:54:04.667Z",
    "ipAddress": "::1",
    "__v": 0
  },
  {
    "_id": "6945d7920c2d200a510719bc",
    "userId": "6945d4d1aa6831f92ce919f8",
    "userName": "POLY",
    "userRole": "TEACHER",
    "action": "MARK_ASSIGNMENT_DONE",
    "details": {
      "assignmentId": "6945d69708687cb5c9c35a9f",
      "semester": 1,
      "templateId": "6945d690aa6831f92ce91deb",
      "templateName": "Presentation carnet 5pages + new des (Imported)",
      "studentId": "6945d4acaa6831f92ce919c8",
      "studentName": "test test"
    },
    "timestamp": "2025-12-19T22:54:10.393Z",
    "ipAddress": "::1",
    "__v": 0
  },
  {
    "_id": "6945d7980c2d200a51071a17",
    "userId": "6945d4e8aa6831f92ce91a5e",
    "userName": "PRE",
    "userRole": "SUBADMIN",
    "action": "SIGN_TEMPLATE",
    "details": {
      "templateId": "6945d690aa6831f92ce91deb",
      "templateName": "Presentation carnet 5pages + new des (Imported)",
      "studentId": "6945d4acaa6831f92ce919c8",
      "studentName": "test test",
      "type": "standard"
    },
    "timestamp": "2025-12-19T22:54:16.317Z",
    "ipAddress": "::1",
    "__v": 0
  },
  {
    "_id": "6945d7ff0c2d200a51071a74",
    "userId": "6930bb7ce1d9875b43a0b096",
    "userName": "Gilbert KHOUEIRY",
    "userRole": "ADMIN",
    "action": "START_IMPERSONATION",
    "details": {
      "targetUserId": "6945d4beaa6831f92ce919e5",
      "targetUserEmail": "ARABE",
      "targetUserRole": "TEACHER",
      "targetUserDisplayName": "ARABE"
    },
    "timestamp": "2025-12-19T22:55:59.749Z",
    "ipAddress": "::1",
    "__v": 0
  },
  {
    "_id": "6945d8030c2d200a51071ad4",
    "userId": "6945d4beaa6831f92ce919e5",
    "userName": "ARABE",
    "userRole": "TEACHER",
    "action": "MARK_ASSIGNMENT_DONE",
    "details": {
      "assignmentId": "6945d69708687cb5c9c35a9f",
      "semester": 2,
      "templateId": "6945d690aa6831f92ce91deb",
      "templateName": "Presentation carnet 5pages + new des (Imported)",
      "studentId": "6945d4acaa6831f92ce919c8",
      "studentName": "test test"
    },
    "timestamp": "2025-12-19T22:56:03.774Z",
    "ipAddress": "::1",
    "__v": 0
  },
  {
    "_id": "6945d80a0c2d200a51071ada",
    "userId": "6930bb7ce1d9875b43a0b096",
    "userName": "Gilbert KHOUEIRY",
    "userRole": "ADMIN",
    "action": "START_IMPERSONATION",
    "details": {
      "targetUserId": "6945d4d1aa6831f92ce919f8",
      "targetUserEmail": "POLY",
      "targetUserRole": "TEACHER",
      "targetUserDisplayName": "POLY"
    },
    "timestamp": "2025-12-19T22:56:10.053Z",
    "ipAddress": "::1",
    "__v": 0
  },
  {
    "_id": "6945d8120c2d200a51071b45",
    "userId": "6945d4d1aa6831f92ce919f8",
    "userName": "POLY",
    "userRole": "TEACHER",
    "action": "MARK_ASSIGNMENT_DONE",
    "details": {
      "assignmentId": "6945d69708687cb5c9c35a9f",
      "semester": 2,
      "templateId": "6945d690aa6831f92ce91deb",
      "templateName": "Presentation carnet 5pages + new des (Imported)",
      "studentId": "6945d4acaa6831f92ce919c8",
      "studentName": "test test"
    },
    "timestamp": "2025-12-19T22:56:18.704Z",
    "ipAddress": "::1",
    "__v": 0
  },
  {
    "_id": "6945d8180c2d200a51071b4b",
    "userId": "6930bb7ce1d9875b43a0b096",
    "userName": "Gilbert KHOUEIRY",
    "userRole": "ADMIN",
    "action": "START_IMPERSONATION",
    "details": {
      "targetUserId": "6945d4caaa6831f92ce919ef",
      "targetUserEmail": "ANGLIAS",
      "targetUserRole": "TEACHER",
      "targetUserDisplayName": "ANGLAIS"
    },
    "timestamp": "2025-12-19T22:56:24.911Z",
    "ipAddress": "::1",
    "__v": 0
  },
  {
    "_id": "6945d81d0c2d200a51071ba9",
    "userId": "6945d4caaa6831f92ce919ef",
    "userName": "ANGLAIS",
    "userRole": "TEACHER",
    "action": "MARK_ASSIGNMENT_DONE",
    "details": {
      "assignmentId": "6945d69708687cb5c9c35a9f",
      "semester": 2,
      "templateId": "6945d690aa6831f92ce91deb",
      "templateName": "Presentation carnet 5pages + new des (Imported)",
      "studentId": "6945d4acaa6831f92ce919c8",
      "studentName": "test test"
    },
    "timestamp": "2025-12-19T22:56:29.610Z",
    "ipAddress": "::1",
    "__v": 0
  },
  {
    "_id": "6945d81f0c2d200a51071bb1",
    "userId": "6930bb7ce1d9875b43a0b096",
    "userName": "Gilbert KHOUEIRY",
    "userRole": "ADMIN",
    "action": "START_IMPERSONATION",
    "details": {
      "targetUserId": "6945d4e8aa6831f92ce91a5e",
      "targetUserEmail": "PRE",
      "targetUserRole": "SUBADMIN",
      "targetUserDisplayName": "PRE"
    },
    "timestamp": "2025-12-19T22:56:31.822Z",
    "ipAddress": "::1",
    "__v": 0
  },
  {
    "_id": "6945d8230c2d200a51071c46",
    "userId": "6945d4e8aa6831f92ce91a5e",
    "userName": "PRE",
    "userRole": "SUBADMIN",
    "action": "SIGN_TEMPLATE",
    "details": {
      "templateId": "6945d690aa6831f92ce91deb",
      "templateName": "Presentation carnet 5pages + new des (Imported)",
      "studentId": "6945d4acaa6831f92ce919c8",
      "studentName": "test test",
      "type": "end_of_year"
    },
    "timestamp": "2025-12-19T22:56:35.844Z",
    "ipAddress": "::1",
    "__v": 0
  },
  {
    "_id": "6945d9252ee84acbf4d22315",
    "userId": "6930bb7ce1d9875b43a0b096",
    "userName": "Gilbert KHOUEIRY",
    "userRole": "ADMIN",
    "action": "START_IMPERSONATION",
    "details": {
      "targetUserId": "6945d4e8aa6831f92ce91a5e",
      "targetUserEmail": "PRE",
      "targetUserRole": "SUBADMIN",
      "targetUserDisplayName": "PRE"
    },
    "timestamp": "2025-12-19T23:00:53.939Z",
    "ipAddress": "::1",
    "__v": 0
  },
  {
    "_id": "6945dcdee9daa95d9665d725",
    "userId": "6945d4e8aa6831f92ce91a5e",
    "userName": "PRE",
    "userRole": "SUBADMIN",
    "action": "PROMOTE_STUDENT",
    "details": {
      "studentId": "6945d4acaa6831f92ce919c8",
      "from": "PS",
      "to": "MS",
      "templateAssignmentId": "6945d69708687cb5c9c35a9f"
    },
    "timestamp": "2025-12-19T23:16:46.302Z",
    "ipAddress": "::1",
    "__v": 0
  },
  {
    "_id": "6945ddde61e2752398d79f47",
    "userId": "6930bb7ce1d9875b43a0b096",
    "userName": "Gilbert KHOUEIRY",
    "userRole": "ADMIN",
    "action": "START_IMPERSONATION",
    "details": {
      "targetUserId": "6945d4beaa6831f92ce919e5",
      "targetUserEmail": "ARABE",
      "targetUserRole": "TEACHER",
      "targetUserDisplayName": "ARABE"
    },
    "timestamp": "2025-12-19T23:21:02.897Z",
    "ipAddress": "::1",
    "__v": 0
  },
  {
    "_id": "6945ddf461e2752398d79fcd",
    "userId": "6930bb7ce1d9875b43a0b096",
    "userName": "Gilbert KHOUEIRY",
    "userRole": "ADMIN",
    "action": "START_IMPERSONATION",
    "details": {
      "targetUserId": "6945d4caaa6831f92ce919ef",
      "targetUserEmail": "ANGLIAS",
      "targetUserRole": "TEACHER",
      "targetUserDisplayName": "ANGLAIS"
    },
    "timestamp": "2025-12-19T23:21:24.584Z",
    "ipAddress": "::1",
    "__v": 0
  },
  {
    "_id": "6945de48f8959946065853a5",
    "userId": "6930bb7ce1d9875b43a0b096",
    "userName": "Gilbert KHOUEIRY",
    "userRole": "ADMIN",
    "action": "START_IMPERSONATION",
    "details": {
      "targetUserId": "6945d4beaa6831f92ce919e5",
      "targetUserEmail": "ARABE",
      "targetUserRole": "TEACHER",
      "targetUserDisplayName": "ARABE"
    },
    "timestamp": "2025-12-19T23:22:48.179Z",
    "ipAddress": "::1",
    "__v": 0
  },
  {
    "_id": "6945de53f8959946065853f9",
    "userId": "6930bb7ce1d9875b43a0b096",
    "userName": "Gilbert KHOUEIRY",
    "userRole": "ADMIN",
    "action": "START_IMPERSONATION",
    "details": {
      "targetUserId": "6945d4e8aa6831f92ce91a5e",
      "targetUserEmail": "PRE",
      "targetUserRole": "SUBADMIN",
      "targetUserDisplayName": "PRE"
    },
    "timestamp": "2025-12-19T23:22:59.552Z",
    "ipAddress": "::1",
    "__v": 0
  },
  {
    "_id": "69464d023af1bf6c8a8234e7",
    "userId": "6930bb7ce1d9875b43a0b096",
    "userName": "Gilbert KHOUEIRY",
    "userRole": "ADMIN",
    "action": "LOGIN_MICROSOFT",
    "details": {
      "email": "gilbert.khoueiry@champville.edu.lb"
    },
    "timestamp": "2025-12-20T07:15:14.660Z",
    "ipAddress": "::1",
    "__v": 0
  },
  {
    "_id": "69464d073af1bf6c8a82350b",
    "userId": "6930bb7ce1d9875b43a0b096",
    "userName": "Gilbert KHOUEIRY",
    "userRole": "ADMIN",
    "action": "START_IMPERSONATION",
    "details": {
      "targetUserId": "6945d4beaa6831f92ce919e5",
      "targetUserEmail": "ARABE",
      "targetUserRole": "TEACHER",
      "targetUserDisplayName": "ARABE"
    },
    "timestamp": "2025-12-20T07:15:19.504Z",
    "ipAddress": "::1",
    "__v": 0
  },
  {
    "_id": "69464d2f3af1bf6c8a823598",
    "userId": "6930bb7ce1d9875b43a0b096",
    "userName": "Gilbert KHOUEIRY",
    "userRole": "ADMIN",
    "action": "START_IMPERSONATION",
    "details": {
      "targetUserId": "6945d4beaa6831f92ce919e5",
      "targetUserEmail": "ARABE",
      "targetUserRole": "TEACHER",
      "targetUserDisplayName": "ARABE"
    },
    "timestamp": "2025-12-20T07:15:59.787Z",
    "ipAddress": "::1",
    "__v": 0
  },
  {
    "_id": "6946c2455b983baa92956fdc",
    "userId": "6930bb7ce1d9875b43a0b096",
    "userName": "Gilbert KHOUEIRY",
    "userRole": "ADMIN",
    "action": "LOGIN_MICROSOFT",
    "details": {
      "email": "gilbert.khoueiry@champville.edu.lb"
    },
    "timestamp": "2025-12-20T15:35:33.738Z",
    "ipAddress": "::1",
    "__v": 0
  },
  {
    "_id": "6946c25f5b983baa9295701f",
    "userId": "6930bb7ce1d9875b43a0b096",
    "userName": "Gilbert KHOUEIRY",
    "userRole": "ADMIN",
    "action": "START_IMPERSONATION",
    "details": {
      "targetUserId": "6945d4beaa6831f92ce919e5",
      "targetUserEmail": "ARABE",
      "targetUserRole": "TEACHER",
      "targetUserDisplayName": "ARABE"
    },
    "timestamp": "2025-12-20T15:35:59.068Z",
    "ipAddress": "::1",
    "__v": 0
  },
  {
    "_id": "6946c26e5b983baa9295706f",
    "userId": "6930bb7ce1d9875b43a0b096",
    "userName": "Gilbert KHOUEIRY",
    "userRole": "ADMIN",
    "action": "START_IMPERSONATION",
    "details": {
      "targetUserId": "6945d4caaa6831f92ce919ef",
      "targetUserEmail": "ANGLIAS",
      "targetUserRole": "TEACHER",
      "targetUserDisplayName": "ANGLAIS"
    },
    "timestamp": "2025-12-20T15:36:14.345Z",
    "ipAddress": "::1",
    "__v": 0
  },
  {
    "_id": "6946d275993c4519b40a9076",
    "userId": "6930bb7ce1d9875b43a0b096",
    "userName": "Gilbert KHOUEIRY",
    "userRole": "ADMIN",
    "action": "START_IMPERSONATION",
    "details": {
      "targetUserId": "6945d4beaa6831f92ce919e5",
      "targetUserEmail": "ARABE",
      "targetUserRole": "TEACHER",
      "targetUserDisplayName": "ARABE"
    },
    "timestamp": "2025-12-20T16:44:37.331Z",
    "ipAddress": "::1",
    "__v": 0
  },
  {
    "_id": "6946d279993c4519b40a90d4",
    "userId": "6945d4beaa6831f92ce919e5",
    "userName": "ARABE",
    "userRole": "TEACHER",
    "action": "MARK_ASSIGNMENT_DONE",
    "details": {
      "assignmentId": "6946d26c993c4519b40a905e",
      "semester": 1,
      "templateId": "6945d690aa6831f92ce91deb",
      "templateName": "Presentation carnet 5pages + new des (Imported)",
      "studentId": "6946d26c993c4519b40a9050",
      "studentName": "test2 test2"
    },
    "timestamp": "2025-12-20T16:44:41.728Z",
    "ipAddress": "::1",
    "__v": 0
  },
  {
    "_id": "6946d27b993c4519b40a90da",
    "userId": "6930bb7ce1d9875b43a0b096",
    "userName": "Gilbert KHOUEIRY",
    "userRole": "ADMIN",
    "action": "START_IMPERSONATION",
    "details": {
      "targetUserId": "6945d4caaa6831f92ce919ef",
      "targetUserEmail": "ANGLIAS",
      "targetUserRole": "TEACHER",
      "targetUserDisplayName": "ANGLAIS"
    },
    "timestamp": "2025-12-20T16:44:43.475Z",
    "ipAddress": "::1",
    "__v": 0
  },
  {
    "_id": "6946d28cfb838e47dd2bcc04",
    "userId": "6945d4caaa6831f92ce919ef",
    "userName": "ANGLAIS",
    "userRole": "TEACHER",
    "action": "MARK_ASSIGNMENT_DONE",
    "details": {
      "assignmentId": "6946d26c993c4519b40a905e",
      "semester": 1,
      "templateId": "6945d690aa6831f92ce91deb",
      "templateName": "Presentation carnet 5pages + new des (Imported)",
      "studentId": "6946d26c993c4519b40a9050",
      "studentName": "test2 test2"
    },
    "timestamp": "2025-12-20T16:45:00.883Z",
    "ipAddress": "::1",
    "__v": 0
  },
  {
    "_id": "6946d28ffb838e47dd2bcc0a",
    "userId": "6930bb7ce1d9875b43a0b096",
    "userName": "Gilbert KHOUEIRY",
    "userRole": "ADMIN",
    "action": "START_IMPERSONATION",
    "details": {
      "targetUserId": "6945d4d1aa6831f92ce919f8",
      "targetUserEmail": "POLY",
      "targetUserRole": "TEACHER",
      "targetUserDisplayName": "POLY"
    },
    "timestamp": "2025-12-20T16:45:03.311Z",
    "ipAddress": "::1",
    "__v": 0
  },
  {
    "_id": "6946d292fb838e47dd2bcc69",
    "userId": "6945d4d1aa6831f92ce919f8",
    "userName": "POLY",
    "userRole": "TEACHER",
    "action": "MARK_ASSIGNMENT_DONE",
    "details": {
      "assignmentId": "6946d26c993c4519b40a905e",
      "semester": 1,
      "templateId": "6945d690aa6831f92ce91deb",
      "templateName": "Presentation carnet 5pages + new des (Imported)",
      "studentId": "6946d26c993c4519b40a9050",
      "studentName": "test2 test2"
    },
    "timestamp": "2025-12-20T16:45:06.714Z",
    "ipAddress": "::1",
    "__v": 0
  },
  {
    "_id": "6946d295fb838e47dd2bcc70",
    "userId": "6930bb7ce1d9875b43a0b096",
    "userName": "Gilbert KHOUEIRY",
    "userRole": "ADMIN",
    "action": "START_IMPERSONATION",
    "details": {
      "targetUserId": "6945d4e8aa6831f92ce91a5e",
      "targetUserEmail": "PRE",
      "targetUserRole": "SUBADMIN",
      "targetUserDisplayName": "PRE"
    },
    "timestamp": "2025-12-20T16:45:09.041Z",
    "ipAddress": "::1",
    "__v": 0
  },
  {
    "_id": "6946d2b5cd6c42bd34135ee3",
    "userId": "6945d4e8aa6831f92ce91a5e",
    "userName": "PRE",
    "userRole": "SUBADMIN",
    "action": "SIGN_TEMPLATE",
    "details": {
      "templateId": "6945d690aa6831f92ce91deb",
      "templateName": "Presentation carnet 5pages + new des (Imported)",
      "studentId": "6946d26c993c4519b40a9050",
      "studentName": "test2 test2",
      "type": "standard"
    },
    "timestamp": "2025-12-20T16:45:41.162Z",
    "ipAddress": "::1",
    "__v": 0
  },
  {
    "_id": "6946d2cccd6c42bd34135f5a",
    "userId": "6945d4d1aa6831f92ce919f8",
    "userName": "POLY",
    "userRole": "TEACHER",
    "action": "MARK_ASSIGNMENT_DONE",
    "details": {
      "assignmentId": "6946d26c993c4519b40a905e",
      "semester": 2,
      "templateId": "6945d690aa6831f92ce91deb",
      "templateName": "Presentation carnet 5pages + new des (Imported)",
      "studentId": "6946d26c993c4519b40a9050",
      "studentName": "test2 test2"
    },
    "timestamp": "2025-12-20T16:46:04.199Z",
    "ipAddress": "::1",
    "__v": 0
  },
  {
    "_id": "6946d2cecd6c42bd34135f8f",
    "userId": "6945d4caaa6831f92ce919ef",
    "userName": "ANGLAIS",
    "userRole": "TEACHER",
    "action": "MARK_ASSIGNMENT_DONE",
    "details": {
      "assignmentId": "6946d26c993c4519b40a905e",
      "semester": 2,
      "templateId": "6945d690aa6831f92ce91deb",
      "templateName": "Presentation carnet 5pages + new des (Imported)",
      "studentId": "6946d26c993c4519b40a9050",
      "studentName": "test2 test2"
    },
    "timestamp": "2025-12-20T16:46:06.907Z",
    "ipAddress": "::1",
    "__v": 0
  },
  {
    "_id": "6946d2d1cd6c42bd34135fc5",
    "userId": "6945d4beaa6831f92ce919e5",
    "userName": "ARABE",
    "userRole": "TEACHER",
    "action": "MARK_ASSIGNMENT_DONE",
    "details": {
      "assignmentId": "6946d26c993c4519b40a905e",
      "semester": 2,
      "templateId": "6945d690aa6831f92ce91deb",
      "templateName": "Presentation carnet 5pages + new des (Imported)",
      "studentId": "6946d26c993c4519b40a9050",
      "studentName": "test2 test2"
    },
    "timestamp": "2025-12-20T16:46:09.624Z",
    "ipAddress": "::1",
    "__v": 0
  },
  {
    "_id": "6946d2d4cd6c42bd34136020",
    "userId": "6945d4e8aa6831f92ce91a5e",
    "userName": "PRE",
    "userRole": "SUBADMIN",
    "action": "SIGN_TEMPLATE",
    "details": {
      "templateId": "6945d690aa6831f92ce91deb",
      "templateName": "Presentation carnet 5pages + new des (Imported)",
      "studentId": "6946d26c993c4519b40a9050",
      "studentName": "test2 test2",
      "type": "end_of_year"
    },
    "timestamp": "2025-12-20T16:46:12.717Z",
    "ipAddress": "::1",
    "__v": 0
  },
  {
    "_id": "6946d2d6cd6c42bd34136056",
    "userId": "6945d4e8aa6831f92ce91a5e",
    "userName": "PRE",
    "userRole": "SUBADMIN",
    "action": "PROMOTE_STUDENT",
    "details": {
      "studentId": "6946d26c993c4519b40a9050",
      "from": "PS",
      "to": "MS",
      "templateAssignmentId": "6946d26c993c4519b40a905e"
    },
    "timestamp": "2025-12-20T16:46:14.439Z",
    "ipAddress": "::1",
    "__v": 0
  },
  {
    "_id": "6946d554270be929e601a119",
    "userId": "6930bb7ce1d9875b43a0b096",
    "userName": "Gilbert KHOUEIRY",
    "userRole": "ADMIN",
    "action": "START_IMPERSONATION",
    "details": {
      "targetUserId": "6945d4e8aa6831f92ce91a5e",
      "targetUserEmail": "PRE",
      "targetUserRole": "SUBADMIN",
      "targetUserDisplayName": "PRE"
    },
    "timestamp": "2025-12-20T16:56:52.315Z",
    "ipAddress": "::1",
    "__v": 0
  },
  {
    "_id": "6946d554270be929e601a12b",
    "userId": "6930bb7ce1d9875b43a0b096",
    "userName": "Gilbert KHOUEIRY",
    "userRole": "ADMIN",
    "action": "STOP_IMPERSONATION",
    "details": {
      "previousImpersonatedUserId": "6945d4e8aa6831f92ce91a5e"
    },
    "timestamp": "2025-12-20T16:56:52.363Z",
    "ipAddress": "::1",
    "__v": 0
  },
  {
    "_id": "6946d554270be929e601a135",
    "userId": "6930bb7ce1d9875b43a0b096",
    "userName": "Gilbert KHOUEIRY",
    "userRole": "ADMIN",
    "action": "START_IMPERSONATION",
    "details": {
      "targetUserId": "6945d4beaa6831f92ce919e5",
      "targetUserEmail": "ARABE",
      "targetUserRole": "TEACHER",
      "targetUserDisplayName": "ARABE"
    },
    "timestamp": "2025-12-20T16:56:52.393Z",
    "ipAddress": "::1",
    "__v": 0
  },
  {
    "_id": "6946d554270be929e601a145",
    "userId": "6930bb7ce1d9875b43a0b096",
    "userName": "Gilbert KHOUEIRY",
    "userRole": "ADMIN",
    "action": "STOP_IMPERSONATION",
    "details": {
      "previousImpersonatedUserId": "6945d4beaa6831f92ce919e5"
    },
    "timestamp": "2025-12-20T16:56:52.436Z",
    "ipAddress": "::1",
    "__v": 0
  },
  {
    "_id": "6946d554270be929e601a157",
    "userId": "6930bb7ce1d9875b43a0b096",
    "userName": "Gilbert KHOUEIRY",
    "userRole": "ADMIN",
    "action": "START_IMPERSONATION",
    "details": {
      "targetUserId": "6945d4e8aa6831f92ce91a5e",
      "targetUserEmail": "PRE",
      "targetUserRole": "SUBADMIN",
      "targetUserDisplayName": "PRE"
    },
    "timestamp": "2025-12-20T16:56:52.487Z",
    "ipAddress": "::1",
    "__v": 0
  },
  {
    "_id": "6946d554270be929e601a17b",
    "userId": "6945d4e8aa6831f92ce91a5e",
    "userName": "PRE",
    "userRole": "SUBADMIN",
    "action": "PROMOTE_STUDENT",
    "details": {
      "studentId": "6945d4acaa6831f92ce919c8",
      "from": "MS",
      "to": "GS",
      "templateAssignmentId": "6945d69708687cb5c9c35a9f"
    },
    "timestamp": "2025-12-20T16:56:52.521Z",
    "ipAddress": "::1",
    "__v": 0
  },
  {
    "_id": "6946d554270be929e601a183",
    "userId": "6930bb7ce1d9875b43a0b096",
    "userName": "Gilbert KHOUEIRY",
    "userRole": "ADMIN",
    "action": "STOP_IMPERSONATION",
    "details": {
      "previousImpersonatedUserId": "6945d4e8aa6831f92ce91a5e"
    },
    "timestamp": "2025-12-20T16:56:52.541Z",
    "ipAddress": "::1",
    "__v": 0
  }
]