[
  {
    "_id": "6945d4a2aa6831f92ce919bb",
    "name": "PS A",
    "level": "PS",
    "schoolYearId": "692cabdf89fca919b378b62a",
    "__v": 0
  },
  {
    "_id": "6945d6f30c2d200a5107157d",
    "name": "PS A",
    "level": "PS",
    "schoolYearId": "6945d6e70c2d200a51071569",
    "__v": 0
  },
  {
    "_id": "6945d9602ee84acbf4d2243f",
    "name": "MS A",
    "level": "MS",
    "schoolYearId": "6945d7460c2d200a510717b9",
    "__v": 0
  },
  {
    "_id": "6945d9602ee84acbf4d22446",
    "name": "GS A",
    "level": "GS",
    "schoolYearId": "6945d7460c2d200a510717b9",
    "__v": 0
  },
  {
    "_id": "6945d9612ee84acbf4d2244d",
    "name": "PS A",
    "level": "PS",
    "schoolYearId": "6945d7460c2d200a510717b9",
    "__v": 0
  }
]