[
  {
    "_id": "6945dcdee9daa95d9665d715",
    "studentId": "6945d4acaa6831f92ce919c8",
    "schoolYearId": "6945d6e70c2d200a51071569",
    "level": "PS",
    "classId": "6945d6f30c2d200a5107157d",
    "templateId": "6945d690aa6831f92ce91deb",
    "data": {
      "student": {
        "_id": "6945d4acaa6831f92ce919c8",
        "logicalKey": "test_test_2000-01-01",
        "firstName": "test",
        "lastName": "test",
        "dateOfBirth": "2000-01-01T00:00:00.000Z",
        "status": "active",
        "promotions": [],
        "__v": 0
      },
      "enrollment": {
        "_id": "6945d6f90c2d200a5107158c",
        "studentId": "6945d4acaa6831f92ce919c8",
        "classId": "6945d6f30c2d200a5107157d",
        "schoolYearId": "6945d6e70c2d200a51071569",
        "status": "active",
        "promotionStatus": "pending",
        "__v": 0
      },
      "statuses": [],
      "assignment": {
        "_id": "6945d69708687cb5c9c35a9f",
        "studentId": "6945d4acaa6831f92ce919c8",
        "templateId": "6945d690aa6831f92ce91deb",
        "__v": 0,
        "assignedAt": "2025-12-19T22:49:59.067Z",
        "assignedBy": "6930bb7ce1d9875b43a0b096",
        "assignedTeachers": [
          "6945d4beaa6831f92ce919e5",
          "6945d4caaa6831f92ce919ef",
          "6945d4d1aa6831f92ce919f8"
        ],
        "data": {
          "table_f6db970e-2db5-4ce0-a24c-25ccbe4530d2_row_6429006a-5637-4329-8c73-3a63b872061d": [
            {
              "code": "lb",
              "label": "Lebanese",
              "emoji": "🇱🇧",
              "active": true,
              "level": "PS"
            },
            {
              "code": "fr",
              "label": "French",
              "emoji": "🇫🇷",
              "active": true,
              "level": "PS"
            },
            {
              "code": "en",
              "label": "English",
              "emoji": "🇬🇧",
              "active": true,
              "level": "PS"
            }
          ],
          "signatures": [
            {
              "type": "standard",
              "signedAt": "2025-12-19T22:54:16.310Z",
              "subAdminId": "6945d4e8aa6831f92ce91a5e",
              "schoolYearId": "6945d6e70c2d200a51071569",
              "schoolYearName": "2025/2026",
              "level": "PS"
            },
            {
              "type": "end_of_year",
              "signedAt": "2025-12-19T22:56:35.840Z",
              "subAdminId": "6945d4e8aa6831f92ce91a5e",
              "schoolYearId": "6945d7460c2d200a510717b9",
              "schoolYearName": "2026/2027",
              "level": "PS"
            }
          ]
        },
        "isCompleted": true,
        "isCompletedSem1": true,
        "isCompletedSem2": true,
        "status": "signed",
        "teacherCompletions": [
          {
            "teacherId": "6945d4beaa6831f92ce919e5",
            "completed": true,
            "completedAt": "2025-12-19T22:53:28.575Z",
            "completedSem1": true,
            "completedAtSem1": "2025-12-19T22:53:28.575Z",
            "completedSem2": true,
            "completedAtSem2": "2025-12-19T22:56:03.767Z",
            "_id": "6945d7680c2d200a51071862"
          },
          {
            "teacherId": "6945d4caaa6831f92ce919ef",
            "completed": true,
            "completedAt": "2025-12-19T22:53:43.655Z",
            "completedSem1": true,
            "completedAtSem1": "2025-12-19T22:53:43.655Z",
            "completedSem2": true,
            "completedAtSem2": "2025-12-19T22:56:29.604Z",
            "_id": "6945d7770c2d200a510718ce"
          },
          {
            "teacherId": "6945d4d1aa6831f92ce919f8",
            "completed": true,
            "completedAt": "2025-12-19T22:54:10.389Z",
            "completedSem1": true,
            "completedAtSem1": "2025-12-19T22:54:10.389Z",
            "completedSem2": true,
            "completedAtSem2": "2025-12-19T22:56:18.696Z",
            "_id": "6945d7920c2d200a510719b4"
          }
        ],
        "templateVersion": 1,
        "completedAt": "2025-12-19T22:54:10.389Z",
        "completedAtSem1": "2025-12-19T22:54:10.389Z",
        "completedBy": "6945d4d1aa6831f92ce919f8",
        "completedAtSem2": "2025-12-19T22:56:29.604Z"
      },
      "className": "PS A"
    },
    "createdAt": "2025-12-19T23:16:46.288Z",
    "__v": 0
  },
  {
    "_id": "6946d2d6cd6c42bd34136046",
    "studentId": "6946d26c993c4519b40a9050",
    "schoolYearId": "6945d6e70c2d200a51071569",
    "level": "PS",
    "classId": "6945d6f30c2d200a5107157d",
    "templateId": "6945d690aa6831f92ce91deb",
    "data": {
      "student": {
        "_id": "6946d26c993c4519b40a9050",
        "logicalKey": "test2_test2_2000-01-01",
        "firstName": "test2",
        "lastName": "test2",
        "dateOfBirth": "2000-01-01T00:00:00.000Z",
        "status": "active",
        "promotions": [],
        "__v": 0
      },
      "enrollment": {
        "_id": "6946d26c993c4519b40a9054",
        "studentId": "6946d26c993c4519b40a9050",
        "classId": "6945d6f30c2d200a5107157d",
        "schoolYearId": "6945d6e70c2d200a51071569",
        "status": "active",
        "promotionStatus": "pending",
        "__v": 0
      },
      "statuses": [],
      "assignment": {
        "_id": "6946d26c993c4519b40a905e",
        "templateId": "6945d690aa6831f92ce91deb",
        "templateVersion": 1,
        "studentId": "6946d26c993c4519b40a9050",
        "completionSchoolYearId": "6945d6e70c2d200a51071569",
        "assignedTeachers": [
          "6945d4beaa6831f92ce919e5",
          "6945d4caaa6831f92ce919ef",
          "6945d4d1aa6831f92ce919f8"
        ],
        "status": "signed",
        "assignedAt": "2025-12-20T16:44:28.045Z",
        "assignedBy": "6930bb7ce1d9875b43a0b096",
        "isCompleted": true,
        "isCompletedSem1": true,
        "isCompletedSem2": true,
        "teacherCompletions": [
          {
            "teacherId": "6945d4beaa6831f92ce919e5",
            "completed": true,
            "completedAt": "2025-12-20T16:44:41.717Z",
            "completedSem1": true,
            "completedAtSem1": "2025-12-20T16:44:41.717Z",
            "completedSem2": true,
            "completedAtSem2": "2025-12-20T16:46:09.617Z",
            "_id": "6946d279993c4519b40a90ce"
          },
          {
            "teacherId": "6945d4caaa6831f92ce919ef",
            "completed": true,
            "completedAt": "2025-12-20T16:45:00.874Z",
            "completedSem1": true,
            "completedAtSem1": "2025-12-20T16:45:00.874Z",
            "completedSem2": true,
            "completedAtSem2": "2025-12-20T16:46:06.901Z",
            "_id": "6946d28cfb838e47dd2bcbfd"
          },
          {
            "teacherId": "6945d4d1aa6831f92ce919f8",
            "completed": true,
            "completedAt": "2025-12-20T16:45:06.709Z",
            "completedSem1": true,
            "completedAtSem1": "2025-12-20T16:45:06.709Z",
            "completedSem2": true,
            "completedAtSem2": "2025-12-20T16:46:04.188Z",
            "_id": "6946d292fb838e47dd2bcc61"
          }
        ],
        "__v": 0,
        "completedAt": "2025-12-20T16:45:06.709Z",
        "completedAtSem1": "2025-12-20T16:45:06.709Z",
        "completedBy": "6945d4d1aa6831f92ce919f8",
        "completedAtSem2": "2025-12-20T16:46:09.617Z",
        "data": {
          "signatures": [
            {
              "type": "end_of_year",
              "signedAt": "2025-12-20T16:46:12.712Z",
              "subAdminId": "6945d4e8aa6831f92ce91a5e",
              "schoolYearId": "6945d7460c2d200a510717b9",
              "schoolYearName": "2026/2027",
              "level": "PS"
            }
          ]
        }
      },
      "className": "PS A"
    },
    "createdAt": "2025-12-20T16:46:14.428Z",
    "__v": 0
  },
  {
    "_id": "6946d554270be929e601a16b",
    "studentId": "6945d4acaa6831f92ce919c8",
    "schoolYearId": "6945d7460c2d200a510717b9",
    "level": "MS",
    "classId": "6945d9602ee84acbf4d2243f",
    "templateId": "6945d690aa6831f92ce91deb",
    "data": {
      "student": {
        "_id": "6945d4acaa6831f92ce919c8",
        "logicalKey": "test_test_2000-01-01",
        "firstName": "test",
        "lastName": "test",
        "dateOfBirth": "2000-01-01T00:00:00.000Z",
        "status": "active",
        "promotions": [
          {
            "schoolYearId": "6945d6e70c2d200a51071569",
            "date": "2025-12-19T23:16:46.294Z",
            "fromLevel": "PS",
            "toLevel": "MS",
            "promotedBy": "6945d4e8aa6831f92ce91a5e",
            "_id": "6945dcdee9daa95d9665d71b"
          }
        ],
        "__v": 1,
        "nextLevel": "MS"
      },
      "enrollment": {
        "_id": "6945dcdee9daa95d9665d719",
        "studentId": "6945d4acaa6831f92ce919c8",
        "schoolYearId": "6945d7460c2d200a510717b9",
        "status": "active",
        "promotionStatus": "pending",
        "__v": 0,
        "classId": "6945d9602ee84acbf4d2243f"
      },
      "statuses": [],
      "assignment": {
        "_id": "6945d69708687cb5c9c35a9f",
        "studentId": "6945d4acaa6831f92ce919c8",
        "templateId": "6945d690aa6831f92ce91deb",
        "__v": 0,
        "assignedAt": "2025-12-19T22:49:59.067Z",
        "assignedBy": "6930bb7ce1d9875b43a0b096",
        "assignedTeachers": [
          "6945d4beaa6831f92ce919e5",
          "6945d4caaa6831f92ce919ef",
          "6945d4d1aa6831f92ce919f8"
        ],
        "data": {
          "table_f6db970e-2db5-4ce0-a24c-25ccbe4530d2_row_6429006a-5637-4329-8c73-3a63b872061d": [
            {
              "code": "lb",
              "label": "Lebanese",
              "emoji": "🇱🇧",
              "active": true,
              "level": "PS"
            },
            {
              "code": "fr",
              "label": "French",
              "emoji": "🇫🇷",
              "active": true,
              "level": "PS"
            },
            {
              "code": "en",
              "label": "English",
              "emoji": "🇬🇧",
              "active": true,
              "level": "PS"
            }
          ],
          "signatures": [
            {
              "type": "standard",
              "signedAt": "2025-12-19T22:54:16.310Z",
              "subAdminId": "6945d4e8aa6831f92ce91a5e",
              "schoolYearId": "6945d6e70c2d200a51071569",
              "schoolYearName": "2025/2026",
              "level": "PS"
            },
            {
              "type": "end_of_year",
              "signedAt": "2025-12-19T22:56:35.840Z",
              "subAdminId": "6945d4e8aa6831f92ce91a5e",
              "schoolYearId": "6945d7460c2d200a510717b9",
              "schoolYearName": "2026/2027",
              "level": "PS"
            }
          ],
          "promotions": [
            {
              "from": "PS",
              "to": "MS",
              "date": "2025-12-19T23:16:46.298Z",
              "year": "2025/2026",
              "class": "PS A",
              "by": "6945d4e8aa6831f92ce91a5e"
            }
          ]
        },
        "isCompleted": true,
        "isCompletedSem1": true,
        "isCompletedSem2": true,
        "status": "signed",
        "teacherCompletions": [
          {
            "teacherId": "6945d4beaa6831f92ce919e5",
            "completed": true,
            "completedAt": "2025-12-19T22:53:28.575Z",
            "completedSem1": true,
            "completedAtSem1": "2025-12-19T22:53:28.575Z",
            "completedSem2": true,
            "completedAtSem2": "2025-12-19T22:56:03.767Z",
            "_id": "6945d7680c2d200a51071862"
          },
          {
            "teacherId": "6945d4caaa6831f92ce919ef",
            "completed": true,
            "completedAt": "2025-12-19T22:53:43.655Z",
            "completedSem1": true,
            "completedAtSem1": "2025-12-19T22:53:43.655Z",
            "completedSem2": true,
            "completedAtSem2": "2025-12-19T22:56:29.604Z",
            "_id": "6945d7770c2d200a510718ce"
          },
          {
            "teacherId": "6945d4d1aa6831f92ce919f8",
            "completed": true,
            "completedAt": "2025-12-19T22:54:10.389Z",
            "completedSem1": true,
            "completedAtSem1": "2025-12-19T22:54:10.389Z",
            "completedSem2": true,
            "completedAtSem2": "2025-12-19T22:56:18.696Z",
            "_id": "6945d7920c2d200a510719b4"
          }
        ],
        "templateVersion": 1,
        "completedAt": "2025-12-19T22:54:10.389Z",
        "completedAtSem1": "2025-12-19T22:54:10.389Z",
        "completedBy": "6945d4d1aa6831f92ce919f8",
        "completedAtSem2": "2025-12-19T22:56:29.604Z"
      },
      "className": "MS A"
    },
    "createdAt": "2025-12-20T16:56:52.511Z",
    "__v": 0
  }
]