[
  {
    "_id": "6945d76608687cb5c9c35aa3",
    "sourceId": "6429006a-5637-4329-8c73-3a63b872061d",
    "studentId": "6945d4acaa6831f92ce919c8",
    "templateId": "6945d690aa6831f92ce91deb",
    "__v": 0,
    "assignmentId": "6945d69708687cb5c9c35a9f",
    "languages": [
      "lb",
      "fr",
      "en"
    ],
    "recordedAt": "2025-12-19T22:56:16.343Z",
    "recordedBy": "6945d4d1aa6831f92ce919f8",
    "skillText": "Je sais reconnaitre mes enseignantes et mes copains de classe.",
    "sourceKey": "table_f6db970e-2db5-4ce0-a24c-25ccbe4530d2_row_6429006a-5637-4329-8c73-3a63b872061d"
  }
]