[
  {
    "_id": "6945d4acaa6831f92ce919c8",
    "logicalKey": "test_test_2000-01-01",
    "firstName": "test",
    "lastName": "test",
    "dateOfBirth": "2000-01-01T00:00:00.000Z",
    "status": "active",
    "promotions": [
      {
        "schoolYearId": "6945d6e70c2d200a51071569",
        "date": "2025-12-19T23:16:46.294Z",
        "fromLevel": "PS",
        "toLevel": "MS",
        "promotedBy": "6945d4e8aa6831f92ce91a5e",
        "_id": "6945dcdee9daa95d9665d71b"
      },
      {
        "schoolYearId": "6945d7460c2d200a510717b9",
        "date": "2025-12-20T16:56:52.515Z",
        "fromLevel": "MS",
        "toLevel": "GS",
        "promotedBy": "6945d4e8aa6831f92ce91a5e",
        "_id": "6946d554270be929e601a171"
      }
    ],
    "__v": 2,
    "nextLevel": "GS"
  },
  {
    "_id": "6946d26c993c4519b40a9050",
    "logicalKey": "test2_test2_2000-01-01",
    "firstName": "test2",
    "lastName": "test2",
    "dateOfBirth": "2000-01-01T00:00:00.000Z",
    "status": "active",
    "promotions": [
      {
        "schoolYearId": "6945d6e70c2d200a51071569",
        "date": "2025-12-20T16:46:14.432Z",
        "fromLevel": "PS",
        "toLevel": "MS",
        "promotedBy": "6945d4e8aa6831f92ce91a5e",
        "_id": "6946d2d6cd6c42bd3413604c"
      }
    ],
    "__v": 1,
    "nextLevel": "MS"
  }
]