[
  {
    "_id": "6945d51e08687cb5c9c35a9b",
    "subAdminId": "6945d4e8aa6831f92ce91a5e",
    "teacherId": "6945d4beaa6831f92ce919e5",
    "__v": 0,
    "assignedAt": "2025-12-19T23:19:40.512Z",
    "assignedBy": "6930bb7ce1d9875b43a0b096"
  },
  {
    "_id": "6945d51e08687cb5c9c35a9c",
    "subAdminId": "6945d4e8aa6831f92ce91a5e",
    "teacherId": "6945d4caaa6831f92ce919ef",
    "__v": 0,
    "assignedAt": "2025-12-19T23:19:40.514Z",
    "assignedBy": "6930bb7ce1d9875b43a0b096"
  },
  {
    "_id": "6945d51e08687cb5c9c35a9d",
    "subAdminId": "6945d4e8aa6831f92ce91a5e",
    "teacherId": "6945d4d1aa6831f92ce919f8",
    "__v": 0,
    "assignedAt": "2025-12-19T23:19:40.513Z",
    "assignedBy": "6930bb7ce1d9875b43a0b096"
  }
]