[
  {
    "_id": "6945d4f208687cb5c9c35a97",
    "classId": "6945d4a2aa6831f92ce919bb",
    "teacherId": "6945d4beaa6831f92ce919e5",
    "__v": 0,
    "assignedAt": "2025-12-19T22:42:58.942Z",
    "assignedBy": "6930bb7ce1d9875b43a0b096",
    "isProfPolyvalent": false,
    "languages": [
      "ar"
    ],
    "schoolYearId": "692cabdf89fca919b378b62a"
  },
  {
    "_id": "6945d50308687cb5c9c35a99",
    "classId": "6945d4a2aa6831f92ce919bb",
    "teacherId": "6945d4caaa6831f92ce919ef",
    "__v": 0,
    "assignedAt": "2025-12-19T22:43:15.103Z",
    "assignedBy": "6930bb7ce1d9875b43a0b096",
    "isProfPolyvalent": false,
    "languages": [
      "en"
    ],
    "schoolYearId": "692cabdf89fca919b378b62a"
  },
  {
    "_id": "6945d50708687cb5c9c35a9a",
    "classId": "6945d4a2aa6831f92ce919bb",
    "teacherId": "6945d4d1aa6831f92ce919f8",
    "__v": 0,
    "assignedAt": "2025-12-19T22:43:19.505Z",
    "assignedBy": "6930bb7ce1d9875b43a0b096",
    "isProfPolyvalent": true,
    "languages": [],
    "schoolYearId": "692cabdf89fca919b378b62a"
  },
  {
    "_id": "6945d72108687cb5c9c35aa0",
    "teacherId": "6945d4beaa6831f92ce919e5",
    "classId": "6945d6f30c2d200a5107157d",
    "__v": 0,
    "assignedAt": "2025-12-19T22:52:17.407Z",
    "assignedBy": "6930bb7ce1d9875b43a0b096",
    "isProfPolyvalent": false,
    "languages": [
      "ar"
    ],
    "schoolYearId": "6945d6e70c2d200a51071569"
  },
  {
    "_id": "6945d72608687cb5c9c35aa1",
    "teacherId": "6945d4caaa6831f92ce919ef",
    "classId": "6945d6f30c2d200a5107157d",
    "__v": 0,
    "assignedAt": "2025-12-19T22:52:22.851Z",
    "assignedBy": "6930bb7ce1d9875b43a0b096",
    "isProfPolyvalent": false,
    "languages": [
      "en"
    ],
    "schoolYearId": "6945d6e70c2d200a51071569"
  },
  {
    "_id": "6945d72b08687cb5c9c35aa2",
    "classId": "6945d6f30c2d200a5107157d",
    "teacherId": "6945d4d1aa6831f92ce919f8",
    "__v": 0,
    "assignedAt": "2025-12-19T22:52:27.776Z",
    "assignedBy": "6930bb7ce1d9875b43a0b096",
    "isProfPolyvalent": true,
    "languages": [],
    "schoolYearId": "6945d6e70c2d200a51071569"
  },
  {
    "_id": "6945dd7708687cb5c9c35aa4",
    "classId": "6945d9602ee84acbf4d2243f",
    "teacherId": "6945d4beaa6831f92ce919e5",
    "__v": 0,
    "assignedAt": "2025-12-19T23:19:19.162Z",
    "assignedBy": "6930bb7ce1d9875b43a0b096",
    "isProfPolyvalent": false,
    "languages": [
      "ar"
    ],
    "schoolYearId": "6945d7460c2d200a510717b9"
  },
  {
    "_id": "6945dd7c08687cb5c9c35aa5",
    "classId": "6945d9602ee84acbf4d2243f",
    "teacherId": "6945d4d1aa6831f92ce919f8",
    "__v": 0,
    "assignedAt": "2025-12-19T23:19:24.262Z",
    "assignedBy": "6930bb7ce1d9875b43a0b096",
    "isProfPolyvalent": true,
    "languages": [],
    "schoolYearId": "6945d7460c2d200a510717b9"
  },
  {
    "_id": "6945dd8108687cb5c9c35aa6",
    "classId": "6945d9602ee84acbf4d2243f",
    "teacherId": "6945d4caaa6831f92ce919ef",
    "__v": 0,
    "assignedAt": "2025-12-19T23:19:29.961Z",
    "assignedBy": "6930bb7ce1d9875b43a0b096",
    "isProfPolyvalent": false,
    "languages": [
      "en"
    ],
    "schoolYearId": "6945d7460c2d200a510717b9"
  }
]