[
  {
    "_id": "6945d69708687cb5c9c35a9f",
    "studentId": "6945d4acaa6831f92ce919c8",
    "templateId": "6945d690aa6831f92ce91deb",
    "__v": 0,
    "assignedAt": "2025-12-19T22:49:59.067Z",
    "assignedBy": "6930bb7ce1d9875b43a0b096",
    "assignedTeachers": [
      "6945d4beaa6831f92ce919e5",
      "6945d4caaa6831f92ce919ef",
      "6945d4d1aa6831f92ce919f8"
    ],
    "data": {
      "table_f6db970e-2db5-4ce0-a24c-25ccbe4530d2_row_6429006a-5637-4329-8c73-3a63b872061d": [
        {
          "code": "lb",
          "label": "Lebanese",
          "emoji": "🇱🇧",
          "active": true,
          "level": "PS"
        },
        {
          "code": "fr",
          "label": "French",
          "emoji": "🇫🇷",
          "active": true,
          "level": "PS"
        },
        {
          "code": "en",
          "label": "English",
          "emoji": "🇬🇧",
          "active": true,
          "level": "PS"
        }
      ],
      "signatures": [
        {
          "type": "standard",
          "signedAt": "2025-12-19T22:54:16.310Z",
          "subAdminId": "6945d4e8aa6831f92ce91a5e",
          "schoolYearId": "6945d6e70c2d200a51071569",
          "schoolYearName": "2025/2026",
          "level": "PS"
        },
        {
          "type": "end_of_year",
          "signedAt": "2025-12-19T22:56:35.840Z",
          "subAdminId": "6945d4e8aa6831f92ce91a5e",
          "schoolYearId": "6945d7460c2d200a510717b9",
          "schoolYearName": "2026/2027",
          "level": "PS"
        }
      ],
      "promotions": [
        {
          "from": "PS",
          "to": "MS",
          "date": "2025-12-19T23:16:46.298Z",
          "year": "2025/2026",
          "class": "PS A",
          "by": "6945d4e8aa6831f92ce91a5e"
        },
        {
          "from": "MS",
          "to": "GS",
          "date": "2025-12-20T16:56:52.518Z",
          "year": "2026/2027",
          "class": "MS A",
          "by": "6945d4e8aa6831f92ce91a5e"
        }
      ]
    },
    "isCompleted": true,
    "isCompletedSem1": true,
    "isCompletedSem2": true,
    "status": "signed",
    "teacherCompletions": [
      {
        "teacherId": "6945d4beaa6831f92ce919e5",
        "completed": true,
        "completedAt": "2025-12-19T22:53:28.575Z",
        "completedSem1": true,
        "completedAtSem1": "2025-12-19T22:53:28.575Z",
        "completedSem2": true,
        "completedAtSem2": "2025-12-19T22:56:03.767Z",
        "_id": "6945d7680c2d200a51071862"
      },
      {
        "teacherId": "6945d4caaa6831f92ce919ef",
        "completed": true,
        "completedAt": "2025-12-19T22:53:43.655Z",
        "completedSem1": true,
        "completedAtSem1": "2025-12-19T22:53:43.655Z",
        "completedSem2": true,
        "completedAtSem2": "2025-12-19T22:56:29.604Z",
        "_id": "6945d7770c2d200a510718ce"
      },
      {
        "teacherId": "6945d4d1aa6831f92ce919f8",
        "completed": true,
        "completedAt": "2025-12-19T22:54:10.389Z",
        "completedSem1": true,
        "completedAtSem1": "2025-12-19T22:54:10.389Z",
        "completedSem2": true,
        "completedAtSem2": "2025-12-19T22:56:18.696Z",
        "_id": "6945d7920c2d200a510719b4"
      }
    ],
    "templateVersion": 1,
    "completedAt": "2025-12-19T22:54:10.389Z",
    "completedAtSem1": "2025-12-19T22:54:10.389Z",
    "completedBy": "6945d4d1aa6831f92ce919f8",
    "completedAtSem2": "2025-12-19T22:56:29.604Z"
  },
  {
    "_id": "6946d26c993c4519b40a905e",
    "templateId": "6945d690aa6831f92ce91deb",
    "templateVersion": 1,
    "studentId": "6946d26c993c4519b40a9050",
    "completionSchoolYearId": "6945d7460c2d200a510717b9",
    "assignedTeachers": [
      "6945d4beaa6831f92ce919e5",
      "6945d4d1aa6831f92ce919f8",
      "6945d4caaa6831f92ce919ef"
    ],
    "status": "draft",
    "assignedAt": "2025-12-20T16:46:31.966Z",
    "assignedBy": "6930bb7ce1d9875b43a0b096",
    "isCompleted": false,
    "isCompletedSem1": false,
    "isCompletedSem2": false,
    "teacherCompletions": [],
    "__v": 0,
    "completedAt": null,
    "completedAtSem1": null,
    "completedBy": null,
    "completedAtSem2": null,
    "data": {
      "signatures": [
        {
          "type": "end_of_year",
          "signedAt": "2025-12-20T16:46:12.712Z",
          "subAdminId": "6945d4e8aa6831f92ce91a5e",
          "schoolYearId": "6945d7460c2d200a510717b9",
          "schoolYearName": "2026/2027",
          "level": "PS"
        }
      ],
      "promotions": [
        {
          "from": "PS",
          "to": "MS",
          "date": "2025-12-20T16:46:14.436Z",
          "year": "2025/2026",
          "class": "PS A",
          "by": "6945d4e8aa6831f92ce91a5e"
        }
      ]
    }
  }
]