[
  {
    "_id": "6945d7980c2d200a51071a0d",
    "templateAssignmentId": "6945d69708687cb5c9c35a9f",
    "subAdminId": "6945d4e8aa6831f92ce91a5e",
    "signedAt": "2025-12-19T22:54:16.309Z",
    "status": "signed",
    "type": "standard",
    "level": "PS",
    "__v": 0
  },
  {
    "_id": "6945d8230c2d200a51071c3c",
    "templateAssignmentId": "6945d69708687cb5c9c35a9f",
    "subAdminId": "6945d4e8aa6831f92ce91a5e",
    "signedAt": "2025-12-19T22:56:35.839Z",
    "status": "signed",
    "type": "end_of_year",
    "level": "PS",
    "__v": 0
  },
  {
    "_id": "6946d2b5cd6c42bd34135ed9",
    "templateAssignmentId": "6946d26c993c4519b40a905e",
    "subAdminId": "6945d4e8aa6831f92ce91a5e",
    "signedAt": "2025-12-20T16:45:41.147Z",
    "status": "signed",
    "type": "standard",
    "level": "PS",
    "__v": 0
  },
  {
    "_id": "6946d2d4cd6c42bd34136016",
    "templateAssignmentId": "6946d26c993c4519b40a905e",
    "subAdminId": "6945d4e8aa6831f92ce91a5e",
    "signedAt": "2025-12-20T16:46:12.711Z",
    "status": "signed",
    "type": "end_of_year",
    "level": "PS",
    "__v": 0
  }
]