[
  {
    "_id": "6995910763b8236691b8f9d6",
    "teacherId": "699560df8e07f416331eeb39",
    "subAdminId": "699590ff5ccbc7fe77feee33",
    "__v": 0,
    "assignedAt": "2026-02-18T10:14:31.607Z",
    "assignedBy": "69955b918e07f416331e7f37"
  },
  {
    "_id": "6995910763b8236691b8f9d7",
    "teacherId": "699560df8e07f416331eeb3e",
    "subAdminId": "699590ff5ccbc7fe77feee33",
    "__v": 0,
    "assignedAt": "2026-02-18T10:14:31.609Z",
    "assignedBy": "69955b918e07f416331e7f37"
  },
  {
    "_id": "6995910763b8236691b8f9d8",
    "subAdminId": "699590ff5ccbc7fe77feee33",
    "teacherId": "699560df8e07f416331eeb6c",
    "__v": 0,
    "assignedAt": "2026-02-18T10:14:31.611Z",
    "assignedBy": "69955b918e07f416331e7f37"
  },
  {
    "_id": "6995910763b8236691b8f9d9",
    "teacherId": "699560df8e07f416331eeb40",
    "subAdminId": "699590ff5ccbc7fe77feee33",
    "__v": 0,
    "assignedAt": "2026-02-18T10:14:31.613Z",
    "assignedBy": "69955b918e07f416331e7f37"
  },
  {
    "_id": "6995910763b8236691b8f9da",
    "subAdminId": "699590ff5ccbc7fe77feee33",
    "teacherId": "699560df8e07f416331eeb6e",
    "__v": 0,
    "assignedAt": "2026-02-18T10:14:31.614Z",
    "assignedBy": "69955b918e07f416331e7f37"
  },
  {
    "_id": "6995910763b8236691b8f9db",
    "teacherId": "699560df8e07f416331eeb70",
    "subAdminId": "699590ff5ccbc7fe77feee33",
    "__v": 0,
    "assignedAt": "2026-02-18T10:14:31.616Z",
    "assignedBy": "69955b918e07f416331e7f37"
  },
  {
    "_id": "6995910763b8236691b8f9dc",
    "subAdminId": "699590ff5ccbc7fe77feee33",
    "teacherId": "699560df8e07f416331eeb72",
    "__v": 0,
    "assignedAt": "2026-02-18T10:14:34.234Z",
    "assignedBy": "69955b918e07f416331e7f37"
  },
  {
    "_id": "6995910763b8236691b8f9dd",
    "teacherId": "699560df8e07f416331eeb86",
    "subAdminId": "699590ff5ccbc7fe77feee33",
    "__v": 0,
    "assignedAt": "2026-02-18T10:14:34.237Z",
    "assignedBy": "69955b918e07f416331e7f37"
  },
  {
    "_id": "6995910763b8236691b8f9de",
    "subAdminId": "699590ff5ccbc7fe77feee33",
    "teacherId": "699560df8e07f416331eeba5",
    "__v": 0,
    "assignedAt": "2026-02-18T10:14:31.621Z",
    "assignedBy": "69955b918e07f416331e7f37"
  },
  {
    "_id": "6995910763b8236691b8f9df",
    "teacherId": "699560df8e07f416331eebcb",
    "subAdminId": "699590ff5ccbc7fe77feee33",
    "__v": 0,
    "assignedAt": "2026-02-18T10:14:31.622Z",
    "assignedBy": "69955b918e07f416331e7f37"
  },
  {
    "_id": "6995910763b8236691b8f9e0",
    "subAdminId": "699590ff5ccbc7fe77feee33",
    "teacherId": "699560df8e07f416331eebcd",
    "__v": 0,
    "assignedAt": "2026-02-18T10:14:31.624Z",
    "assignedBy": "69955b918e07f416331e7f37"
  },
  {
    "_id": "6995910763b8236691b8f9e1",
    "teacherId": "699560df8e07f416331eeb37",
    "subAdminId": "699590ff5ccbc7fe77feee33",
    "__v": 0,
    "assignedAt": "2026-02-18T10:14:31.625Z",
    "assignedBy": "69955b918e07f416331e7f37"
  },
  {
    "_id": "6995910763b8236691b8f9e2",
    "subAdminId": "699590ff5ccbc7fe77feee33",
    "teacherId": "699560df8e07f416331eeb3c",
    "__v": 0,
    "assignedAt": "2026-02-18T10:14:31.627Z",
    "assignedBy": "69955b918e07f416331e7f37"
  },
  {
    "_id": "6995910763b8236691b8f9e3",
    "teacherId": "699560df8e07f416331eeb59",
    "subAdminId": "699590ff5ccbc7fe77feee33",
    "__v": 0,
    "assignedAt": "2026-02-18T10:14:31.629Z",
    "assignedBy": "69955b918e07f416331e7f37"
  },
  {
    "_id": "6995910763b8236691b8f9e4",
    "subAdminId": "699590ff5ccbc7fe77feee33",
    "teacherId": "699560df8e07f416331eeb6a",
    "__v": 0,
    "assignedAt": "2026-02-18T10:14:31.630Z",
    "assignedBy": "69955b918e07f416331e7f37"
  },
  {
    "_id": "6995910763b8236691b8f9e5",
    "teacherId": "699560df8e07f416331eebab",
    "subAdminId": "699590ff5ccbc7fe77feee33",
    "__v": 0,
    "assignedAt": "2026-02-18T10:14:31.632Z",
    "assignedBy": "69955b918e07f416331e7f37"
  },
  {
    "_id": "6995910763b8236691b8f9e6",
    "subAdminId": "699590ff5ccbc7fe77feee33",
    "teacherId": "69956e7a8e07f416331f7dc6",
    "__v": 0,
    "assignedAt": "2026-02-18T10:14:34.260Z",
    "assignedBy": "69955b918e07f416331e7f37"
  },
  {
    "_id": "6995910a63b8236691b8f9e8",
    "teacherId": "699560df8e07f416331eeb07",
    "subAdminId": "699590ff5ccbc7fe77feee33",
    "__v": 0,
    "assignedAt": "2026-02-18T10:14:34.224Z",
    "assignedBy": "69955b918e07f416331e7f37"
  },
  {
    "_id": "6995910a63b8236691b8f9e9",
    "subAdminId": "699590ff5ccbc7fe77feee33",
    "teacherId": "699560df8e07f416331eeb09",
    "__v": 0,
    "assignedAt": "2026-02-18T10:14:34.227Z",
    "assignedBy": "69955b918e07f416331e7f37"
  },
  {
    "_id": "6995910a63b8236691b8f9ea",
    "teacherId": "699560df8e07f416331eeb0d",
    "subAdminId": "699590ff5ccbc7fe77feee33",
    "__v": 0,
    "assignedAt": "2026-02-18T10:14:34.230Z",
    "assignedBy": "69955b918e07f416331e7f37"
  },
  {
    "_id": "6995910a63b8236691b8f9eb",
    "subAdminId": "699590ff5ccbc7fe77feee33",
    "teacherId": "699560df8e07f416331eeb32",
    "__v": 0,
    "assignedAt": "2026-02-18T10:14:34.232Z",
    "assignedBy": "69955b918e07f416331e7f37"
  },
  {
    "_id": "6995910a63b8236691b8f9ec",
    "teacherId": "699560df8e07f416331eeb9c",
    "subAdminId": "699590ff5ccbc7fe77feee33",
    "__v": 0,
    "assignedAt": "2026-02-18T10:14:34.240Z",
    "assignedBy": "69955b918e07f416331e7f37"
  },
  {
    "_id": "6995910a63b8236691b8f9ed",
    "subAdminId": "699590ff5ccbc7fe77feee33",
    "teacherId": "699560df8e07f416331eeba2",
    "__v": 0,
    "assignedAt": "2026-02-18T10:14:34.242Z",
    "assignedBy": "69955b918e07f416331e7f37"
  },
  {
    "_id": "6995910a63b8236691b8f9ee",
    "teacherId": "699560df8e07f416331eebcf",
    "subAdminId": "699590ff5ccbc7fe77feee33",
    "__v": 0,
    "assignedAt": "2026-02-18T10:14:34.244Z",
    "assignedBy": "69955b918e07f416331e7f37"
  },
  {
    "_id": "6995910a63b8236691b8f9ef",
    "subAdminId": "699590ff5ccbc7fe77feee33",
    "teacherId": "699560df8e07f416331eebd1",
    "__v": 0,
    "assignedAt": "2026-02-18T10:14:34.246Z",
    "assignedBy": "69955b918e07f416331e7f37"
  },
  {
    "_id": "6995910a63b8236691b8f9f0",
    "teacherId": "699560df8e07f416331eebd9",
    "subAdminId": "699590ff5ccbc7fe77feee33",
    "__v": 0,
    "assignedAt": "2026-02-18T10:14:34.248Z",
    "assignedBy": "69955b918e07f416331e7f37"
  },
  {
    "_id": "6995910a63b8236691b8f9f1",
    "subAdminId": "699590ff5ccbc7fe77feee33",
    "teacherId": "699560df8e07f416331eebdb",
    "__v": 0,
    "assignedAt": "2026-02-18T10:14:34.250Z",
    "assignedBy": "69955b918e07f416331e7f37"
  },
  {
    "_id": "6995910a63b8236691b8f9f2",
    "teacherId": "699560df8e07f416331eebee",
    "subAdminId": "699590ff5ccbc7fe77feee33",
    "__v": 0,
    "assignedAt": "2026-02-18T10:14:34.251Z",
    "assignedBy": "69955b918e07f416331e7f37"
  },
  {
    "_id": "6995910a63b8236691b8f9f3",
    "subAdminId": "699590ff5ccbc7fe77feee33",
    "teacherId": "699560df8e07f416331eeb05",
    "__v": 0,
    "assignedAt": "2026-02-18T10:14:34.253Z",
    "assignedBy": "69955b918e07f416331e7f37"
  },
  {
    "_id": "6995910a63b8236691b8f9f4",
    "teacherId": "699560df8e07f416331eeb0f",
    "subAdminId": "699590ff5ccbc7fe77feee33",
    "__v": 0,
    "assignedAt": "2026-02-18T10:14:34.255Z",
    "assignedBy": "69955b918e07f416331e7f37"
  },
  {
    "_id": "6995910a63b8236691b8f9f5",
    "subAdminId": "699590ff5ccbc7fe77feee33",
    "teacherId": "699560df8e07f416331eeb9e",
    "__v": 0,
    "assignedAt": "2026-02-18T10:14:34.257Z",
    "assignedBy": "69955b918e07f416331e7f37"
  },
  {
    "_id": "6995910a63b8236691b8f9f6",
    "teacherId": "699560df8e07f416331eeba0",
    "subAdminId": "699590ff5ccbc7fe77feee33",
    "__v": 0,
    "assignedAt": "2026-02-18T10:14:34.258Z",
    "assignedBy": "69955b918e07f416331e7f37"
  }
]