{
  "name": "Imported PPTX (copie)",
  "pages": [
    {
      "title": "Slide 1",
      "layout": "single",
      "excludeFromPdf": false,
      "blocks": [
        {
          "type": "language_toggle",
          "props": {
            "radius": 40,
            "spacing": 12,
            "items": [
              {
                "code": "en",
                "label": "English",
                "logo": "https://upload.wikimedia.org/wikipedia/commons/a/a4/Flag_of_the_United_States.svg",
                "active": false,
                "levels": [
                  "PS"
                ]
              },
              {
                "code": "fr",
                "label": "Français",
                "logo": "https://upload.wikimedia.org/wikipedia/en/c/c3/Flag_of_France.svg",
                "active": false,
                "levels": [
                  "PS"
                ]
              },
              {
                "code": "ar",
                "label": "العربية",
                "logo": "https://upload.wikimedia.org/wikipedia/commons/5/59/Flag_of_Lebanon.svg",
                "active": false,
                "levels": [
                  "PS"
                ]
              }
            ],
            "x": 140,
            "y": 100,
            "z": 16
          },
          "_id": "692c16e9106792a8e7693cc6"
        },
        {
          "type": "language_toggle",
          "props": {
            "radius": 40,
            "spacing": 12,
            "items": [
              {
                "code": "en",
                "label": "English",
                "logo": "https://upload.wikimedia.org/wikipedia/commons/a/a4/Flag_of_the_United_States.svg",
                "active": false,
                "levels": [
                  "MS"
                ]
              },
              {
                "code": "fr",
                "label": "Français",
                "logo": "https://upload.wikimedia.org/wikipedia/en/c/c3/Flag_of_France.svg",
                "active": false,
                "levels": [
                  "MS"
                ]
              },
              {
                "code": "ar",
                "label": "العربية",
                "logo": "https://upload.wikimedia.org/wikipedia/commons/5/59/Flag_of_Lebanon.svg",
                "active": false,
                "levels": [
                  "MS"
                ]
              }
            ],
            "x": 330,
            "y": 100,
            "z": 18
          },
          "_id": "69334b6bc193954c69148451"
        },
        {
          "type": "language_toggle",
          "props": {
            "radius": 40,
            "spacing": 12,
            "items": [
              {
                "code": "en",
                "label": "English",
                "logo": "https://upload.wikimedia.org/wikipedia/commons/a/a4/Flag_of_the_United_States.svg",
                "active": false,
                "levels": [
                  "GS"
                ]
              },
              {
                "code": "fr",
                "label": "Français",
                "logo": "https://upload.wikimedia.org/wikipedia/en/c/c3/Flag_of_France.svg",
                "active": false,
                "levels": [
                  "GS"
                ]
              },
              {
                "code": "ar",
                "label": "العربية",
                "logo": "https://upload.wikimedia.org/wikipedia/commons/5/59/Flag_of_Lebanon.svg",
                "active": false,
                "levels": [
                  "GS"
                ]
              }
            ],
            "x": 490,
            "y": 80,
            "z": 20
          },
          "_id": "69334b6bc193954c69148452"
        },
        {
          "type": "dropdown",
          "props": {
            "label": "Menu déroulant",
            "options": [
              "Option 1",
              "Option 2"
            ],
            "variableName": "var1",
            "width": 200,
            "height": 40,
            "fontSize": 12,
            "color": "#333",
            "semesters": [
              1
            ],
            "x": 470,
            "y": 560,
            "z": 21,
            "dropdownNumber": 1,
            "levels": [
              "GS"
            ]
          },
          "_id": "69334e89c193954c69148d92"
        },
        {
          "type": "dropdown",
          "props": {
            "label": "Menu déroulant",
            "options": [
              "Option 1",
              "Option 2"
            ],
            "variableName": "var1",
            "width": 200,
            "height": 40,
            "fontSize": 12,
            "color": "#333",
            "semesters": [
              1
            ],
            "x": 110,
            "y": 580,
            "z": 22,
            "dropdownNumber": 2,
            "levels": [
              "MS"
            ]
          },
          "_id": "69334e89c193954c69148d93"
        },
        {
          "type": "dropdown",
          "props": {
            "label": "Menu déroulant",
            "options": [
              "Option 1",
              "Option 2"
            ],
            "variableName": "var1",
            "width": 200,
            "height": 40,
            "fontSize": 12,
            "color": "#333",
            "semesters": [
              1
            ],
            "x": 110,
            "y": 450,
            "z": 23,
            "dropdownNumber": 3,
            "levels": [
              "PS"
            ]
          },
          "_id": "69334e89c193954c69148d94"
        }
      ],
      "_id": "6920c75853ca32933c90bdbc"
    },
    {
      "title": "Slide 2",
      "layout": "single",
      "excludeFromPdf": true,
      "blocks": [
        {
          "type": "text",
          "props": {
            "text": "efsewewfwef",
            "x": 342.288597258676,
            "y": 148.0597258675999,
            "fontSize": 13,
            "color": "#000000",
            "width": 166.91805191017792
          },
          "_id": "6920c75853ca32933c90bdca"
        },
        {
          "type": "text",
          "props": {
            "text": "efsewewfwef",
            "x": 360.0663750364538,
            "y": 165.83750364537767,
            "fontSize": 13,
            "color": "#000000",
            "width": 166.91805191017792
          },
          "_id": "6920c75853ca32933c90bdcb"
        },
        {
          "type": "text",
          "props": {
            "text": "efsewewfwef",
            "x": 377.84415281423156,
            "y": 183.61528142315547,
            "fontSize": 13,
            "color": "#000000",
            "width": 166.91805191017792
          },
          "_id": "6920c75853ca32933c90bdcc"
        },
        {
          "type": "text",
          "props": {
            "text": "efsewewfwef",
            "x": 395.6219305920094,
            "y": 201.39305920093324,
            "fontSize": 13,
            "color": "#000000",
            "width": 166.91805191017792
          },
          "_id": "6920c75853ca32933c90bdcd"
        },
        {
          "type": "text",
          "props": {
            "text": "efsewewfwef",
            "x": 413.39970836978716,
            "y": 219.170836978711,
            "fontSize": 13,
            "color": "#000000",
            "width": 166.91805191017792
          },
          "_id": "6920c75853ca32933c90bdce"
        },
        {
          "type": "text",
          "props": {
            "text": "efsewewfwef",
            "x": 431.17748614756493,
            "y": 236.94861475648878,
            "fontSize": 13,
            "color": "#000000",
            "width": 166.91805191017792
          },
          "_id": "6920c75853ca32933c90bdcf"
        },
        {
          "type": "text",
          "props": {
            "text": "efsewewfwef",
            "x": 448.9552639253427,
            "y": 254.72639253426658,
            "fontSize": 13,
            "color": "#000000",
            "width": 166.91805191017792
          },
          "_id": "6920c75853ca32933c90bdd0"
        },
        {
          "type": "image",
          "props": {
            "url": "/uploads/media/imported-5ec1230e-ef93-4e2c-9030-e46581927cd1.png",
            "x": 0,
            "y": 380.46684164479444,
            "width": 800,
            "height": 394.6218722659668
          },
          "_id": "6920c75853ca32933c90bdd1"
        },
        {
          "type": "image",
          "props": {
            "url": "/uploads/media/imported-86b02905-d5b6-488d-95b5-c68effdebb2e.png",
            "x": 118.84957713619131,
            "y": 181.61131525226014,
            "width": 562.3007290755322,
            "height": 792.3328083989502
          },
          "_id": "6920c75853ca32933c90bdd2"
        },
        {
          "type": "image",
          "props": {
            "url": "/uploads/media/imported-9cf7968b-18d1-430f-84b1-dbc5c6929f6e.png",
            "x": 139.4079906678332,
            "y": 167.72050160396617,
            "width": 521.1839020122485,
            "height": 820.1144356955381
          },
          "_id": "6920c75853ca32933c90bdd3"
        },
        {
          "type": "image",
          "props": {
            "url": "/uploads/media/imported-cb2b5cd8-a007-4e7d-9ca3-1af89087b54d.png",
            "x": 212.75158938466026,
            "y": 564.9981918926801,
            "width": 374.49670457859435,
            "height": 25.559171770195395
          },
          "_id": "6920c75853ca32933c90bdd4"
        },
        {
          "type": "image",
          "props": {
            "url": "/uploads/media/imported-e738b566-d25a-49df-907b-72d022978417.png",
            "x": 49.13350831146107,
            "y": -133.91717701953922,
            "width": 605.6401283172937,
            "height": 863.4538349372996
          },
          "_id": "6920c75853ca32933c90bdd5"
        }
      ],
      "_id": "6920c75853ca32933c90bdc9"
    },
    {
      "title": "Slide 3",
      "layout": "single",
      "excludeFromPdf": false,
      "blocks": [
        {
          "type": "text",
          "props": {
            "text": "efsewewfwef",
            "x": 342.288597258676,
            "y": 148.0597258675999,
            "fontSize": 13,
            "color": "#000000",
            "width": 166.91805191017792
          },
          "_id": "6920c75853ca32933c90bdd7"
        },
        {
          "type": "text",
          "props": {
            "text": "efsewewfwef",
            "x": 360.0663750364538,
            "y": 165.83750364537767,
            "fontSize": 13,
            "color": "#000000",
            "width": 166.91805191017792
          },
          "_id": "6920c75853ca32933c90bdd8"
        },
        {
          "type": "text",
          "props": {
            "text": "efsewewfwef",
            "x": 377.84415281423156,
            "y": 183.61528142315547,
            "fontSize": 13,
            "color": "#000000",
            "width": 166.91805191017792
          },
          "_id": "6920c75853ca32933c90bdd9"
        },
        {
          "type": "text",
          "props": {
            "text": "efsewewfwef",
            "x": 395.6219305920094,
            "y": 201.39305920093324,
            "fontSize": 13,
            "color": "#000000",
            "width": 166.91805191017792
          },
          "_id": "6920c75853ca32933c90bdda"
        },
        {
          "type": "text",
          "props": {
            "text": "efsewewfwef",
            "x": 413.39970836978716,
            "y": 219.170836978711,
            "fontSize": 13,
            "color": "#000000",
            "width": 166.91805191017792
          },
          "_id": "6920c75853ca32933c90bddb"
        },
        {
          "type": "text",
          "props": {
            "text": "efsewewfwef",
            "x": 431.17748614756493,
            "y": 236.94861475648878,
            "fontSize": 13,
            "color": "#000000",
            "width": 166.91805191017792
          },
          "_id": "6920c75853ca32933c90bddc"
        },
        {
          "type": "text",
          "props": {
            "text": "efsewewfwef",
            "x": 448.9552639253427,
            "y": 254.72639253426658,
            "fontSize": 13,
            "color": "#000000",
            "width": 166.91805191017792
          },
          "_id": "6920c75853ca32933c90bddd"
        },
        {
          "type": "image",
          "props": {
            "url": "/uploads/media/imported-80a965e9-7698-42ba-95dc-59434dba3326.png",
            "x": 10,
            "y": 250,
            "width": 800,
            "height": 394.6218722659668
          },
          "_id": "6920c75853ca32933c90bdde"
        },
        {
          "type": "image",
          "props": {
            "url": "/uploads/media/imported-23a7babc-6369-45db-956e-fae687fbc763.png",
            "x": 118.84957713619131,
            "y": 181.61131525226014,
            "width": 562.3007290755322,
            "height": 792.3328083989502
          },
          "_id": "6920c75853ca32933c90bddf"
        },
        {
          "type": "image",
          "props": {
            "url": "/uploads/media/imported-55c013ca-4798-42c5-8c79-287db6b9db28.png",
            "x": 80,
            "y": 100,
            "width": 521.1839020122485,
            "height": 820.1144356955381
          },
          "_id": "6920c75853ca32933c90bde0"
        },
        {
          "type": "image",
          "props": {
            "url": "/uploads/media/imported-0868ec99-2fa9-4ddb-8c06-1a29d0ce33f3.png",
            "x": 212.75158938466026,
            "y": 564.9981918926801,
            "width": 374.49670457859435,
            "height": 25.559171770195395
          },
          "_id": "6920c75853ca32933c90bde1"
        },
        {
          "type": "image",
          "props": {
            "url": "/uploads/media/imported-5178f1f5-c7d1-4c7b-8be8-1388ad9fc8b5.png",
            "x": 240,
            "y": 430,
            "width": 605.6401283172937,
            "height": 863.4538349372996
          },
          "_id": "6920c75853ca32933c90bde2"
        }
      ],
      "_id": "6920c75853ca32933c90bdd6"
    }
  ],
  "status": "draft",
  "permissions": {
    "roles": [
      "ADMIN",
      "SUBADMIN"
    ]
  },
  "versions": [],
  "comments": [],
  "currentVersion": 2,
  "versionHistory": [
    {
      "version": 1,
      "pages": [
        {
          "title": "Slide 1",
          "layout": "single",
          "excludeFromPdf": false,
          "blocks": [
            {
              "type": "text",
              "props": {
                "text": "efsewewfwef",
                "x": 342.288597258676,
                "y": 148.0597258675999,
                "fontSize": 13,
                "color": "#000000",
                "width": 166.91805191017792
              },
              "_id": "6920c75853ca32933c90bdbd"
            },
            {
              "type": "text",
              "props": {
                "text": "efsewewfwef",
                "x": 360.0663750364538,
                "y": 165.83750364537767,
                "fontSize": 13,
                "color": "#000000",
                "width": 166.91805191017792
              },
              "_id": "6920c75853ca32933c90bdbe"
            },
            {
              "type": "text",
              "props": {
                "text": "efsewewfwef",
                "x": 377.84415281423156,
                "y": 183.61528142315547,
                "fontSize": 13,
                "color": "#000000",
                "width": 166.91805191017792
              },
              "_id": "6920c75853ca32933c90bdbf"
            },
            {
              "type": "text",
              "props": {
                "text": "efsewewfwef",
                "x": 395.6219305920094,
                "y": 201.39305920093324,
                "fontSize": 13,
                "color": "#000000",
                "width": 166.91805191017792
              },
              "_id": "6920c75853ca32933c90bdc0"
            },
            {
              "type": "text",
              "props": {
                "text": "efsewewfwef",
                "x": 413.39970836978716,
                "y": 219.170836978711,
                "fontSize": 13,
                "color": "#000000",
                "width": 166.91805191017792
              },
              "_id": "6920c75853ca32933c90bdc1"
            },
            {
              "type": "text",
              "props": {
                "text": "efsewewfwef",
                "x": 431.17748614756493,
                "y": 236.94861475648878,
                "fontSize": 13,
                "color": "#000000",
                "width": 166.91805191017792
              },
              "_id": "6920c75853ca32933c90bdc2"
            },
            {
              "type": "text",
              "props": {
                "text": "efsewewfwef",
                "x": 448.9552639253427,
                "y": 254.72639253426658,
                "fontSize": 13,
                "color": "#000000",
                "width": 166.91805191017792
              },
              "_id": "6920c75853ca32933c90bdc3"
            },
            {
              "type": "signature_box",
              "props": {
                "width": 200,
                "height": 80,
                "label": "Signature Sous-Admin",
                "x": 60,
                "y": 50,
                "z": 1
              },
              "_id": "6929e32de358ca0ef47a331b"
            },
            {
              "type": "language_toggle",
              "props": {
                "radius": 40,
                "spacing": 12,
                "items": [
                  {
                    "code": "en",
                    "label": "English",
                    "logo": "https://upload.wikimedia.org/wikipedia/commons/a/a4/Flag_of_the_United_States.svg",
                    "active": false,
                    "levels": [
                      "GS"
                    ]
                  },
                  {
                    "code": "fr",
                    "label": "Français",
                    "logo": "https://upload.wikimedia.org/wikipedia/en/c/c3/Flag_of_France.svg",
                    "active": false,
                    "levels": [
                      "GS"
                    ]
                  },
                  {
                    "code": "ar",
                    "label": "العربية",
                    "logo": "https://upload.wikimedia.org/wikipedia/commons/5/59/Flag_of_Lebanon.svg",
                    "active": false,
                    "levels": [
                      "GS"
                    ]
                  }
                ],
                "x": 640,
                "y": 70,
                "z": 2
              },
              "_id": "6929e32de358ca0ef47a331c"
            },
            {
              "type": "language_toggle",
              "props": {
                "radius": 40,
                "spacing": 12,
                "items": [
                  {
                    "code": "fr",
                    "label": "Français",
                    "logo": "https://upload.wikimedia.org/wikipedia/en/c/c3/Flag_of_France.svg",
                    "active": false,
                    "levels": [
                      "PS"
                    ]
                  }
                ],
                "x": 120,
                "y": 190,
                "z": 3
              },
              "_id": "6929e32de358ca0ef47a331d"
            },
            {
              "type": "language_toggle",
              "props": {
                "radius": 40,
                "spacing": 12,
                "items": [
                  {
                    "code": "en",
                    "label": "English",
                    "logo": "https://upload.wikimedia.org/wikipedia/commons/a/a4/Flag_of_the_United_States.svg",
                    "active": false
                  },
                  {
                    "code": "ar",
                    "label": "العربية",
                    "logo": "https://upload.wikimedia.org/wikipedia/commons/5/59/Flag_of_Lebanon.svg",
                    "active": false,
                    "levels": [
                      "MS"
                    ]
                  }
                ],
                "x": 280,
                "y": 150,
                "z": 4
              },
              "_id": "6929e32de358ca0ef47a331e"
            },
            {
              "type": "dynamic_text",
              "props": {
                "text": "{student.firstName} {student.lastName}",
                "fontSize": 14,
                "color": "#2d3436",
                "x": 320,
                "y": 70,
                "z": 6
              },
              "_id": "6929e32de358ca0ef47a3320"
            },
            {
              "type": "table",
              "props": {
                "x": 420,
                "y": 430,
                "columnWidths": [
                  120,
                  160
                ],
                "rowHeights": [
                  86,
                  40
                ],
                "cells": [
                  [
                    {
                      "text": "A1",
                      "fontSize": 12,
                      "color": "#000",
                      "fill": "#fff",
                      "borders": {
                        "l": {
                          "color": "#000",
                          "width": 1
                        },
                        "r": {
                          "color": "#000",
                          "width": 1
                        },
                        "t": {
                          "color": "#000",
                          "width": 1
                        },
                        "b": {
                          "color": "#000",
                          "width": 1
                        }
                      }
                    },
                    {
                      "text": "B1",
                      "fontSize": 12,
                      "color": "#000",
                      "fill": "#fff",
                      "borders": {
                        "l": {
                          "color": "#000",
                          "width": 1
                        },
                        "r": {
                          "color": "#000",
                          "width": 1
                        },
                        "t": {
                          "color": "#000",
                          "width": 1
                        },
                        "b": {
                          "color": "#000",
                          "width": 1
                        }
                      }
                    }
                  ],
                  [
                    {
                      "text": "A2",
                      "fontSize": 12,
                      "color": "#000",
                      "fill": "#fff",
                      "borders": {
                        "l": {
                          "color": "#000",
                          "width": 1
                        },
                        "r": {
                          "color": "#000",
                          "width": 1
                        },
                        "t": {
                          "color": "#000",
                          "width": 1
                        },
                        "b": {
                          "color": "#000",
                          "width": 1
                        }
                      }
                    },
                    {
                      "text": "B2",
                      "fontSize": 12,
                      "color": "#000",
                      "fill": "#fff",
                      "borders": {
                        "l": {
                          "color": "#000",
                          "width": 1
                        },
                        "r": {
                          "color": "#000",
                          "width": 1
                        },
                        "t": {
                          "color": "#000",
                          "width": 1
                        },
                        "b": {
                          "color": "#000",
                          "width": 1
                        }
                      }
                    }
                  ]
                ],
                "z": 7
              },
              "_id": "6929e32de358ca0ef47a3321"
            },
            {
              "type": "category_title",
              "props": {
                "categoryId": "",
                "fontSize": 16,
                "color": "#6c5ce7",
                "x": 220,
                "y": 430,
                "z": 9
              },
              "_id": "6929e32de358ca0ef47a3323"
            },
            {
              "type": "dropdown",
              "props": {
                "label": "Menu déroulant",
                "options": [
                  "The dropdown is working, but when I open it, the items inside are not displaying properly. If an item has a long name, it stays on one very long line instead of wrapping or adjusting its size. Because of this, the full text isn’t visible, and it becomes difficult to select the correct option. I want the control to stay as a dropdown, but the items inside should display correctly even when the text is long.The dropdown is working, but when I open it, the items inside are not displaying properly. If an item has a long name, it stays on one very long line instead of wrapping or adjusting its size. Because of this, the full text isn’t visible, and it becomes difficult to select the correct option. I want the control to stay as a dropdown, but the items inside should display correctly even when the text is long.The dropdown is working, but when I open it, the items inside are not displaying properly. If an item has a long name, it stays on one very long line instead of wrapping or adjusting its size. Because of this, the full text isn’t visible, and it becomes difficult to select the correct option. I want the control to stay as a dropdown, but the items inside should display correctly even when the text is long.The dropdown is working, but when I open it, the items inside are not displaying properly. If an item has a long name, it stays on one very long line instead of wrapping or adjusting its size. Because of this, the full text isn’t visible, and it becomes difficult to select the correct option. I want the control to stay as a dropdown, but the items inside should display correctly even when the text is long.",
                  "The dropdown is working, but when I openThe dropdown is working, but when I openThe dropdown is working, but when I openThe dropdown is working, but when I openThe dropdown is working, but when I openThe dropdown is working, but when I open"
                ],
                "variableName": "var1",
                "width": 650,
                "height": 40,
                "fontSize": 12,
                "color": "#333",
                "x": 60,
                "y": 870,
                "z": 10,
                "dropdownNumber": 1
              },
              "_id": "6929e982d5b4df3098a5760b"
            },
            {
              "type": "dropdown_reference",
              "props": {
                "dropdownNumber": 1,
                "text": "Référence dropdown #{number}",
                "fontSize": 12,
                "color": "#2d3436",
                "x": 40,
                "y": 1010,
                "z": 11,
                "width": 650
              },
              "_id": "6929ec4dd5b4df3098a5799b"
            },
            {
              "type": "language_toggle",
              "props": {
                "radius": 40,
                "spacing": 12,
                "items": [
                  {
                    "code": "en",
                    "label": "English",
                    "logo": "https://upload.wikimedia.org/wikipedia/commons/a/a4/Flag_of_the_United_States.svg",
                    "active": false,
                    "levels": [
                      "MS"
                    ]
                  },
                  {
                    "code": "fr",
                    "label": "Français",
                    "logo": "https://upload.wikimedia.org/wikipedia/en/c/c3/Flag_of_France.svg",
                    "active": false,
                    "levels": [
                      "MS"
                    ]
                  },
                  {
                    "code": "ar",
                    "label": "العربية",
                    "logo": "https://upload.wikimedia.org/wikipedia/commons/5/59/Flag_of_Lebanon.svg",
                    "active": false,
                    "levels": [
                      "MS"
                    ]
                  }
                ],
                "x": 80,
                "y": 420,
                "z": 12
              },
              "_id": "692c16e9106792a8e7693cc2"
            },
            {
              "type": "language_toggle",
              "props": {
                "radius": 40,
                "spacing": 12,
                "items": [
                  {
                    "code": "en",
                    "label": "English",
                    "logo": "https://upload.wikimedia.org/wikipedia/commons/a/a4/Flag_of_the_United_States.svg",
                    "active": false,
                    "levels": [
                      "PS"
                    ]
                  },
                  {
                    "code": "fr",
                    "label": "Français",
                    "logo": "https://upload.wikimedia.org/wikipedia/en/c/c3/Flag_of_France.svg",
                    "active": false,
                    "levels": [
                      "PS"
                    ]
                  },
                  {
                    "code": "ar",
                    "label": "العربية",
                    "logo": "https://upload.wikimedia.org/wikipedia/commons/5/59/Flag_of_Lebanon.svg",
                    "active": false,
                    "levels": [
                      "PS"
                    ]
                  }
                ],
                "x": 280,
                "y": 410,
                "z": 13
              },
              "_id": "692c16e9106792a8e7693cc3"
            },
            {
              "type": "language_toggle",
              "props": {
                "radius": 40,
                "spacing": 12,
                "items": [
                  {
                    "code": "en",
                    "label": "English",
                    "logo": "https://upload.wikimedia.org/wikipedia/commons/a/a4/Flag_of_the_United_States.svg",
                    "active": false,
                    "levels": [
                      "PS"
                    ]
                  },
                  {
                    "code": "fr",
                    "label": "Français",
                    "logo": "https://upload.wikimedia.org/wikipedia/en/c/c3/Flag_of_France.svg",
                    "active": false,
                    "levels": [
                      "MS"
                    ]
                  },
                  {
                    "code": "ar",
                    "label": "العربية",
                    "logo": "https://upload.wikimedia.org/wikipedia/commons/5/59/Flag_of_Lebanon.svg",
                    "active": false,
                    "levels": [
                      "GS"
                    ]
                  }
                ],
                "x": 80,
                "y": 730,
                "z": 14
              },
              "_id": "692c16e9106792a8e7693cc4"
            },
            {
              "type": "language_toggle",
              "props": {
                "radius": 40,
                "spacing": 12,
                "items": [
                  {
                    "code": "en",
                    "label": "English",
                    "logo": "https://upload.wikimedia.org/wikipedia/commons/a/a4/Flag_of_the_United_States.svg",
                    "active": false,
                    "levels": [
                      "MS"
                    ]
                  },
                  {
                    "code": "fr",
                    "label": "Français",
                    "logo": "https://upload.wikimedia.org/wikipedia/en/c/c3/Flag_of_France.svg",
                    "active": false,
                    "levels": [
                      "GS"
                    ]
                  },
                  {
                    "code": "ar",
                    "label": "العربية",
                    "logo": "https://upload.wikimedia.org/wikipedia/commons/5/59/Flag_of_Lebanon.svg",
                    "active": false,
                    "levels": [
                      "PS"
                    ]
                  }
                ],
                "x": 290,
                "y": 760,
                "z": 15
              },
              "_id": "692c16e9106792a8e7693cc5"
            },
            {
              "type": "language_toggle",
              "props": {
                "radius": 40,
                "spacing": 12,
                "items": [
                  {
                    "code": "en",
                    "label": "English",
                    "logo": "https://upload.wikimedia.org/wikipedia/commons/a/a4/Flag_of_the_United_States.svg",
                    "active": false,
                    "levels": [
                      "PS"
                    ]
                  },
                  {
                    "code": "fr",
                    "label": "Français",
                    "logo": "https://upload.wikimedia.org/wikipedia/en/c/c3/Flag_of_France.svg",
                    "active": false,
                    "levels": [
                      "PS"
                    ]
                  },
                  {
                    "code": "ar",
                    "label": "العربية",
                    "logo": "https://upload.wikimedia.org/wikipedia/commons/5/59/Flag_of_Lebanon.svg",
                    "active": false,
                    "levels": [
                      "PS"
                    ]
                  }
                ],
                "x": 480,
                "y": 790,
                "z": 16
              },
              "_id": "692c16e9106792a8e7693cc6"
            }
          ],
          "_id": "6920c75853ca32933c90bdbc"
        },
        {
          "title": "Slide 2",
          "layout": "single",
          "excludeFromPdf": true,
          "blocks": [
            {
              "type": "text",
              "props": {
                "text": "efsewewfwef",
                "x": 342.288597258676,
                "y": 148.0597258675999,
                "fontSize": 13,
                "color": "#000000",
                "width": 166.91805191017792
              },
              "_id": "6920c75853ca32933c90bdca"
            },
            {
              "type": "text",
              "props": {
                "text": "efsewewfwef",
                "x": 360.0663750364538,
                "y": 165.83750364537767,
                "fontSize": 13,
                "color": "#000000",
                "width": 166.91805191017792
              },
              "_id": "6920c75853ca32933c90bdcb"
            },
            {
              "type": "text",
              "props": {
                "text": "efsewewfwef",
                "x": 377.84415281423156,
                "y": 183.61528142315547,
                "fontSize": 13,
                "color": "#000000",
                "width": 166.91805191017792
              },
              "_id": "6920c75853ca32933c90bdcc"
            },
            {
              "type": "text",
              "props": {
                "text": "efsewewfwef",
                "x": 395.6219305920094,
                "y": 201.39305920093324,
                "fontSize": 13,
                "color": "#000000",
                "width": 166.91805191017792
              },
              "_id": "6920c75853ca32933c90bdcd"
            },
            {
              "type": "text",
              "props": {
                "text": "efsewewfwef",
                "x": 413.39970836978716,
                "y": 219.170836978711,
                "fontSize": 13,
                "color": "#000000",
                "width": 166.91805191017792
              },
              "_id": "6920c75853ca32933c90bdce"
            },
            {
              "type": "text",
              "props": {
                "text": "efsewewfwef",
                "x": 431.17748614756493,
                "y": 236.94861475648878,
                "fontSize": 13,
                "color": "#000000",
                "width": 166.91805191017792
              },
              "_id": "6920c75853ca32933c90bdcf"
            },
            {
              "type": "text",
              "props": {
                "text": "efsewewfwef",
                "x": 448.9552639253427,
                "y": 254.72639253426658,
                "fontSize": 13,
                "color": "#000000",
                "width": 166.91805191017792
              },
              "_id": "6920c75853ca32933c90bdd0"
            },
            {
              "type": "image",
              "props": {
                "url": "/uploads/media/imported-5ec1230e-ef93-4e2c-9030-e46581927cd1.png",
                "x": 0,
                "y": 380.46684164479444,
                "width": 800,
                "height": 394.6218722659668
              },
              "_id": "6920c75853ca32933c90bdd1"
            },
            {
              "type": "image",
              "props": {
                "url": "/uploads/media/imported-86b02905-d5b6-488d-95b5-c68effdebb2e.png",
                "x": 118.84957713619131,
                "y": 181.61131525226014,
                "width": 562.3007290755322,
                "height": 792.3328083989502
              },
              "_id": "6920c75853ca32933c90bdd2"
            },
            {
              "type": "image",
              "props": {
                "url": "/uploads/media/imported-9cf7968b-18d1-430f-84b1-dbc5c6929f6e.png",
                "x": 139.4079906678332,
                "y": 167.72050160396617,
                "width": 521.1839020122485,
                "height": 820.1144356955381
              },
              "_id": "6920c75853ca32933c90bdd3"
            },
            {
              "type": "image",
              "props": {
                "url": "/uploads/media/imported-cb2b5cd8-a007-4e7d-9ca3-1af89087b54d.png",
                "x": 212.75158938466026,
                "y": 564.9981918926801,
                "width": 374.49670457859435,
                "height": 25.559171770195395
              },
              "_id": "6920c75853ca32933c90bdd4"
            },
            {
              "type": "image",
              "props": {
                "url": "/uploads/media/imported-e738b566-d25a-49df-907b-72d022978417.png",
                "x": 49.13350831146107,
                "y": -133.91717701953922,
                "width": 605.6401283172937,
                "height": 863.4538349372996
              },
              "_id": "6920c75853ca32933c90bdd5"
            }
          ],
          "_id": "6920c75853ca32933c90bdc9"
        },
        {
          "title": "Slide 3",
          "layout": "single",
          "excludeFromPdf": false,
          "blocks": [
            {
              "type": "text",
              "props": {
                "text": "efsewewfwef",
                "x": 342.288597258676,
                "y": 148.0597258675999,
                "fontSize": 13,
                "color": "#000000",
                "width": 166.91805191017792
              },
              "_id": "6920c75853ca32933c90bdd7"
            },
            {
              "type": "text",
              "props": {
                "text": "efsewewfwef",
                "x": 360.0663750364538,
                "y": 165.83750364537767,
                "fontSize": 13,
                "color": "#000000",
                "width": 166.91805191017792
              },
              "_id": "6920c75853ca32933c90bdd8"
            },
            {
              "type": "text",
              "props": {
                "text": "efsewewfwef",
                "x": 377.84415281423156,
                "y": 183.61528142315547,
                "fontSize": 13,
                "color": "#000000",
                "width": 166.91805191017792
              },
              "_id": "6920c75853ca32933c90bdd9"
            },
            {
              "type": "text",
              "props": {
                "text": "efsewewfwef",
                "x": 395.6219305920094,
                "y": 201.39305920093324,
                "fontSize": 13,
                "color": "#000000",
                "width": 166.91805191017792
              },
              "_id": "6920c75853ca32933c90bdda"
            },
            {
              "type": "text",
              "props": {
                "text": "efsewewfwef",
                "x": 413.39970836978716,
                "y": 219.170836978711,
                "fontSize": 13,
                "color": "#000000",
                "width": 166.91805191017792
              },
              "_id": "6920c75853ca32933c90bddb"
            },
            {
              "type": "text",
              "props": {
                "text": "efsewewfwef",
                "x": 431.17748614756493,
                "y": 236.94861475648878,
                "fontSize": 13,
                "color": "#000000",
                "width": 166.91805191017792
              },
              "_id": "6920c75853ca32933c90bddc"
            },
            {
              "type": "text",
              "props": {
                "text": "efsewewfwef",
                "x": 448.9552639253427,
                "y": 254.72639253426658,
                "fontSize": 13,
                "color": "#000000",
                "width": 166.91805191017792
              },
              "_id": "6920c75853ca32933c90bddd"
            },
            {
              "type": "image",
              "props": {
                "url": "/uploads/media/imported-80a965e9-7698-42ba-95dc-59434dba3326.png",
                "x": 10,
                "y": 250,
                "width": 800,
                "height": 394.6218722659668
              },
              "_id": "6920c75853ca32933c90bdde"
            },
            {
              "type": "image",
              "props": {
                "url": "/uploads/media/imported-23a7babc-6369-45db-956e-fae687fbc763.png",
                "x": 118.84957713619131,
                "y": 181.61131525226014,
                "width": 562.3007290755322,
                "height": 792.3328083989502
              },
              "_id": "6920c75853ca32933c90bddf"
            },
            {
              "type": "image",
              "props": {
                "url": "/uploads/media/imported-55c013ca-4798-42c5-8c79-287db6b9db28.png",
                "x": 80,
                "y": 100,
                "width": 521.1839020122485,
                "height": 820.1144356955381
              },
              "_id": "6920c75853ca32933c90bde0"
            },
            {
              "type": "image",
              "props": {
                "url": "/uploads/media/imported-0868ec99-2fa9-4ddb-8c06-1a29d0ce33f3.png",
                "x": 212.75158938466026,
                "y": 564.9981918926801,
                "width": 374.49670457859435,
                "height": 25.559171770195395
              },
              "_id": "6920c75853ca32933c90bde1"
            },
            {
              "type": "image",
              "props": {
                "url": "/uploads/media/imported-5178f1f5-c7d1-4c7b-8be8-1388ad9fc8b5.png",
                "x": 240,
                "y": 430,
                "width": 605.6401283172937,
                "height": 863.4538349372996
              },
              "_id": "6920c75853ca32933c90bde2"
            }
          ],
          "_id": "6920c75853ca32933c90bdd6"
        }
      ],
      "createdAt": "2025-12-02T22:33:50.675Z",
      "createdBy": "6920c55e53ca32933c90bd95",
      "changeDescription": "Initial version",
      "_id": "692f694e4eeb0ab41ee5714f"
    },
    {
      "version": 2,
      "pages": [
        {
          "title": "Slide 1",
          "layout": "single",
          "excludeFromPdf": false,
          "blocks": [
            {
              "type": "language_toggle",
              "props": {
                "radius": 40,
                "spacing": 12,
                "items": [
                  {
                    "code": "en",
                    "label": "English",
                    "logo": "https://upload.wikimedia.org/wikipedia/commons/a/a4/Flag_of_the_United_States.svg",
                    "active": false,
                    "levels": [
                      "PS"
                    ]
                  },
                  {
                    "code": "fr",
                    "label": "Français",
                    "logo": "https://upload.wikimedia.org/wikipedia/en/c/c3/Flag_of_France.svg",
                    "active": false,
                    "levels": [
                      "PS"
                    ]
                  },
                  {
                    "code": "ar",
                    "label": "العربية",
                    "logo": "https://upload.wikimedia.org/wikipedia/commons/5/59/Flag_of_Lebanon.svg",
                    "active": false,
                    "levels": [
                      "PS"
                    ]
                  }
                ],
                "x": 140,
                "y": 100,
                "z": 16
              },
              "_id": "692c16e9106792a8e7693cc6"
            },
            {
              "type": "language_toggle",
              "props": {
                "radius": 40,
                "spacing": 12,
                "items": [
                  {
                    "code": "en",
                    "label": "English",
                    "logo": "https://upload.wikimedia.org/wikipedia/commons/a/a4/Flag_of_the_United_States.svg",
                    "active": false,
                    "levels": [
                      "MS"
                    ]
                  },
                  {
                    "code": "fr",
                    "label": "Français",
                    "logo": "https://upload.wikimedia.org/wikipedia/en/c/c3/Flag_of_France.svg",
                    "active": false,
                    "levels": [
                      "MS"
                    ]
                  },
                  {
                    "code": "ar",
                    "label": "العربية",
                    "logo": "https://upload.wikimedia.org/wikipedia/commons/5/59/Flag_of_Lebanon.svg",
                    "active": false,
                    "levels": [
                      "MS"
                    ]
                  }
                ],
                "x": 330,
                "y": 100,
                "z": 18
              },
              "_id": "69334b6bc193954c69148451"
            },
            {
              "type": "language_toggle",
              "props": {
                "radius": 40,
                "spacing": 12,
                "items": [
                  {
                    "code": "en",
                    "label": "English",
                    "logo": "https://upload.wikimedia.org/wikipedia/commons/a/a4/Flag_of_the_United_States.svg",
                    "active": false,
                    "levels": [
                      "GS"
                    ]
                  },
                  {
                    "code": "fr",
                    "label": "Français",
                    "logo": "https://upload.wikimedia.org/wikipedia/en/c/c3/Flag_of_France.svg",
                    "active": false,
                    "levels": [
                      "GS"
                    ]
                  },
                  {
                    "code": "ar",
                    "label": "العربية",
                    "logo": "https://upload.wikimedia.org/wikipedia/commons/5/59/Flag_of_Lebanon.svg",
                    "active": false,
                    "levels": [
                      "GS"
                    ]
                  }
                ],
                "x": 490,
                "y": 80,
                "z": 20
              },
              "_id": "69334b6bc193954c69148452"
            },
            {
              "type": "dropdown",
              "props": {
                "label": "Menu déroulant",
                "options": [
                  "Option 1",
                  "Option 2"
                ],
                "variableName": "var1",
                "width": 200,
                "height": 40,
                "fontSize": 12,
                "color": "#333",
                "semesters": [
                  1
                ],
                "x": 470,
                "y": 560,
                "z": 21,
                "dropdownNumber": 1,
                "levels": [
                  "GS"
                ]
              },
              "_id": "69334e89c193954c69148d71"
            },
            {
              "type": "dropdown",
              "props": {
                "label": "Menu déroulant",
                "options": [
                  "Option 1",
                  "Option 2"
                ],
                "variableName": "var1",
                "width": 200,
                "height": 40,
                "fontSize": 12,
                "color": "#333",
                "semesters": [
                  1
                ],
                "x": 110,
                "y": 580,
                "z": 22,
                "dropdownNumber": 2,
                "levels": [
                  "MS"
                ]
              },
              "_id": "69334e89c193954c69148d72"
            },
            {
              "type": "dropdown",
              "props": {
                "label": "Menu déroulant",
                "options": [
                  "Option 1",
                  "Option 2"
                ],
                "variableName": "var1",
                "width": 200,
                "height": 40,
                "fontSize": 12,
                "color": "#333",
                "semesters": [
                  1
                ],
                "x": 110,
                "y": 450,
                "z": 23,
                "dropdownNumber": 3,
                "levels": [
                  "PS"
                ]
              },
              "_id": "69334e89c193954c69148d73"
            }
          ],
          "_id": "6920c75853ca32933c90bdbc"
        },
        {
          "title": "Slide 2",
          "layout": "single",
          "excludeFromPdf": true,
          "blocks": [
            {
              "type": "text",
              "props": {
                "text": "efsewewfwef",
                "x": 342.288597258676,
                "y": 148.0597258675999,
                "fontSize": 13,
                "color": "#000000",
                "width": 166.91805191017792
              },
              "_id": "6920c75853ca32933c90bdca"
            },
            {
              "type": "text",
              "props": {
                "text": "efsewewfwef",
                "x": 360.0663750364538,
                "y": 165.83750364537767,
                "fontSize": 13,
                "color": "#000000",
                "width": 166.91805191017792
              },
              "_id": "6920c75853ca32933c90bdcb"
            },
            {
              "type": "text",
              "props": {
                "text": "efsewewfwef",
                "x": 377.84415281423156,
                "y": 183.61528142315547,
                "fontSize": 13,
                "color": "#000000",
                "width": 166.91805191017792
              },
              "_id": "6920c75853ca32933c90bdcc"
            },
            {
              "type": "text",
              "props": {
                "text": "efsewewfwef",
                "x": 395.6219305920094,
                "y": 201.39305920093324,
                "fontSize": 13,
                "color": "#000000",
                "width": 166.91805191017792
              },
              "_id": "6920c75853ca32933c90bdcd"
            },
            {
              "type": "text",
              "props": {
                "text": "efsewewfwef",
                "x": 413.39970836978716,
                "y": 219.170836978711,
                "fontSize": 13,
                "color": "#000000",
                "width": 166.91805191017792
              },
              "_id": "6920c75853ca32933c90bdce"
            },
            {
              "type": "text",
              "props": {
                "text": "efsewewfwef",
                "x": 431.17748614756493,
                "y": 236.94861475648878,
                "fontSize": 13,
                "color": "#000000",
                "width": 166.91805191017792
              },
              "_id": "6920c75853ca32933c90bdcf"
            },
            {
              "type": "text",
              "props": {
                "text": "efsewewfwef",
                "x": 448.9552639253427,
                "y": 254.72639253426658,
                "fontSize": 13,
                "color": "#000000",
                "width": 166.91805191017792
              },
              "_id": "6920c75853ca32933c90bdd0"
            },
            {
              "type": "image",
              "props": {
                "url": "/uploads/media/imported-5ec1230e-ef93-4e2c-9030-e46581927cd1.png",
                "x": 0,
                "y": 380.46684164479444,
                "width": 800,
                "height": 394.6218722659668
              },
              "_id": "6920c75853ca32933c90bdd1"
            },
            {
              "type": "image",
              "props": {
                "url": "/uploads/media/imported-86b02905-d5b6-488d-95b5-c68effdebb2e.png",
                "x": 118.84957713619131,
                "y": 181.61131525226014,
                "width": 562.3007290755322,
                "height": 792.3328083989502
              },
              "_id": "6920c75853ca32933c90bdd2"
            },
            {
              "type": "image",
              "props": {
                "url": "/uploads/media/imported-9cf7968b-18d1-430f-84b1-dbc5c6929f6e.png",
                "x": 139.4079906678332,
                "y": 167.72050160396617,
                "width": 521.1839020122485,
                "height": 820.1144356955381
              },
              "_id": "6920c75853ca32933c90bdd3"
            },
            {
              "type": "image",
              "props": {
                "url": "/uploads/media/imported-cb2b5cd8-a007-4e7d-9ca3-1af89087b54d.png",
                "x": 212.75158938466026,
                "y": 564.9981918926801,
                "width": 374.49670457859435,
                "height": 25.559171770195395
              },
              "_id": "6920c75853ca32933c90bdd4"
            },
            {
              "type": "image",
              "props": {
                "url": "/uploads/media/imported-e738b566-d25a-49df-907b-72d022978417.png",
                "x": 49.13350831146107,
                "y": -133.91717701953922,
                "width": 605.6401283172937,
                "height": 863.4538349372996
              },
              "_id": "6920c75853ca32933c90bdd5"
            }
          ],
          "_id": "6920c75853ca32933c90bdc9"
        },
        {
          "title": "Slide 3",
          "layout": "single",
          "excludeFromPdf": false,
          "blocks": [
            {
              "type": "text",
              "props": {
                "text": "efsewewfwef",
                "x": 342.288597258676,
                "y": 148.0597258675999,
                "fontSize": 13,
                "color": "#000000",
                "width": 166.91805191017792
              },
              "_id": "6920c75853ca32933c90bdd7"
            },
            {
              "type": "text",
              "props": {
                "text": "efsewewfwef",
                "x": 360.0663750364538,
                "y": 165.83750364537767,
                "fontSize": 13,
                "color": "#000000",
                "width": 166.91805191017792
              },
              "_id": "6920c75853ca32933c90bdd8"
            },
            {
              "type": "text",
              "props": {
                "text": "efsewewfwef",
                "x": 377.84415281423156,
                "y": 183.61528142315547,
                "fontSize": 13,
                "color": "#000000",
                "width": 166.91805191017792
              },
              "_id": "6920c75853ca32933c90bdd9"
            },
            {
              "type": "text",
              "props": {
                "text": "efsewewfwef",
                "x": 395.6219305920094,
                "y": 201.39305920093324,
                "fontSize": 13,
                "color": "#000000",
                "width": 166.91805191017792
              },
              "_id": "6920c75853ca32933c90bdda"
            },
            {
              "type": "text",
              "props": {
                "text": "efsewewfwef",
                "x": 413.39970836978716,
                "y": 219.170836978711,
                "fontSize": 13,
                "color": "#000000",
                "width": 166.91805191017792
              },
              "_id": "6920c75853ca32933c90bddb"
            },
            {
              "type": "text",
              "props": {
                "text": "efsewewfwef",
                "x": 431.17748614756493,
                "y": 236.94861475648878,
                "fontSize": 13,
                "color": "#000000",
                "width": 166.91805191017792
              },
              "_id": "6920c75853ca32933c90bddc"
            },
            {
              "type": "text",
              "props": {
                "text": "efsewewfwef",
                "x": 448.9552639253427,
                "y": 254.72639253426658,
                "fontSize": 13,
                "color": "#000000",
                "width": 166.91805191017792
              },
              "_id": "6920c75853ca32933c90bddd"
            },
            {
              "type": "image",
              "props": {
                "url": "/uploads/media/imported-80a965e9-7698-42ba-95dc-59434dba3326.png",
                "x": 10,
                "y": 250,
                "width": 800,
                "height": 394.6218722659668
              },
              "_id": "6920c75853ca32933c90bdde"
            },
            {
              "type": "image",
              "props": {
                "url": "/uploads/media/imported-23a7babc-6369-45db-956e-fae687fbc763.png",
                "x": 118.84957713619131,
                "y": 181.61131525226014,
                "width": 562.3007290755322,
                "height": 792.3328083989502
              },
              "_id": "6920c75853ca32933c90bddf"
            },
            {
              "type": "image",
              "props": {
                "url": "/uploads/media/imported-55c013ca-4798-42c5-8c79-287db6b9db28.png",
                "x": 80,
                "y": 100,
                "width": 521.1839020122485,
                "height": 820.1144356955381
              },
              "_id": "6920c75853ca32933c90bde0"
            },
            {
              "type": "image",
              "props": {
                "url": "/uploads/media/imported-0868ec99-2fa9-4ddb-8c06-1a29d0ce33f3.png",
                "x": 212.75158938466026,
                "y": 564.9981918926801,
                "width": 374.49670457859435,
                "height": 25.559171770195395
              },
              "_id": "6920c75853ca32933c90bde1"
            },
            {
              "type": "image",
              "props": {
                "url": "/uploads/media/imported-5178f1f5-c7d1-4c7b-8be8-1388ad9fc8b5.png",
                "x": 240,
                "y": 430,
                "width": 605.6401283172937,
                "height": 863.4538349372996
              },
              "_id": "6920c75853ca32933c90bde2"
            }
          ],
          "_id": "6920c75853ca32933c90bdd6"
        }
      ],
      "createdAt": "2025-12-05T21:28:41.250Z",
      "createdBy": "6930bb7ce1d9875b43a0b096",
      "changeDescription": "Version 2",
      "_id": "69334e89c193954c69148d6c"
    }
  ]
}